2026-08-05 00:24:03,994 | INFO     | __main__                     | Loaded Persian genre database: 203 artists
2026-08-05 00:24:04,425 | INFO     | __main__                     | Music Suggest Bot v3 starting...
2026-08-05 00:24:06,017 | INFO     | user_prefs                   | [USER_DB] init_db: tables created; PATH=user_prefs.db
2026-08-05 00:24:06,025 | INFO     | feature_cache                | Feature cache initialized
2026-08-05 00:24:06,027 | INFO     | __main__                     | Bot initialized: Last.fm=OK
2026-08-05 00:24:06,191 | INFO     | telegram.ext.Application     | Application started
2026-08-05 00:25:20,439 | INFO     | __main__                     | [STEP 1] User 240082844: Received text: Bohemian Rhapsody...
2026-08-05 00:25:21,191 | INFO     | deezer_helper                | [DEEZER] search query='Bohemian Rhapsody' limit=5
2026-08-05 00:25:22,312 | INFO     | deezer_helper                | [DEEZER] search query='Bohemian Rhapsody' -> 5 results
2026-08-05 00:25:22,313 | INFO     | __main__                     | [SEARCH] raw=5, clean-first reorder done -> 5 shown
2026-08-05 00:25:22,313 | INFO     | deezer_helper                | [DEEZER] search query='artist:Queen' limit=3
2026-08-05 00:25:22,686 | INFO     | deezer_helper                | [DEEZER] search query='artist:Queen' -> 3 results
2026-08-05 00:25:25,085 | INFO     | __main__                     | Callback received: chat_id=240082844, data=pick_original
2026-08-05 00:25:25,476 | INFO     | deezer_helper                | [DEEZER] search query='Bohemian Rhapsody' limit=10
2026-08-05 00:25:25,794 | INFO     | deezer_helper                | [DEEZER] search query='Bohemian Rhapsody' -> 10 results
2026-08-05 00:25:25,794 | INFO     | deezer_helper                | [DEEZER] get_track id=4091937401
2026-08-05 00:25:26,451 | INFO     | deezer_helper                | [DEEZER] get_track id=4091937401 -> Queen - Bohemian Rhapsody (genres=[])
2026-08-05 00:25:26,452 | INFO     | __main__                     | Fetched full track: Queen - Bohemian Rhapsody (genres: [], artist_id: 412)
2026-08-05 00:25:26,453 | INFO     | deezer_helper                | [DEEZER] search query='Queen' limit=10
2026-08-05 00:25:26,740 | INFO     | deezer_helper                | [DEEZER] search query='Queen' -> 10 results
2026-08-05 00:25:26,741 | INFO     | __main__                     | Search 'Queen': found 10 tracks, best ID=412 (count=10)
2026-08-05 00:25:26,951 | INFO     | feature_cache                | [CACHE] Looking up features for track ID: 4091937401
2026-08-05 00:25:26,954 | INFO     | feature_cache                | [CACHE] ✓ Cache HIT for track ID: 4091937401
2026-08-05 00:25:26,955 | INFO     | feature_cache                | [CACHE]   Audio: BPM=143.6, Energy=0.0805
2026-08-05 00:25:26,956 | INFO     | feature_cache                | [CACHE]   MusicBrainz: 46fe768c-7b38-4147-9f02-815b9f0759e2
2026-08-05 00:25:26,956 | INFO     | feature_cache                | [CACHE]   Last.fm tags: classic rock, rock, Queen
2026-08-05 00:25:26,958 | INFO     | __main__                     | Cache hit for: Queen - Bohemian Rhapsody
2026-08-05 00:25:26,958 | INFO     | __main__                     | [FLOW] main track analyzed: audio=True acoustic=False
2026-08-05 00:25:28,780 | INFO     | lastfm_client                | Last.fm found 10 similar tracks for Queen - Bohemian Rhapsody
2026-08-05 00:25:28,780 | INFO     | __main__                     | [FLOW] Last.fm similar for Bohemian Rhapsody: 10 found
2026-08-05 00:25:28,780 | INFO     | deezer_helper                | [DEEZER] search query="Don't Stop Me Now Queen" limit=1
2026-08-05 00:25:29,094 | INFO     | deezer_helper                | [DEEZER] search query="Don't Stop Me Now Queen" -> 1 results
2026-08-05 00:25:29,095 | INFO     | deezer_helper                | [DEEZER] search query='Another One Bites the Dust Queen' limit=1
2026-08-05 00:25:29,453 | INFO     | deezer_helper                | [DEEZER] search query='Another One Bites the Dust Queen' -> 1 results
2026-08-05 00:25:29,453 | INFO     | deezer_helper                | [DEEZER] search query='Dream On Aerosmith' limit=1
2026-08-05 00:25:29,775 | INFO     | deezer_helper                | [DEEZER] search query='Dream On Aerosmith' -> 1 results
2026-08-05 00:25:29,775 | INFO     | deezer_helper                | [DEEZER] search query='Stairway to Heaven Led Zeppelin' limit=1
2026-08-05 00:25:30,088 | INFO     | deezer_helper                | [DEEZER] search query='Stairway to Heaven Led Zeppelin' -> 1 results
2026-08-05 00:25:30,088 | INFO     | deezer_helper                | [DEEZER] search query='Mr. Blue Sky Electric Light Orchestra' limit=1
2026-08-05 00:25:30,383 | INFO     | deezer_helper                | [DEEZER] search query='Mr. Blue Sky Electric Light Orchestra' -> 1 results
2026-08-05 00:25:30,383 | INFO     | deezer_helper                | [DEEZER] search query='Starman David Bowie' limit=1
2026-08-05 00:25:30,680 | INFO     | deezer_helper                | [DEEZER] search query='Starman David Bowie' -> 1 results
2026-08-05 00:25:30,680 | INFO     | deezer_helper                | [DEEZER] search query='Under Pressure Queen & David Bowie' limit=1
2026-08-05 00:25:30,961 | INFO     | deezer_helper                | [DEEZER] search query='Under Pressure Queen & David Bowie' -> 1 results
2026-08-05 00:25:30,962 | INFO     | deezer_helper                | [DEEZER] search query="Livin' on a Prayer Bon Jovi" limit=1
2026-08-05 00:25:31,307 | INFO     | deezer_helper                | [DEEZER] search query="Livin' on a Prayer Bon Jovi" -> 1 results
2026-08-05 00:25:31,307 | INFO     | deezer_helper                | [DEEZER] get_similar id=4091937401 limit=20
2026-08-05 00:25:31,550 | INFO     | deezer_helper                | [DEEZER] get_similar id=4091937401 -> 0 results
2026-08-05 00:25:31,550 | INFO     | __main__                     | [FLOW] Deezer radio for Bohemian Rhapsody: found 0 tracks
2026-08-05 00:25:31,551 | INFO     | deezer_helper                | [DEEZER] get_artist_top id=412 limit=10
2026-08-05 00:25:31,908 | INFO     | deezer_helper                | [DEEZER] get_artist_top id=412 -> 10 results
2026-08-05 00:25:31,909 | INFO     | __main__                     | Same artist tracks for Queen (ID: 412): 10 found
2026-08-05 00:25:31,909 | INFO     | __main__                     |   Added same artist: Queen - I Want To Break Free (Single Remix)
2026-08-05 00:25:31,909 | INFO     | __main__                     |   Added same artist: Queen - Don't Stop Me Now
2026-08-05 00:25:31,909 | INFO     | __main__                     |   Added same artist: Queen - Another One Bites The Dust
2026-08-05 00:25:31,910 | INFO     | __main__                     |   Added same artist: Queen - I Want It All
2026-08-05 00:25:31,910 | INFO     | __main__                     |   Added same artist: Queen - Killer Queen
2026-08-05 00:25:31,910 | INFO     | __main__                     |   Added same artist: Queen - Radio Ga Ga (Live in Budapest)
2026-08-05 00:25:31,911 | INFO     | __main__                     |   Added same artist: Queen - The Show Must Go On
2026-08-05 00:25:31,911 | INFO     | __main__                     |   Added same artist: Queen - Friends Will Be Friends
2026-08-05 00:25:31,911 | INFO     | __main__                     | Same artist tracks found: 8
2026-08-05 00:25:31,912 | INFO     | __main__                     | Different artist tracks found: 5
2026-08-05 00:25:31,912 | INFO     | __main__                     | Total similar tracks: 6
2026-08-05 00:25:31,913 | INFO     | feature_cache                | [CACHE] Looking up features for track ID: 4092326621
2026-08-05 00:25:31,913 | INFO     | feature_cache                | [CACHE] Looking up features for track ID: 4092329741
2026-08-05 00:25:31,914 | INFO     | feature_cache                | [CACHE] Looking up features for track ID: 4092324041
2026-08-05 00:25:31,916 | INFO     | feature_cache                | [CACHE] ✓ Cache HIT for track ID: 4092329741
2026-08-05 00:25:31,917 | INFO     | feature_cache                | [CACHE]   Audio: BPM=152.0, Energy=0.2076
2026-08-05 00:25:31,917 | INFO     | feature_cache                | [CACHE]   MusicBrainz: 6c7bf247-ffb3-4d56-9f9e-b297abd9dd67
2026-08-05 00:25:31,917 | INFO     | feature_cache                | [CACHE]   Last.fm tags: classic rock, rock, Queen
2026-08-05 00:25:31,918 | INFO     | feature_cache                | [CACHE] ✓ Cache HIT for track ID: 4092324041
2026-08-05 00:25:31,919 | INFO     | feature_cache                | [CACHE]   Audio: BPM=112.3, Energy=0.1733
2026-08-05 00:25:31,919 | INFO     | feature_cache                | [CACHE]   MusicBrainz: 4ef32b7c-e77c-4799-9245-74e74ff5f102
2026-08-05 00:25:31,919 | INFO     | feature_cache                | [CACHE]   Last.fm tags: classic rock, rock, 80s
2026-08-05 00:25:31,921 | INFO     | __main__                     | Cache hit for: Queen - Don't Stop Me Now
2026-08-05 00:25:31,921 | INFO     | feature_cache                | [CACHE] Looking up features for track ID: 2431707315
2026-08-05 00:25:31,922 | INFO     | __main__                     | Cache hit for: Queen - Another One Bites The Dust
2026-08-05 00:25:31,922 | INFO     | feature_cache                | [CACHE] Looking up features for track ID: 88003859
2026-08-05 00:25:31,924 | INFO     | feature_cache                | [CACHE] ✓ Cache HIT for track ID: 2431707315
2026-08-05 00:25:31,925 | INFO     | feature_cache                | [CACHE]   Audio: BPM=76.0, Energy=0.1105
2026-08-05 00:25:31,925 | INFO     | feature_cache                | [CACHE]   MusicBrainz: e37f58f9-37d3-486c-8b7f-3cc0f6633926
2026-08-05 00:25:31,925 | INFO     | feature_cache                | [CACHE]   Last.fm tags: classic rock, rock, hard rock
2026-08-05 00:25:31,926 | INFO     | feature_cache                | [CACHE] ✓ Cache HIT for track ID: 88003859
2026-08-05 00:25:31,928 | INFO     | __main__                     | Cache hit for: Aerosmith - Dream On
2026-08-05 00:25:31,929 | INFO     | feature_cache                | [CACHE] Looking up features for track ID: 112662184
2026-08-05 00:25:31,930 | INFO     | feature_cache                | [CACHE] ✓ Cache HIT for track ID: 4092326621
2026-08-05 00:25:31,930 | INFO     | feature_cache                | [CACHE]   Audio: BPM=107.7, Energy=0.1294
2026-08-05 00:25:31,931 | INFO     | __main__                     | Cache entry without features for Led Zeppelin - Stairway to Heaven (Remaster), re-analyzing (track 88003859)
2026-08-05 00:25:31,931 | INFO     | __main__                     | Analyzing track: Led Zeppelin - Stairway to Heaven (Remaster) (fast=True)
2026-08-05 00:25:31,933 | INFO     | feature_cache                | [CACHE] Cache MISS for track ID: 112662184
2026-08-05 00:25:31,934 | INFO     | __main__                     | Cache hit for: Queen - I Want To Break Free (Single Remix)
2026-08-05 00:25:31,935 | INFO     | __main__                     | Analyzing track: Electric Light Orchestra - Mr. Blue Sky (fast=True)
2026-08-05 00:25:32,752 | INFO     | musicbrainz_client           | No MusicBrainz recording found for Led Zeppelin - Stairway to Heaven (Remaster)
2026-08-05 00:25:32,753 | INFO     | __main__                     | Analysis results for Led Zeppelin - Stairway to Heaven (Remaster):
2026-08-05 00:25:32,754 | INFO     | __main__                     |   Audio features: SKIPPED
2026-08-05 00:25:32,754 | INFO     | __main__                     |   MusicBrainz: NOT FOUND
2026-08-05 00:25:32,754 | INFO     | __main__                     |   AcousticBrainz: NOT FOUND
2026-08-05 00:25:32,754 | WARNING  | __main__                     | [FLOW] candidate analysis failed for Led Zeppelin - Stairway to Heaven (Remaster): 'NoneType' object has no attribute 'get'
2026-08-05 00:25:33,097 | WARNING  | musicbrainz_client           | MusicBrainz search failed: 503
2026-08-05 00:25:33,098 | INFO     | __main__                     | Analysis results for Electric Light Orchestra - Mr. Blue Sky:
2026-08-05 00:25:33,098 | INFO     | __main__                     |   Audio features: SKIPPED
2026-08-05 00:25:33,099 | INFO     | __main__                     |   MusicBrainz: NOT FOUND
2026-08-05 00:25:33,099 | INFO     | __main__                     |   AcousticBrainz: NOT FOUND
2026-08-05 00:25:33,099 | WARNING  | __main__                     | [FLOW] candidate analysis failed for Electric Light Orchestra - Mr. Blue Sky: 'NoneType' object has no attribute 'get'
2026-08-05 00:25:33,100 | INFO     | __main__                     | [FLOW] candidate features ready: 4/6
2026-08-05 00:25:33,100 | INFO     | __main__                     | Similarity calc: target_audio=YES, target_acoustic=NO, candidates=6
2026-08-05 00:25:33,103 | INFO     | __main__                     | Similarity scores: [('I Want To Break Free (Single Remix)', 0.8303368775034323), ('Another One Bites The Dust', 0.8113152103863006), ('Dream On', 0.7645981829624984)]
2026-08-05 00:25:33,104 | INFO     | __main__                     | Building features - target_audio: YES, genres: []
2026-08-05 00:25:33,106 | INFO     | __main__                     | [GENRE] Deezer genres empty for Queen - Bohemian Rhapsody
2026-08-05 00:25:33,400 | INFO     | lastfm_client                | Last.fm artist tags for Queen: ['classic rock', 'rock', 'hard rock', 'glam rock', '80s']
2026-08-05 00:25:33,401 | INFO     | __main__                     | [GENRE] Last.fm genre for Queen: classic rock
2026-08-05 00:26:10,247 | INFO     | __main__                     | [STEP 1] User 240082844: Received text: 📋 My Playlist...
2026-08-05 00:26:10,256 | INFO     | user_prefs                   | [PLAYLIST_DB] get_user_playlist user=240082844 -> 0 rows
2026-08-05 00:26:15,392 | INFO     | __main__                     | [STEP 1] User 240082844: Received text: ➕ Add to Playlist...
2026-08-05 00:26:15,392 | INFO     | __main__                     | [STEP 2] User 240082844: Entering playlist mode
2026-08-05 00:26:43,182 | INFO     | __main__                     | [STEP 1] User 240082844: Received text: ✅ Done (5 songs)...
2026-08-05 00:26:43,182 | INFO     | __main__                     | [STEP 3] User 240082844: Done button pressed, starting processing
2026-08-05 00:26:43,182 | INFO     | __main__                     | [STEP 4] User 240082844: Starting processing
2026-08-05 00:26:43,183 | INFO     | __main__                     | [STEP 4] User 240082844: Got 5 pending songs
2026-08-05 00:26:43,183 | INFO     | __main__                     | [STEP 4] User 240082844: Parsed 5 songs from input
2026-08-05 00:26:43,184 | INFO     | __main__                     | [STEP 5] User 240082844: Cleaned 5 songs
2026-08-05 00:26:43,548 | INFO     | __main__                     | [STEP 6] User 240082844: Processing 1/5: '02 The Heavy   What Makes A Good Man?' -> 'The Heavy What Makes A Good Man?'
2026-08-05 00:26:43,800 | INFO     | __main__                     | [STEP 6] User 240082844: Searching Deezer for: The Heavy What Makes A Good Man?
2026-08-05 00:26:43,800 | INFO     | deezer_helper                | [DEEZER] search query='The Heavy What Makes A Good Man?' limit=3
2026-08-05 00:26:44,476 | INFO     | deezer_helper                | [DEEZER] search query='The Heavy What Makes A Good Man?' -> 3 results
2026-08-05 00:26:44,476 | INFO     | __main__                     | [STEP 6] User 240082844: Found: What Makes A Good Man? - The Heavy
2026-08-05 00:26:44,476 | INFO     | __main__                     | [STEP 6] User 240082844: Is Persian: False
2026-08-05 00:26:44,477 | INFO     | __main__                     | [STEP 6] User 240082844: Analyzing features (librosa)...
2026-08-05 00:26:44,477 | INFO     | feature_cache                | [CACHE] Looking up features for track ID: 18435591
2026-08-05 00:26:44,478 | INFO     | feature_cache                | [CACHE] Cache MISS for track ID: 18435591
2026-08-05 00:26:44,479 | INFO     | __main__                     | Analyzing track: The Heavy - What Makes A Good Man? (fast=False)
2026-08-05 00:26:44,480 | INFO     | audio_analyzer               | Downloading preview: https://cdnt-preview.dzcdn.net/api/1/1/c/1/9/0/c199bb54befbbff3b185ff4b47c78273.mp3?hdnea=exp=1785877906~acl=/api/1/1/c/1/9/0/c199bb54befbbff3b185ff4b47c78273.mp3*~data=user_id=0,application_id=42~hmac=6b5d2bbc96cb3602e4fb8f8bceb72539d588939473e03c63af86a814f052c893
2026-08-05 00:26:45,877 | INFO     | musicbrainz_client           | Found MusicBrainz ID: e614f23f-2086-4c58-af33-b4d4c1e45413 for The Heavy - What Makes A Good Man?
2026-08-05 00:26:46,577 | INFO     | audio_analyzer               | Downloaded 479827 bytes
2026-08-05 00:26:46,578 | INFO     | audio_analyzer               | Running librosa analysis...
2026-08-05 00:26:46,589 | INFO     | audio_analyzer               | [LIBROSA] Starting feature extraction...
2026-08-05 00:26:46,591 | INFO     | audio_analyzer               | [LIBROSA] Temp file created: C:\Users\Saeid\AppData\Local\Temp\tmpjbfpu408.mp3 (479827 bytes)
2026-08-05 00:26:46,593 | INFO     | audio_analyzer               | [LIBROSA] Loading audio file...
2026-08-05 00:26:53,309 | INFO     | audio_analyzer               | [LIBROSA] Audio loaded: 30.0 seconds, 22050 Hz sample rate
2026-08-05 00:26:53,310 | INFO     | audio_analyzer               | [LIBROSA] Extracting BPM...
2026-08-05 00:26:56,957 | INFO     | audio_analyzer               | [LIBROSA] BPM: 92.3
2026-08-05 00:26:56,957 | INFO     | audio_analyzer               | [LIBROSA] Extracting MFCCs (timbre)...
2026-08-05 00:26:57,025 | INFO     | audio_analyzer               | [LIBROSA] MFCCs extracted: 13 coefficients
2026-08-05 00:26:57,026 | INFO     | audio_analyzer               | [LIBROSA] Extracting chroma (harmonics)...
2026-08-05 00:26:57,189 | INFO     | audio_analyzer               | [LIBROSA] Chroma extracted: 12 pitch classes
2026-08-05 00:26:57,190 | INFO     | audio_analyzer               | [LIBROSA] Extracting spectral features...
2026-08-05 00:26:57,585 | INFO     | audio_analyzer               | [LIBROSA] Spectral: centroid=2745.7, rolloff=6013.6, bandwidth=2801.6
2026-08-05 00:26:57,586 | INFO     | audio_analyzer               | [LIBROSA] Extracting energy (RMS)...
2026-08-05 00:26:57,596 | INFO     | audio_analyzer               | [LIBROSA] Energy: mean=0.2001, var=0.0103
2026-08-05 00:26:57,596 | INFO     | audio_analyzer               | [LIBROSA] Extracting onset rate...
2026-08-05 00:26:57,661 | INFO     | audio_analyzer               | [LIBROSA] Onset rate: 2.1650
2026-08-05 00:26:57,698 | INFO     | audio_analyzer               | [LIBROSA] Inferring musical key...
2026-08-05 00:26:57,698 | INFO     | audio_analyzer               | [LIBROSA] Key: A
2026-08-05 00:26:57,699 | INFO     | audio_analyzer               | [LIBROSA] Inferring scale (major/minor)...
2026-08-05 00:26:57,701 | INFO     | audio_analyzer               | [LIBROSA] Scale: minor (major=-0.07, minor=-0.01)
2026-08-05 00:26:57,703 | INFO     | audio_analyzer               | Analyzed audio: BPM=92.3, RMS=0.200
2026-08-05 00:26:57,703 | INFO     | __main__                     | Analysis results for The Heavy - What Makes A Good Man?:
2026-08-05 00:26:57,703 | INFO     | __main__                     |   Audio features: OK
2026-08-05 00:26:57,703 | INFO     | __main__                     |   MusicBrainz: OK
2026-08-05 00:26:57,704 | INFO     | __main__                     |   AcousticBrainz: NOT FOUND
2026-08-05 00:26:57,704 | INFO     | __main__                     |   Last.fm tags: 0
2026-08-05 00:26:57,704 | INFO     | feature_cache                | [CACHE] Saving features for: The Heavy - What Makes A Good Man? (ID: 18435591)
2026-08-05 00:26:57,704 | INFO     | feature_cache                | [CACHE] Audio features: BPM=92.3, Energy=0.2001, MFCCs=13 coefficients
2026-08-05 00:26:57,704 | INFO     | feature_cache                | [CACHE] AcousticBrainz: NONE
2026-08-05 00:26:57,704 | INFO     | feature_cache                | [CACHE] MusicBrainz ID: e614f23f-2086-4c58-af33-b4d4c1e45413
2026-08-05 00:26:57,705 | INFO     | feature_cache                | [CACHE] Last.fm tags: NONE
2026-08-05 00:26:57,713 | INFO     | feature_cache                | [CACHE] ✓ Saved successfully for: The Heavy - What Makes A Good Man?
2026-08-05 00:26:57,726 | INFO     | feature_cache                | Exported 86 tracks to cached_songs.json
2026-08-05 00:26:57,726 | INFO     | __main__                     | [STEP 6] User 240082844: Features OK: BPM=92.28515625
2026-08-05 00:26:57,727 | INFO     | deezer_helper                | [DEEZER] get_similar id=18435591 limit=5
2026-08-05 00:26:57,974 | INFO     | deezer_helper                | [DEEZER] get_similar id=18435591 -> 0 results
2026-08-05 00:26:57,974 | INFO     | user_prefs                   | [PLAYLIST_DB] add_to_user_playlist user=240082844 track=18435591 (What Makes A Good Man? - The Heavy) bpm=92.28515625 energy=0.20011219382286072 valence=0 genre='' persian=False similar=0
2026-08-05 00:26:57,986 | INFO     | user_prefs                   | [PLAYLIST_DB] added OK user=240082844 track=18435591
2026-08-05 00:26:57,988 | INFO     | __main__                     | [STEP 7] User 240082844: Added: What Makes A Good Man? - The Heavy (genre: )
2026-08-05 00:26:57,989 | INFO     | __main__                     | [STEP 6] User 240082844: Processing 2/5: 'The Who   The Seeker' -> 'The Who The Seeker'
2026-08-05 00:26:58,673 | INFO     | __main__                     | [STEP 6] User 240082844: Searching Deezer for: The Who The Seeker
2026-08-05 00:26:58,674 | INFO     | deezer_helper                | [DEEZER] search query='The Who The Seeker' limit=3
2026-08-05 00:26:58,951 | INFO     | deezer_helper                | [DEEZER] search query='The Who The Seeker' -> 3 results
2026-08-05 00:26:58,952 | INFO     | __main__                     | [STEP 6] User 240082844: Found: The Seeker (Edit) - The Who
2026-08-05 00:26:58,952 | INFO     | __main__                     | [STEP 6] User 240082844: Is Persian: False
2026-08-05 00:26:58,952 | INFO     | __main__                     | [STEP 6] User 240082844: Analyzing features (librosa)...
2026-08-05 00:26:58,952 | INFO     | feature_cache                | [CACHE] Looking up features for track ID: 65414413
2026-08-05 00:26:58,954 | INFO     | feature_cache                | [CACHE] Cache MISS for track ID: 65414413
2026-08-05 00:26:58,956 | INFO     | __main__                     | Analyzing track: The Who - The Seeker (Edit) (fast=False)
2026-08-05 00:26:58,956 | INFO     | audio_analyzer               | Downloading preview: https://cdnt-preview.dzcdn.net/api/1/1/d/4/2/0/d42b0a77d8d39833c8c10d5afed8cc5c.mp3?hdnea=exp=1785877920~acl=/api/1/1/d/4/2/0/d42b0a77d8d39833c8c10d5afed8cc5c.mp3*~data=user_id=0,application_id=42~hmac=f41c5f119f8d0319e3a9ea7171ce6cbd7f091ecd1aefae1201681f2605187825
2026-08-05 00:26:59,527 | INFO     | musicbrainz_client           | No MusicBrainz recording found for The Who - The Seeker (Edit)
2026-08-05 00:27:00,496 | INFO     | audio_analyzer               | Downloaded 479827 bytes
2026-08-05 00:27:00,497 | INFO     | audio_analyzer               | Running librosa analysis...
2026-08-05 00:27:00,498 | INFO     | audio_analyzer               | [LIBROSA] Starting feature extraction...
2026-08-05 00:27:00,499 | INFO     | audio_analyzer               | [LIBROSA] Temp file created: C:\Users\Saeid\AppData\Local\Temp\tmp3jibckxj.mp3 (479827 bytes)
2026-08-05 00:27:00,499 | INFO     | audio_analyzer               | [LIBROSA] Loading audio file...
2026-08-05 00:27:00,606 | INFO     | audio_analyzer               | [LIBROSA] Audio loaded: 30.0 seconds, 22050 Hz sample rate
2026-08-05 00:27:00,609 | INFO     | audio_analyzer               | [LIBROSA] Extracting BPM...
2026-08-05 00:27:00,730 | INFO     | audio_analyzer               | [LIBROSA] BPM: 89.1
2026-08-05 00:27:00,731 | INFO     | audio_analyzer               | [LIBROSA] Extracting MFCCs (timbre)...
2026-08-05 00:27:00,793 | INFO     | audio_analyzer               | [LIBROSA] MFCCs extracted: 13 coefficients
2026-08-05 00:27:00,793 | INFO     | audio_analyzer               | [LIBROSA] Extracting chroma (harmonics)...
2026-08-05 00:27:00,928 | INFO     | audio_analyzer               | [LIBROSA] Chroma extracted: 12 pitch classes
2026-08-05 00:27:00,928 | INFO     | audio_analyzer               | [LIBROSA] Extracting spectral features...
2026-08-05 00:27:01,310 | INFO     | audio_analyzer               | [LIBROSA] Spectral: centroid=2335.8, rolloff=4739.7, bandwidth=2302.0
2026-08-05 00:27:01,311 | INFO     | audio_analyzer               | [LIBROSA] Extracting energy (RMS)...
2026-08-05 00:27:01,322 | INFO     | audio_analyzer               | [LIBROSA] Energy: mean=0.1082, var=0.0007
2026-08-05 00:27:01,323 | INFO     | audio_analyzer               | [LIBROSA] Extracting onset rate...
2026-08-05 00:27:01,385 | INFO     | audio_analyzer               | [LIBROSA] Onset rate: 1.4206
2026-08-05 00:27:01,424 | INFO     | audio_analyzer               | [LIBROSA] Inferring musical key...
2026-08-05 00:27:01,424 | INFO     | audio_analyzer               | [LIBROSA] Key: A
2026-08-05 00:27:01,424 | INFO     | audio_analyzer               | [LIBROSA] Inferring scale (major/minor)...
2026-08-05 00:27:01,425 | INFO     | audio_analyzer               | [LIBROSA] Scale: major (major=0.38, minor=-0.28)
2026-08-05 00:27:01,426 | INFO     | audio_analyzer               | Analyzed audio: BPM=89.1, RMS=0.108
2026-08-05 00:27:01,426 | INFO     | __main__                     | Analysis results for The Who - The Seeker (Edit):
2026-08-05 00:27:01,427 | INFO     | __main__                     |   Audio features: OK
2026-08-05 00:27:01,427 | INFO     | __main__                     |   MusicBrainz: NOT FOUND
2026-08-05 00:27:01,427 | INFO     | __main__                     |   AcousticBrainz: NOT FOUND
2026-08-05 00:27:01,427 | INFO     | __main__                     |   Last.fm tags: 0
2026-08-05 00:27:01,428 | INFO     | feature_cache                | [CACHE] Saving features for: The Who - The Seeker (Edit) (ID: 65414413)
2026-08-05 00:27:01,428 | INFO     | feature_cache                | [CACHE] Audio features: BPM=89.1, Energy=0.1082, MFCCs=13 coefficients
2026-08-05 00:27:01,428 | INFO     | feature_cache                | [CACHE] AcousticBrainz: NONE
2026-08-05 00:27:01,429 | INFO     | feature_cache                | [CACHE] MusicBrainz ID: NONE
2026-08-05 00:27:01,429 | INFO     | feature_cache                | [CACHE] Last.fm tags: NONE
2026-08-05 00:27:01,438 | INFO     | feature_cache                | [CACHE] ✓ Saved successfully for: The Who - The Seeker (Edit)
2026-08-05 00:27:01,451 | INFO     | feature_cache                | Exported 87 tracks to cached_songs.json
2026-08-05 00:27:01,452 | INFO     | __main__                     | [STEP 6] User 240082844: Features OK: BPM=89.10290948275862
2026-08-05 00:27:01,452 | INFO     | deezer_helper                | [DEEZER] get_similar id=65414413 limit=5
2026-08-05 00:27:01,875 | INFO     | deezer_helper                | [DEEZER] get_similar id=65414413 -> 0 results
2026-08-05 00:27:01,876 | INFO     | user_prefs                   | [PLAYLIST_DB] add_to_user_playlist user=240082844 track=65414413 (The Seeker (Edit) - The Who) bpm=89.10290948275862 energy=0.10818611085414886 valence=0 genre='' persian=False similar=0
2026-08-05 00:27:01,887 | INFO     | user_prefs                   | [PLAYLIST_DB] added OK user=240082844 track=65414413
2026-08-05 00:27:01,888 | INFO     | __main__                     | [STEP 7] User 240082844: Added: The Seeker (Edit) - The Who (genre: )
2026-08-05 00:27:01,888 | INFO     | __main__                     | [STEP 6] User 240082844: Processing 3/5: 'Fairuz   Wa Habibi' -> 'Fairuz Wa Habibi'
2026-08-05 00:27:02,187 | INFO     | __main__                     | [STEP 6] User 240082844: Searching Deezer for: Fairuz Wa Habibi
2026-08-05 00:27:02,187 | INFO     | deezer_helper                | [DEEZER] search query='Fairuz Wa Habibi' limit=3
2026-08-05 00:27:02,489 | INFO     | deezer_helper                | [DEEZER] search query='Fairuz Wa Habibi' -> 3 results
2026-08-05 00:27:02,489 | INFO     | __main__                     | [STEP 6] User 240082844: Found: Wa Habibi - Fairuz
2026-08-05 00:27:02,490 | INFO     | __main__                     | [STEP 6] User 240082844: Is Persian: False
2026-08-05 00:27:02,490 | INFO     | __main__                     | [STEP 6] User 240082844: Analyzing features (librosa)...
2026-08-05 00:27:02,490 | INFO     | feature_cache                | [CACHE] Looking up features for track ID: 78569736
2026-08-05 00:27:02,493 | INFO     | feature_cache                | [CACHE] Cache MISS for track ID: 78569736
2026-08-05 00:27:02,494 | INFO     | __main__                     | Analyzing track: Fairuz - Wa Habibi (fast=False)
2026-08-05 00:27:02,494 | INFO     | audio_analyzer               | Downloading preview: https://cdnt-preview.dzcdn.net/api/1/1/d/8/7/0/d878654b541ac86ddaaf99e472fcfced.mp3?hdnea=exp=1785877924~acl=/api/1/1/d/8/7/0/d878654b541ac86ddaaf99e472fcfced.mp3*~data=user_id=0,application_id=42~hmac=6c470cc2e062838cd8c16f076dcfe367afb171386acebd1ff5a3500acd1f59cc
2026-08-05 00:27:05,440 | INFO     | audio_analyzer               | Downloaded 479827 bytes
2026-08-05 00:27:05,441 | INFO     | audio_analyzer               | Running librosa analysis...
2026-08-05 00:27:05,441 | INFO     | audio_analyzer               | [LIBROSA] Starting feature extraction...
2026-08-05 00:27:05,442 | INFO     | audio_analyzer               | [LIBROSA] Temp file created: C:\Users\Saeid\AppData\Local\Temp\tmpvvxzsmwn.mp3 (479827 bytes)
2026-08-05 00:27:05,443 | INFO     | audio_analyzer               | [LIBROSA] Loading audio file...
2026-08-05 00:27:05,538 | INFO     | audio_analyzer               | [LIBROSA] Audio loaded: 30.0 seconds, 22050 Hz sample rate
2026-08-05 00:27:05,538 | INFO     | audio_analyzer               | [LIBROSA] Extracting BPM...
2026-08-05 00:27:05,660 | INFO     | audio_analyzer               | [LIBROSA] BPM: 172.3
2026-08-05 00:27:05,661 | INFO     | audio_analyzer               | [LIBROSA] Extracting MFCCs (timbre)...
2026-08-05 00:27:05,742 | INFO     | audio_analyzer               | [LIBROSA] MFCCs extracted: 13 coefficients
2026-08-05 00:27:05,742 | INFO     | audio_analyzer               | [LIBROSA] Extracting chroma (harmonics)...
2026-08-05 00:27:05,863 | INFO     | audio_analyzer               | [LIBROSA] Chroma extracted: 12 pitch classes
2026-08-05 00:27:05,864 | INFO     | audio_analyzer               | [LIBROSA] Extracting spectral features...
2026-08-05 00:27:06,242 | INFO     | audio_analyzer               | [LIBROSA] Spectral: centroid=808.8, rolloff=1247.7, bandwidth=1224.8
2026-08-05 00:27:06,243 | INFO     | audio_analyzer               | [LIBROSA] Extracting energy (RMS)...
2026-08-05 00:27:06,252 | INFO     | audio_analyzer               | [LIBROSA] Energy: mean=0.0748, var=0.0017
2026-08-05 00:27:06,252 | INFO     | audio_analyzer               | [LIBROSA] Extracting onset rate...
2026-08-05 00:27:06,353 | INFO     | audio_analyzer               | [LIBROSA] Onset rate: 0.8158
2026-08-05 00:27:06,384 | INFO     | audio_analyzer               | [LIBROSA] Inferring musical key...
2026-08-05 00:27:06,385 | INFO     | audio_analyzer               | [LIBROSA] Key: F
2026-08-05 00:27:06,385 | INFO     | audio_analyzer               | [LIBROSA] Inferring scale (major/minor)...
2026-08-05 00:27:06,386 | INFO     | audio_analyzer               | [LIBROSA] Scale: major (major=0.34, minor=-0.01)
2026-08-05 00:27:06,387 | INFO     | audio_analyzer               | Analyzed audio: BPM=172.3, RMS=0.075
2026-08-05 00:27:08,858 | INFO     | musicbrainz_client           | Found MusicBrainz ID: 4fa9e617-d767-4e96-a8b8-7b18b60168db for Fairuz - Wa Habibi
2026-08-05 00:27:09,712 | INFO     | __main__                     | Analysis results for Fairuz - Wa Habibi:
2026-08-05 00:27:09,714 | INFO     | __main__                     |   Audio features: OK
2026-08-05 00:27:09,714 | INFO     | __main__                     |   MusicBrainz: OK
2026-08-05 00:27:09,715 | INFO     | __main__                     |   AcousticBrainz: NOT FOUND
2026-08-05 00:27:09,715 | INFO     | __main__                     |   Last.fm tags: 0
2026-08-05 00:27:09,715 | INFO     | feature_cache                | [CACHE] Saving features for: Fairuz - Wa Habibi (ID: 78569736)
2026-08-05 00:27:09,717 | INFO     | feature_cache                | [CACHE] Audio features: BPM=172.3, Energy=0.0748, MFCCs=13 coefficients
2026-08-05 00:27:09,717 | INFO     | feature_cache                | [CACHE] AcousticBrainz: NONE
2026-08-05 00:27:09,717 | INFO     | feature_cache                | [CACHE] MusicBrainz ID: 4fa9e617-d767-4e96-a8b8-7b18b60168db
2026-08-05 00:27:09,718 | INFO     | feature_cache                | [CACHE] Last.fm tags: NONE
2026-08-05 00:27:09,726 | INFO     | feature_cache                | [CACHE] ✓ Saved successfully for: Fairuz - Wa Habibi
2026-08-05 00:27:09,741 | INFO     | feature_cache                | Exported 88 tracks to cached_songs.json
2026-08-05 00:27:09,741 | INFO     | __main__                     | [STEP 6] User 240082844: Features OK: BPM=172.265625
2026-08-05 00:27:09,741 | INFO     | deezer_helper                | [DEEZER] get_similar id=78569736 limit=5
2026-08-05 00:27:09,979 | INFO     | deezer_helper                | [DEEZER] get_similar id=78569736 -> 0 results
2026-08-05 00:27:09,979 | INFO     | user_prefs                   | [PLAYLIST_DB] add_to_user_playlist user=240082844 track=78569736 (Wa Habibi - Fairuz) bpm=172.265625 energy=0.07483935356140137 valence=0 genre='' persian=False similar=0
2026-08-05 00:27:09,987 | INFO     | user_prefs                   | [PLAYLIST_DB] added OK user=240082844 track=78569736
2026-08-05 00:27:09,987 | INFO     | __main__                     | [STEP 7] User 240082844: Added: Wa Habibi - Fairuz (genre: )
2026-08-05 00:27:09,988 | INFO     | __main__                     | [STEP 6] User 240082844: Processing 4/5: '04 Fairuz   Saaltak Habiby' -> 'Fairuz Saaltak Habiby'
2026-08-05 00:27:10,586 | INFO     | __main__                     | [STEP 6] User 240082844: Searching Deezer for: Fairuz Saaltak Habiby
2026-08-05 00:27:10,586 | INFO     | deezer_helper                | [DEEZER] search query='Fairuz Saaltak Habiby' limit=3
2026-08-05 00:27:10,866 | INFO     | deezer_helper                | [DEEZER] search query='Fairuz Saaltak Habiby' -> 2 results
2026-08-05 00:27:10,866 | INFO     | __main__                     | [STEP 6] User 240082844: Found: Saaltak Habiby - Fairuz
2026-08-05 00:27:10,867 | INFO     | __main__                     | [STEP 6] User 240082844: Is Persian: False
2026-08-05 00:27:10,867 | INFO     | __main__                     | [STEP 6] User 240082844: Analyzing features (librosa)...
2026-08-05 00:27:10,867 | INFO     | feature_cache                | [CACHE] Looking up features for track ID: 564173332
2026-08-05 00:27:10,869 | INFO     | feature_cache                | [CACHE] Cache MISS for track ID: 564173332
2026-08-05 00:27:10,870 | INFO     | __main__                     | Analyzing track: Fairuz - Saaltak Habiby (fast=False)
2026-08-05 00:27:10,870 | INFO     | audio_analyzer               | Downloading preview: https://cdnt-preview.dzcdn.net/api/1/1/1/8/1/0/1818bd120ab9e8d6fbcebe5128a925a5.mp3?hdnea=exp=1785877932~acl=/api/1/1/1/8/1/0/1818bd120ab9e8d6fbcebe5128a925a5.mp3*~data=user_id=0,application_id=42~hmac=500450f54f8935906506a6eb312476e345c2c6f01b3efaace4d3bdd19c5ad77c
2026-08-05 00:27:11,950 | INFO     | musicbrainz_client           | Found MusicBrainz ID: 5a5aea91-1571-4ecd-a4bd-37a7b2d79fb9 for Fairuz - Saaltak Habiby
2026-08-05 00:27:12,700 | INFO     | audio_analyzer               | Downloaded 479827 bytes
2026-08-05 00:27:12,701 | INFO     | audio_analyzer               | Running librosa analysis...
2026-08-05 00:27:12,701 | INFO     | audio_analyzer               | [LIBROSA] Starting feature extraction...
2026-08-05 00:27:12,702 | INFO     | audio_analyzer               | [LIBROSA] Temp file created: C:\Users\Saeid\AppData\Local\Temp\tmp4srvwbdd.mp3 (479827 bytes)
2026-08-05 00:27:12,703 | INFO     | audio_analyzer               | [LIBROSA] Loading audio file...
2026-08-05 00:27:12,796 | INFO     | audio_analyzer               | [LIBROSA] Audio loaded: 30.0 seconds, 22050 Hz sample rate
2026-08-05 00:27:12,796 | INFO     | audio_analyzer               | [LIBROSA] Extracting BPM...
2026-08-05 00:27:12,924 | INFO     | audio_analyzer               | [LIBROSA] BPM: 92.3
2026-08-05 00:27:12,925 | INFO     | audio_analyzer               | [LIBROSA] Extracting MFCCs (timbre)...
2026-08-05 00:27:12,990 | INFO     | audio_analyzer               | [LIBROSA] MFCCs extracted: 13 coefficients
2026-08-05 00:27:12,991 | INFO     | audio_analyzer               | [LIBROSA] Extracting chroma (harmonics)...
2026-08-05 00:27:13,141 | INFO     | audio_analyzer               | [LIBROSA] Chroma extracted: 12 pitch classes
2026-08-05 00:27:13,141 | INFO     | audio_analyzer               | [LIBROSA] Extracting spectral features...
2026-08-05 00:27:13,526 | INFO     | audio_analyzer               | [LIBROSA] Spectral: centroid=2441.7, rolloff=4690.3, bandwidth=2270.0
2026-08-05 00:27:13,527 | INFO     | audio_analyzer               | [LIBROSA] Extracting energy (RMS)...
2026-08-05 00:27:13,537 | INFO     | audio_analyzer               | [LIBROSA] Energy: mean=0.1409, var=0.0018
2026-08-05 00:27:13,537 | INFO     | audio_analyzer               | [LIBROSA] Extracting onset rate...
2026-08-05 00:27:13,620 | INFO     | audio_analyzer               | [LIBROSA] Onset rate: 1.3657
2026-08-05 00:27:13,654 | INFO     | audio_analyzer               | [LIBROSA] Inferring musical key...
2026-08-05 00:27:13,654 | INFO     | audio_analyzer               | [LIBROSA] Key: G#
2026-08-05 00:27:13,654 | INFO     | audio_analyzer               | [LIBROSA] Inferring scale (major/minor)...
2026-08-05 00:27:13,655 | INFO     | audio_analyzer               | [LIBROSA] Scale: minor (major=-0.26, minor=-0.04)
2026-08-05 00:27:13,656 | INFO     | audio_analyzer               | Analyzed audio: BPM=92.3, RMS=0.141
2026-08-05 00:27:13,656 | INFO     | __main__                     | Analysis results for Fairuz - Saaltak Habiby:
2026-08-05 00:27:13,656 | INFO     | __main__                     |   Audio features: OK
2026-08-05 00:27:13,657 | INFO     | __main__                     |   MusicBrainz: OK
2026-08-05 00:27:13,657 | INFO     | __main__                     |   AcousticBrainz: NOT FOUND
2026-08-05 00:27:13,657 | INFO     | __main__                     |   Last.fm tags: 0
2026-08-05 00:27:13,657 | INFO     | feature_cache                | [CACHE] Saving features for: Fairuz - Saaltak Habiby (ID: 564173332)
2026-08-05 00:27:13,658 | INFO     | feature_cache                | [CACHE] Audio features: BPM=92.3, Energy=0.1409, MFCCs=13 coefficients
2026-08-05 00:27:13,658 | INFO     | feature_cache                | [CACHE] AcousticBrainz: NONE
2026-08-05 00:27:13,658 | INFO     | feature_cache                | [CACHE] MusicBrainz ID: 5a5aea91-1571-4ecd-a4bd-37a7b2d79fb9
2026-08-05 00:27:13,658 | INFO     | feature_cache                | [CACHE] Last.fm tags: NONE
2026-08-05 00:27:13,666 | INFO     | feature_cache                | [CACHE] ✓ Saved successfully for: Fairuz - Saaltak Habiby
2026-08-05 00:27:13,680 | INFO     | feature_cache                | Exported 89 tracks to cached_songs.json
2026-08-05 00:27:13,682 | INFO     | __main__                     | [STEP 6] User 240082844: Features OK: BPM=92.28515625
2026-08-05 00:27:13,682 | INFO     | deezer_helper                | [DEEZER] get_similar id=564173332 limit=5
2026-08-05 00:27:13,934 | INFO     | deezer_helper                | [DEEZER] get_similar id=564173332 -> 0 results
2026-08-05 00:27:13,934 | INFO     | user_prefs                   | [PLAYLIST_DB] add_to_user_playlist user=240082844 track=564173332 (Saaltak Habiby - Fairuz) bpm=92.28515625 energy=0.14093714952468872 valence=0 genre='' persian=False similar=0
2026-08-05 00:27:13,943 | INFO     | user_prefs                   | [PLAYLIST_DB] added OK user=240082844 track=564173332
2026-08-05 00:27:13,943 | INFO     | __main__                     | [STEP 7] User 240082844: Added: Saaltak Habiby - Fairuz (genre: )
2026-08-05 00:27:13,943 | INFO     | __main__                     | [STEP 6] User 240082844: Processing 5/5: 'Ana La Habibi   Fayrouz. Cover by Amal ElSakka' -> 'Ana La Habibi Fayrouz. Cover by Amal ElSakka'
2026-08-05 00:27:14,152 | INFO     | __main__                     | [STEP 6] User 240082844: Searching Deezer for: Ana La Habibi Fayrouz. Cover by Amal ElSakka
2026-08-05 00:27:14,152 | INFO     | deezer_helper                | [DEEZER] search query='Ana La Habibi Fayrouz. Cover by Amal ElSakka' limit=3
2026-08-05 00:27:14,464 | INFO     | deezer_helper                | [DEEZER] search query='Ana La Habibi Fayrouz. Cover by Amal ElSakka' -> 0 results
2026-08-05 00:27:14,464 | INFO     | __main__                     | [STEP 6] User 240082844: No results for: Ana La Habibi Fayrouz. Cover by Amal ElSakka
2026-08-05 00:27:14,464 | INFO     | __main__                     | [STEP 7] User 240082844: Processing complete: 4/5 added, 4 recognized, 1 failed
2026-08-05 00:27:14,465 | INFO     | user_prefs                   | [PLAYLIST_DB] get_user_taste_profile user=240082844
2026-08-05 00:27:14,471 | INFO     | user_prefs                   | [PLAYLIST_DB] taste_profile user=240082844 -> bpm=111.5 energy=0.13 valence=0.00 tracks=4 genres=[] persian=0 english=4
2026-08-05 00:27:14,472 | INFO     | __main__                     | [STEP 9] User 240082844: Taste profile: 4 tracks, genres: {}
2026-08-05 00:27:14,472 | INFO     | __main__                     | [STEP 8] User 240082844: Saving playlist to database
2026-08-05 00:27:14,872 | INFO     | __main__                     | [STEP 8] User 240082844: Results sent successfully
2026-08-05 00:27:28,586 | INFO     | __main__                     | [STEP 1] User 240082844: Received text: 📋 My Playlist...
2026-08-05 00:27:28,594 | INFO     | user_prefs                   | [PLAYLIST_DB] get_user_playlist user=240082844 -> 4 rows
2026-08-05 00:27:28,596 | WARNING  | __main__                     | Unhandled error: too many values to unpack (expected 8)
2026-08-05 00:27:41,399 | INFO     | __main__                     | [STEP 1] User 240082844: Received text: 📋 My Playlist...
2026-08-05 00:27:41,406 | INFO     | user_prefs                   | [PLAYLIST_DB] get_user_playlist user=240082844 -> 4 rows
2026-08-05 00:27:41,407 | WARNING  | __main__                     | Unhandled error: too many values to unpack (expected 8)
2026-08-05 00:51:09,988 | INFO     | __main__                     | Loaded Persian genre database: 203 artists
2026-08-05 00:51:10,413 | INFO     | __main__                     | Music Suggest Bot v3 starting...
2026-08-05 00:51:10,959 | INFO     | user_prefs                   | [USER_DB] init_db: tables created; PATH=user_prefs.db
2026-08-05 00:51:10,964 | INFO     | feature_cache                | Feature cache initialized
2026-08-05 00:51:10,965 | INFO     | __main__                     | Bot initialized: Last.fm=OK
2026-08-05 00:51:11,306 | INFO     | telegram.ext.Application     | Application started
2026-08-05 00:51:21,732 | INFO     | __main__                     | [STEP 1] User 240082844: Received text: 📋 My Playlist...
2026-08-05 00:51:21,744 | INFO     | user_prefs                   | [PLAYLIST_DB] get_user_playlist user=240082844 -> 0 rows
2026-08-05 00:51:33,428 | INFO     | deezer_helper                | [DEEZER] search query='What Makes A Good Man? The Heavy' limit=5
2026-08-05 00:51:34,458 | INFO     | deezer_helper                | [DEEZER] search query='What Makes A Good Man? The Heavy' -> 3 results
2026-08-05 00:51:35,217 | INFO     | deezer_helper                | [DEEZER] search query='The Seeker The Who' limit=5
2026-08-05 00:51:35,497 | INFO     | deezer_helper                | [DEEZER] search query='The Seeker The Who' -> 5 results
2026-08-05 00:51:36,752 | INFO     | deezer_helper                | [DEEZER] search query='Wa Habibi Fairuz' limit=5
2026-08-05 00:51:37,061 | INFO     | deezer_helper                | [DEEZER] search query='Wa Habibi Fairuz' -> 2 results
2026-08-05 00:51:37,982 | INFO     | deezer_helper                | [DEEZER] search query='Saaltak Habiby Fairuz' limit=5
2026-08-05 00:51:38,304 | INFO     | deezer_helper                | [DEEZER] search query='Saaltak Habiby Fairuz' -> 2 results
2026-08-05 00:51:39,219 | INFO     | deezer_helper                | [DEEZER] search query='Fayrouz. Cover by Amal ElSakka Ana La Habibi' limit=5
2026-08-05 00:51:39,535 | INFO     | deezer_helper                | [DEEZER] search query='Fayrouz. Cover by Amal ElSakka Ana La Habibi' -> 0 results
2026-08-05 00:52:00,709 | INFO     | __main__                     | Callback received: chat_id=240082844, data=pick_original
2026-08-05 00:52:00,887 | WARNING  | __main__                     | Unhandled error: Query is too old and response timeout expired or query id is invalid
2026-08-05 00:52:00,888 | INFO     | __main__                     | Callback received: chat_id=240082844, data=pick_original
2026-08-05 00:52:01,075 | WARNING  | __main__                     | Unhandled error: Query is too old and response timeout expired or query id is invalid
2026-08-05 00:52:01,076 | INFO     | __main__                     | Callback received: chat_id=240082844, data=pick_original
2026-08-05 00:52:01,256 | WARNING  | __main__                     | Unhandled error: Query is too old and response timeout expired or query id is invalid
2026-08-05 00:52:03,664 | INFO     | __main__                     | Callback received: chat_id=240082844, data=pick_original
2026-08-05 00:52:04,099 | INFO     | deezer_helper                | [DEEZER] search query='Saaltak Habiby Fairuz' limit=10
2026-08-05 00:52:05,227 | INFO     | deezer_helper                | [DEEZER] search query='Saaltak Habiby Fairuz' -> 2 results
2026-08-05 00:52:05,228 | INFO     | deezer_helper                | [DEEZER] get_track id=564173332
2026-08-05 00:52:05,750 | INFO     | deezer_helper                | [DEEZER] get_track id=564173332 -> Fairuz - Saaltak Habiby (genres=[])
2026-08-05 00:52:05,750 | INFO     | __main__                     | Fetched full track: Fairuz - Saaltak Habiby (genres: [], artist_id: 211187)
2026-08-05 00:52:05,751 | INFO     | deezer_helper                | [DEEZER] search query='Fairuz' limit=10
2026-08-05 00:52:06,100 | INFO     | deezer_helper                | [DEEZER] search query='Fairuz' -> 10 results
2026-08-05 00:52:06,101 | INFO     | __main__                     | Search 'Fairuz': found 10 tracks, best ID=211187 (count=9)
2026-08-05 00:52:06,295 | INFO     | feature_cache                | [CACHE] Looking up features for track ID: 564173332
2026-08-05 00:52:06,300 | INFO     | feature_cache                | [CACHE] ✓ Cache HIT for track ID: 564173332
2026-08-05 00:52:06,300 | INFO     | feature_cache                | [CACHE]   Audio: BPM=92.3, Energy=0.1409
2026-08-05 00:52:06,300 | INFO     | feature_cache                | [CACHE]   MusicBrainz: 5a5aea91-1571-4ecd-a4bd-37a7b2d79fb9
2026-08-05 00:52:06,302 | INFO     | __main__                     | Cache hit for: Fairuz - Saaltak Habiby
2026-08-05 00:52:06,302 | INFO     | __main__                     | [FLOW] main track analyzed: audio=True acoustic=False
2026-08-05 00:52:07,249 | INFO     | lastfm_client                | Last.fm found 10 similar tracks for Fairuz - Saaltak Habiby
2026-08-05 00:52:07,250 | INFO     | __main__                     | [FLOW] Last.fm similar for Saaltak Habiby: 10 found
2026-08-05 00:52:07,250 | INFO     | deezer_helper                | [DEEZER] search query='Habbaitak Be El Saif - Live Fairuz' limit=1
2026-08-05 00:52:07,552 | INFO     | deezer_helper                | [DEEZER] search query='Habbaitak Be El Saif - Live Fairuz' -> 1 results
2026-08-05 00:52:07,552 | INFO     | deezer_helper                | [DEEZER] search query='Rageen Ya Hawa Fairuz' limit=1
2026-08-05 00:52:07,843 | INFO     | deezer_helper                | [DEEZER] search query='Rageen Ya Hawa Fairuz' -> 1 results
2026-08-05 00:52:07,843 | INFO     | deezer_helper                | [DEEZER] search query='Beiny We Beinak - Live Hoda Haddad' limit=1
2026-08-05 00:52:08,154 | INFO     | deezer_helper                | [DEEZER] search query='Beiny We Beinak - Live Hoda Haddad' -> 1 results
2026-08-05 00:52:08,154 | INFO     | deezer_helper                | [DEEZER] search query='Matrahak Bi Albi Majida El Roumi' limit=1
2026-08-05 00:52:08,480 | INFO     | deezer_helper                | [DEEZER] search query='Matrahak Bi Albi Majida El Roumi' -> 1 results
2026-08-05 00:52:08,480 | INFO     | deezer_helper                | [DEEZER] search query='Koul Chi Aam Yekhlass Majida El Roumi' limit=1
2026-08-05 00:52:08,799 | INFO     | deezer_helper                | [DEEZER] search query='Koul Chi Aam Yekhlass Majida El Roumi' -> 1 results
2026-08-05 00:52:08,799 | INFO     | deezer_helper                | [DEEZER] search query='Yay Yay Ya Nassini Georgette Sayegh' limit=1
2026-08-05 00:52:09,108 | INFO     | deezer_helper                | [DEEZER] search query='Yay Yay Ya Nassini Georgette Sayegh' -> 1 results
2026-08-05 00:52:09,108 | INFO     | deezer_helper                | [DEEZER] search query='Ahwak Abdel Halim Hafez' limit=1
2026-08-05 00:52:09,426 | INFO     | deezer_helper                | [DEEZER] search query='Ahwak Abdel Halim Hafez' -> 1 results
2026-08-05 00:52:09,427 | INFO     | deezer_helper                | [DEEZER] search query='Awel marra Abdel Halim Hafez' limit=1
2026-08-05 00:52:09,748 | INFO     | deezer_helper                | [DEEZER] search query='Awel marra Abdel Halim Hafez' -> 1 results
2026-08-05 00:52:09,748 | INFO     | deezer_helper                | [DEEZER] get_similar id=564173332 limit=20
2026-08-05 00:52:10,011 | INFO     | deezer_helper                | [DEEZER] get_similar id=564173332 -> 0 results
2026-08-05 00:52:10,011 | INFO     | __main__                     | [FLOW] Deezer radio for Saaltak Habiby: found 0 tracks
2026-08-05 00:52:10,012 | INFO     | deezer_helper                | [DEEZER] get_artist_top id=211187 limit=10
2026-08-05 00:52:10,325 | INFO     | deezer_helper                | [DEEZER] get_artist_top id=211187 -> 10 results
2026-08-05 00:52:10,325 | INFO     | __main__                     | Same artist tracks for Fairuz (ID: 211187): 10 found
2026-08-05 00:52:10,326 | INFO     | __main__                     |   Added same artist: Fairuz - Le Beirut
2026-08-05 00:52:10,326 | INFO     | __main__                     |   Added same artist: Soolking - Koula Youm
2026-08-05 00:52:10,327 | INFO     | __main__                     |   Added same artist: Fairuz - Aloula
2026-08-05 00:52:10,327 | INFO     | __main__                     |   Added same artist: Fairuz - Kifak Inta
2026-08-05 00:52:10,327 | INFO     | __main__                     |   Added same artist: Fairuz - El Bosta
2026-08-05 00:52:10,328 | INFO     | __main__                     |   Added same artist: Fairuz - Nassam Alayna El Hawa
2026-08-05 00:52:10,328 | INFO     | __main__                     |   Added same artist: Fairuz - Ana Le Habiby
2026-08-05 00:52:10,328 | INFO     | __main__                     |   Added same artist: Fairuz - Yemken
2026-08-05 00:52:10,329 | INFO     | __main__                     |   Added same artist: Fairuz - Zahret El Madaen
2026-08-05 00:52:10,329 | INFO     | __main__                     |   Added same artist: Fairuz - Baadak Ala Baly
2026-08-05 00:52:10,329 | INFO     | __main__                     | Same artist tracks found: 10
2026-08-05 00:52:10,329 | INFO     | __main__                     | Different artist tracks found: 5
2026-08-05 00:52:10,330 | INFO     | __main__                     | Total similar tracks: 6
2026-08-05 00:52:10,330 | INFO     | feature_cache                | [CACHE] Looking up features for track ID: 3119300
2026-08-05 00:52:10,331 | INFO     | feature_cache                | [CACHE] Looking up features for track ID: 3424139671
2026-08-05 00:52:10,332 | INFO     | feature_cache                | [CACHE] Looking up features for track ID: 97733314
2026-08-05 00:52:10,334 | INFO     | feature_cache                | [CACHE] Cache MISS for track ID: 3424139671
2026-08-05 00:52:10,335 | INFO     | feature_cache                | [CACHE] Cache MISS for track ID: 97733314
2026-08-05 00:52:10,337 | INFO     | __main__                     | Analyzing track: Soolking - Koula Youm (fast=True)
2026-08-05 00:52:10,337 | INFO     | __main__                     | Analyzing track: Fairuz - Aloula (fast=True)
2026-08-05 00:52:10,341 | INFO     | feature_cache                | [CACHE] Cache MISS for track ID: 3119300
2026-08-05 00:52:10,344 | INFO     | __main__                     | Analyzing track: Fairuz - Le Beirut (fast=True)
2026-08-05 00:52:11,730 | INFO     | musicbrainz_client           | No MusicBrainz recording found for Fairuz - Le Beirut
2026-08-05 00:52:11,730 | INFO     | __main__                     | Analysis results for Fairuz - Le Beirut:
2026-08-05 00:52:11,731 | INFO     | __main__                     |   Audio features: SKIPPED
2026-08-05 00:52:11,731 | INFO     | __main__                     |   MusicBrainz: NOT FOUND
2026-08-05 00:52:11,731 | INFO     | __main__                     |   AcousticBrainz: NOT FOUND
2026-08-05 00:52:11,731 | WARNING  | __main__                     | [FLOW] candidate analysis failed for Fairuz - Le Beirut: 'NoneType' object has no attribute 'get'
2026-08-05 00:52:11,732 | INFO     | feature_cache                | [CACHE] Looking up features for track ID: 880397242
2026-08-05 00:52:11,735 | INFO     | feature_cache                | [CACHE] Cache MISS for track ID: 880397242
2026-08-05 00:52:11,737 | INFO     | __main__                     | Analyzing track: Magida El Roumi - Matrahak Bi Albi (fast=True)
2026-08-05 00:52:14,421 | INFO     | musicbrainz_client           | Found MusicBrainz ID: 729d3a3c-012e-41d1-b9ae-73788dfaea8a for Fairuz - Aloula
2026-08-05 00:52:15,275 | INFO     | __main__                     | Analysis results for Fairuz - Aloula:
2026-08-05 00:52:15,275 | INFO     | __main__                     |   Audio features: SKIPPED
2026-08-05 00:52:15,277 | INFO     | __main__                     |   MusicBrainz: OK
2026-08-05 00:52:15,277 | INFO     | __main__                     |   AcousticBrainz: NOT FOUND
2026-08-05 00:52:15,277 | WARNING  | __main__                     | [FLOW] candidate analysis failed for Fairuz - Aloula: 'NoneType' object has no attribute 'get'
2026-08-05 00:52:15,278 | INFO     | feature_cache                | [CACHE] Looking up features for track ID: 880397252
2026-08-05 00:52:15,282 | INFO     | feature_cache                | [CACHE] Cache MISS for track ID: 880397252
2026-08-05 00:52:15,283 | INFO     | __main__                     | Analyzing track: Magida El Roumi - Koul Chi Aam Yekhlass (fast=True)
2026-08-05 00:52:16,111 | INFO     | musicbrainz_client           | No MusicBrainz recording found for Magida El Roumi - Koul Chi Aam Yekhlass
2026-08-05 00:52:16,111 | INFO     | __main__                     | Analysis results for Magida El Roumi - Koul Chi Aam Yekhlass:
2026-08-05 00:52:16,112 | INFO     | __main__                     |   Audio features: SKIPPED
2026-08-05 00:52:16,112 | INFO     | __main__                     |   MusicBrainz: NOT FOUND
2026-08-05 00:52:16,112 | INFO     | __main__                     |   AcousticBrainz: NOT FOUND
2026-08-05 00:52:16,112 | WARNING  | __main__                     | [FLOW] candidate analysis failed for Magida El Roumi - Koul Chi Aam Yekhlass: 'NoneType' object has no attribute 'get'
2026-08-05 00:52:16,113 | INFO     | feature_cache                | [CACHE] Looking up features for track ID: 863811482
2026-08-05 00:52:16,115 | INFO     | feature_cache                | [CACHE] Cache MISS for track ID: 863811482
2026-08-05 00:52:16,117 | INFO     | __main__                     | Analyzing track: Georgette Sayegh - Yay Yay Ya Nassini (fast=True)
2026-08-05 00:52:20,545 | INFO     | musicbrainz_client           | Found MusicBrainz ID: f3062cbd-9a29-44cc-b7dd-9cb636a56d35 for Georgette Sayegh - Yay Yay Ya Nassini
2026-08-05 00:52:20,858 | INFO     | __main__                     | Analysis results for Georgette Sayegh - Yay Yay Ya Nassini:
2026-08-05 00:52:20,858 | INFO     | __main__                     |   Audio features: SKIPPED
2026-08-05 00:52:20,859 | INFO     | __main__                     |   MusicBrainz: OK
2026-08-05 00:52:20,859 | INFO     | __main__                     |   AcousticBrainz: NOT FOUND
2026-08-05 00:52:20,859 | WARNING  | __main__                     | [FLOW] candidate analysis failed for Georgette Sayegh - Yay Yay Ya Nassini: 'NoneType' object has no attribute 'get'
2026-08-05 00:52:20,983 | ERROR    | musicbrainz_client           | MusicBrainz search error: 
2026-08-05 00:52:20,984 | INFO     | __main__                     | Analysis results for Soolking - Koula Youm:
2026-08-05 00:52:20,984 | INFO     | __main__                     |   Audio features: SKIPPED
2026-08-05 00:52:20,984 | INFO     | __main__                     |   MusicBrainz: NOT FOUND
2026-08-05 00:52:20,984 | INFO     | __main__                     |   AcousticBrainz: NOT FOUND
2026-08-05 00:52:20,985 | WARNING  | __main__                     | [FLOW] candidate analysis failed for Soolking - Koula Youm: 'NoneType' object has no attribute 'get'
2026-08-05 00:52:22,982 | ERROR    | musicbrainz_client           | MusicBrainz search error: 
2026-08-05 00:52:22,983 | INFO     | __main__                     | Analysis results for Magida El Roumi - Matrahak Bi Albi:
2026-08-05 00:52:22,984 | INFO     | __main__                     |   Audio features: SKIPPED
2026-08-05 00:52:22,984 | INFO     | __main__                     |   MusicBrainz: NOT FOUND
2026-08-05 00:52:22,985 | INFO     | __main__                     |   AcousticBrainz: NOT FOUND
2026-08-05 00:52:22,985 | WARNING  | __main__                     | [FLOW] candidate analysis failed for Magida El Roumi - Matrahak Bi Albi: 'NoneType' object has no attribute 'get'
2026-08-05 00:52:22,985 | INFO     | __main__                     | [FLOW] candidate features ready: 0/6
2026-08-05 00:52:22,985 | INFO     | __main__                     | Similarity calc: target_audio=YES, target_acoustic=NO, candidates=6
2026-08-05 00:52:22,986 | INFO     | __main__                     | Similarity scores: [('Matrahak Bi Albi', 0.665384), ('Koul Chi Aam Yekhlass', 0.6416839999999999), ('Yay Yay Ya Nassini', 0.572702)]
2026-08-05 00:52:22,986 | INFO     | __main__                     | Building features - target_audio: YES, genres: []
2026-08-05 00:52:22,987 | INFO     | __main__                     | [GENRE] Deezer genres empty for Fairuz - Saaltak Habiby
2026-08-05 00:52:23,866 | INFO     | lastfm_client                | Last.fm artist tags for Fairuz: ['arabic', 'lebanese', 'female vocalists', 'world', 'Lebanon']
2026-08-05 00:53:12,930 | INFO     | __main__                     | [STEP 1] User 240082844: Received text: 📋 My Playlist...
2026-08-05 00:53:12,951 | INFO     | user_prefs                   | [PLAYLIST_DB] get_user_playlist user=240082844 -> 0 rows
2026-08-05 00:53:15,409 | INFO     | __main__                     | [STEP 1] User 240082844: Received text: ➕ Add to Playlist...
2026-08-05 00:53:15,410 | INFO     | __main__                     | [STEP 2] User 240082844: Entering playlist mode
2026-08-05 00:53:36,066 | INFO     | __main__                     | [STEP 1] User 240082844: Received text: ✅ Done (5 songs)...
2026-08-05 00:53:36,068 | INFO     | __main__                     | [STEP 3] User 240082844: Done button pressed, starting processing
2026-08-05 00:53:36,069 | INFO     | __main__                     | [STEP 4] User 240082844: Starting processing
2026-08-05 00:53:36,069 | INFO     | __main__                     | [STEP 4] User 240082844: Got 5 pending songs
2026-08-05 00:53:36,069 | INFO     | __main__                     | [STEP 4] User 240082844: Parsed 5 songs from input
2026-08-05 00:53:36,071 | INFO     | __main__                     | [STEP 5] User 240082844: Cleaned 5 songs
2026-08-05 00:53:36,387 | INFO     | __main__                     | [STEP 6] User 240082844: Processing 1/5: '02 The Heavy   What Makes A Good Man?' -> 'The Heavy What Makes A Good Man?'
2026-08-05 00:53:36,702 | INFO     | __main__                     | [STEP 6] User 240082844: Searching Deezer for: The Heavy What Makes A Good Man?
2026-08-05 00:53:36,703 | INFO     | deezer_helper                | [DEEZER] search query='The Heavy What Makes A Good Man?' limit=3
2026-08-05 00:53:37,529 | INFO     | deezer_helper                | [DEEZER] search query='The Heavy What Makes A Good Man?' -> 3 results
2026-08-05 00:53:37,530 | INFO     | __main__                     | [STEP 6] User 240082844: Found: What Makes A Good Man? - The Heavy
2026-08-05 00:53:37,531 | INFO     | __main__                     | [STEP 6] User 240082844: Is Persian: False
2026-08-05 00:53:37,532 | INFO     | __main__                     | [STEP 6] User 240082844: Analyzing features (librosa)...
2026-08-05 00:53:37,532 | INFO     | feature_cache                | [CACHE] Looking up features for track ID: 18435591
2026-08-05 00:53:37,538 | INFO     | feature_cache                | [CACHE] ✓ Cache HIT for track ID: 18435591
2026-08-05 00:53:37,540 | INFO     | feature_cache                | [CACHE]   Audio: BPM=92.3, Energy=0.2001
2026-08-05 00:53:37,540 | INFO     | feature_cache                | [CACHE]   MusicBrainz: e614f23f-2086-4c58-af33-b4d4c1e45413
2026-08-05 00:53:37,544 | INFO     | __main__                     | Cache hit for: The Heavy - What Makes A Good Man?
2026-08-05 00:53:37,544 | INFO     | __main__                     | [STEP 6] User 240082844: Features OK: BPM=92.28515625
2026-08-05 00:53:37,545 | INFO     | deezer_helper                | [DEEZER] get_similar id=18435591 limit=5
2026-08-05 00:53:37,778 | INFO     | deezer_helper                | [DEEZER] get_similar id=18435591 -> 0 results
2026-08-05 00:53:37,784 | INFO     | user_prefs                   | [PLAYLIST_DB] add_to_user_playlist user=240082844 track=18435591 (What Makes A Good Man? - The Heavy) bpm=92.28515625 energy=0.20011219382286072 valence=0 genre='' persian=False similar=0
2026-08-05 00:53:37,804 | INFO     | user_prefs                   | [PLAYLIST_DB] added OK user=240082844 track=18435591
2026-08-05 00:53:37,805 | INFO     | __main__                     | [STEP 7] User 240082844: Added: What Makes A Good Man? - The Heavy (genre: )
2026-08-05 00:53:37,805 | INFO     | __main__                     | [STEP 6] User 240082844: Processing 2/5: 'The Who   The Seeker' -> 'The Who The Seeker'
2026-08-05 00:53:38,392 | INFO     | __main__                     | [STEP 6] User 240082844: Searching Deezer for: The Who The Seeker
2026-08-05 00:53:38,393 | INFO     | deezer_helper                | [DEEZER] search query='The Who The Seeker' limit=3
2026-08-05 00:53:38,670 | INFO     | deezer_helper                | [DEEZER] search query='The Who The Seeker' -> 3 results
2026-08-05 00:53:38,670 | INFO     | __main__                     | [STEP 6] User 240082844: Found: The Seeker (Edit) - The Who
2026-08-05 00:53:38,671 | INFO     | __main__                     | [STEP 6] User 240082844: Is Persian: False
2026-08-05 00:53:38,671 | INFO     | __main__                     | [STEP 6] User 240082844: Analyzing features (librosa)...
2026-08-05 00:53:38,672 | INFO     | feature_cache                | [CACHE] Looking up features for track ID: 65414413
2026-08-05 00:53:38,674 | INFO     | feature_cache                | [CACHE] ✓ Cache HIT for track ID: 65414413
2026-08-05 00:53:38,674 | INFO     | feature_cache                | [CACHE]   Audio: BPM=89.1, Energy=0.1082
2026-08-05 00:53:38,676 | INFO     | __main__                     | Cache hit for: The Who - The Seeker (Edit)
2026-08-05 00:53:38,676 | INFO     | __main__                     | [STEP 6] User 240082844: Features OK: BPM=89.10290948275862
2026-08-05 00:53:38,677 | INFO     | deezer_helper                | [DEEZER] get_similar id=65414413 limit=5
2026-08-05 00:53:38,939 | INFO     | deezer_helper                | [DEEZER] get_similar id=65414413 -> 0 results
2026-08-05 00:53:38,939 | INFO     | user_prefs                   | [PLAYLIST_DB] add_to_user_playlist user=240082844 track=65414413 (The Seeker (Edit) - The Who) bpm=89.10290948275862 energy=0.10818611085414886 valence=0 genre='' persian=False similar=0
2026-08-05 00:53:38,950 | INFO     | user_prefs                   | [PLAYLIST_DB] added OK user=240082844 track=65414413
2026-08-05 00:53:38,951 | INFO     | __main__                     | [STEP 7] User 240082844: Added: The Seeker (Edit) - The Who (genre: )
2026-08-05 00:53:38,951 | INFO     | __main__                     | [STEP 6] User 240082844: Processing 3/5: 'Fairuz   Wa Habibi' -> 'Fairuz Wa Habibi'
2026-08-05 00:53:39,149 | INFO     | __main__                     | [STEP 6] User 240082844: Searching Deezer for: Fairuz Wa Habibi
2026-08-05 00:53:39,149 | INFO     | deezer_helper                | [DEEZER] search query='Fairuz Wa Habibi' limit=3
2026-08-05 00:53:39,431 | INFO     | deezer_helper                | [DEEZER] search query='Fairuz Wa Habibi' -> 3 results
2026-08-05 00:53:39,431 | INFO     | __main__                     | [STEP 6] User 240082844: Found: Wa Habibi - Fairuz
2026-08-05 00:53:39,432 | INFO     | __main__                     | [STEP 6] User 240082844: Is Persian: False
2026-08-05 00:53:39,432 | INFO     | __main__                     | [STEP 6] User 240082844: Analyzing features (librosa)...
2026-08-05 00:53:39,432 | INFO     | feature_cache                | [CACHE] Looking up features for track ID: 78569736
2026-08-05 00:53:39,434 | INFO     | feature_cache                | [CACHE] ✓ Cache HIT for track ID: 78569736
2026-08-05 00:53:39,435 | INFO     | feature_cache                | [CACHE]   Audio: BPM=172.3, Energy=0.0748
2026-08-05 00:53:39,435 | INFO     | feature_cache                | [CACHE]   MusicBrainz: 4fa9e617-d767-4e96-a8b8-7b18b60168db
2026-08-05 00:53:39,437 | INFO     | __main__                     | Cache hit for: Fairuz - Wa Habibi
2026-08-05 00:53:39,437 | INFO     | __main__                     | [STEP 6] User 240082844: Features OK: BPM=172.265625
2026-08-05 00:53:39,438 | INFO     | deezer_helper                | [DEEZER] get_similar id=78569736 limit=5
2026-08-05 00:53:39,703 | INFO     | deezer_helper                | [DEEZER] get_similar id=78569736 -> 0 results
2026-08-05 00:53:39,703 | INFO     | user_prefs                   | [PLAYLIST_DB] add_to_user_playlist user=240082844 track=78569736 (Wa Habibi - Fairuz) bpm=172.265625 energy=0.07483935356140137 valence=0 genre='' persian=False similar=0
2026-08-05 00:53:39,713 | INFO     | user_prefs                   | [PLAYLIST_DB] added OK user=240082844 track=78569736
2026-08-05 00:53:39,714 | INFO     | __main__                     | [STEP 7] User 240082844: Added: Wa Habibi - Fairuz (genre: )
2026-08-05 00:53:39,714 | INFO     | __main__                     | [STEP 6] User 240082844: Processing 4/5: '04 Fairuz   Saaltak Habiby' -> 'Fairuz Saaltak Habiby'
2026-08-05 00:53:39,926 | INFO     | __main__                     | [STEP 6] User 240082844: Searching Deezer for: Fairuz Saaltak Habiby
2026-08-05 00:53:39,927 | INFO     | deezer_helper                | [DEEZER] search query='Fairuz Saaltak Habiby' limit=3
2026-08-05 00:53:40,179 | INFO     | deezer_helper                | [DEEZER] search query='Fairuz Saaltak Habiby' -> 2 results
2026-08-05 00:53:40,179 | INFO     | __main__                     | [STEP 6] User 240082844: Found: Saaltak Habiby - Fairuz
2026-08-05 00:53:40,180 | INFO     | __main__                     | [STEP 6] User 240082844: Is Persian: False
2026-08-05 00:53:40,180 | INFO     | __main__                     | [STEP 6] User 240082844: Analyzing features (librosa)...
2026-08-05 00:53:40,180 | INFO     | feature_cache                | [CACHE] Looking up features for track ID: 564173332
2026-08-05 00:53:40,182 | INFO     | feature_cache                | [CACHE] ✓ Cache HIT for track ID: 564173332
2026-08-05 00:53:40,183 | INFO     | feature_cache                | [CACHE]   Audio: BPM=92.3, Energy=0.1409
2026-08-05 00:53:40,183 | INFO     | feature_cache                | [CACHE]   MusicBrainz: 5a5aea91-1571-4ecd-a4bd-37a7b2d79fb9
2026-08-05 00:53:40,185 | INFO     | __main__                     | Cache hit for: Fairuz - Saaltak Habiby
2026-08-05 00:53:40,185 | INFO     | __main__                     | [STEP 6] User 240082844: Features OK: BPM=92.28515625
2026-08-05 00:53:40,185 | INFO     | deezer_helper                | [DEEZER] get_similar id=564173332 limit=5
2026-08-05 00:53:40,461 | INFO     | deezer_helper                | [DEEZER] get_similar id=564173332 -> 0 results
2026-08-05 00:53:40,461 | INFO     | user_prefs                   | [PLAYLIST_DB] add_to_user_playlist user=240082844 track=564173332 (Saaltak Habiby - Fairuz) bpm=92.28515625 energy=0.14093714952468872 valence=0 genre='' persian=False similar=0
2026-08-05 00:53:40,472 | INFO     | user_prefs                   | [PLAYLIST_DB] added OK user=240082844 track=564173332
2026-08-05 00:53:40,472 | INFO     | __main__                     | [STEP 7] User 240082844: Added: Saaltak Habiby - Fairuz (genre: )
2026-08-05 00:53:40,473 | INFO     | __main__                     | [STEP 6] User 240082844: Processing 5/5: 'Ana La Habibi   Fayrouz. Cover by Amal ElSakka' -> 'Ana La Habibi Fayrouz. Cover by Amal ElSakka'
2026-08-05 00:53:40,683 | INFO     | __main__                     | [STEP 6] User 240082844: Searching Deezer for: Ana La Habibi Fayrouz. Cover by Amal ElSakka
2026-08-05 00:53:40,683 | INFO     | deezer_helper                | [DEEZER] search query='Ana La Habibi Fayrouz. Cover by Amal ElSakka' limit=3
2026-08-05 00:53:40,947 | INFO     | deezer_helper                | [DEEZER] search query='Ana La Habibi Fayrouz. Cover by Amal ElSakka' -> 0 results
2026-08-05 00:53:40,947 | INFO     | __main__                     | [STEP 6] User 240082844: No results for: Ana La Habibi Fayrouz. Cover by Amal ElSakka
2026-08-05 00:53:40,947 | INFO     | __main__                     | [STEP 7] User 240082844: Processing complete: 4/5 added, 4 recognized, 1 failed
2026-08-05 00:53:40,948 | INFO     | user_prefs                   | [PLAYLIST_DB] get_user_taste_profile user=240082844
2026-08-05 00:53:40,955 | INFO     | user_prefs                   | [PLAYLIST_DB] taste_profile user=240082844 -> bpm=111.5 energy=0.13 valence=0.00 tracks=4 genres=[] persian=0 english=4
2026-08-05 00:53:40,955 | INFO     | __main__                     | [STEP 9] User 240082844: Taste profile: 4 tracks, genres: {}
2026-08-05 00:53:40,956 | INFO     | __main__                     | [STEP 8] User 240082844: Saving playlist to database
2026-08-05 00:53:41,390 | INFO     | __main__                     | [STEP 8] User 240082844: Results sent successfully
2026-08-05 00:54:21,830 | INFO     | __main__                     | [STEP 1] User 240082844: Received text: 📋 My Playlist...
2026-08-05 00:54:21,840 | INFO     | user_prefs                   | [PLAYLIST_DB] get_user_playlist user=240082844 -> 4 rows
2026-08-05 01:56:36,719 | INFO     | __main__                     | Loaded Persian genre database: 203 artists
2026-08-05 01:56:37,047 | INFO     | __main__                     | Music Suggest Bot v3 starting...
2026-08-05 01:56:37,433 | INFO     | user_prefs                   | [USER_DB] init_db: tables created; PATH=user_prefs.db
2026-08-05 01:56:37,436 | INFO     | feature_cache                | Feature cache initialized
2026-08-05 01:56:37,437 | INFO     | __main__                     | Bot initialized: Last.fm=OK
2026-08-05 01:56:37,599 | INFO     | telegram.ext.Application     | Application started
2026-08-05 01:56:56,465 | INFO     | __main__                     | [STEP 1] User 240082844: Received text: ➕ Add to Playlist...
2026-08-05 01:56:56,467 | INFO     | __main__                     | [STEP 2] User 240082844: Entering playlist mode
2026-08-05 01:57:11,385 | INFO     | __main__                     | [STEP 1] User 240082844: Received text: ✅ Done (5 songs)...
2026-08-05 01:57:11,386 | INFO     | __main__                     | [STEP 3] User 240082844: Done button pressed, starting processing
2026-08-05 01:57:11,387 | INFO     | __main__                     | [STEP 4] User 240082844: Starting processing
2026-08-05 01:57:11,388 | INFO     | __main__                     | [STEP 4] User 240082844: Got 5 pending songs
2026-08-05 01:57:11,395 | INFO     | __main__                     | [STEP 4] User 240082844: Parsed 5 songs from input
2026-08-05 01:57:11,397 | INFO     | __main__                     | [STEP 5] User 240082844: Cleaned 5 songs
2026-08-05 01:57:11,673 | INFO     | __main__                     | [STEP 6] User 240082844: Processing 1/5: '02 The Heavy   What Makes A Good Man?' -> 'The Heavy What Makes A Good Man?'
2026-08-05 01:57:11,975 | INFO     | __main__                     | [STEP 6] User 240082844: Searching Deezer for: The Heavy What Makes A Good Man?
2026-08-05 01:57:11,976 | INFO     | deezer_helper                | [DEEZER] search query='The Heavy What Makes A Good Man?' limit=3
2026-08-05 01:57:13,021 | INFO     | deezer_helper                | [DEEZER] search query='The Heavy What Makes A Good Man?' -> 3 results
2026-08-05 01:57:13,021 | INFO     | __main__                     | [STEP 6] User 240082844: Found: What Makes A Good Man? - The Heavy
2026-08-05 01:57:13,021 | INFO     | deezer_helper                | [DEEZER] get_track id=18435591
2026-08-05 01:57:13,444 | INFO     | deezer_helper                | [DEEZER] get_track id=18435591 -> The Heavy - What Makes A Good Man? (genres=[])
2026-08-05 01:57:13,960 | INFO     | __main__                     | [STEP 6] User 240082844: Language: en (persian=False)
2026-08-05 01:57:13,960 | INFO     | __main__                     | [STEP 6] User 240082844: Analyzing features (librosa)...
2026-08-05 01:57:13,961 | INFO     | feature_cache                | [CACHE] Looking up features for track ID: 18435591
2026-08-05 01:57:13,963 | INFO     | feature_cache                | [CACHE] ✓ Cache HIT for track ID: 18435591
2026-08-05 01:57:13,964 | INFO     | feature_cache                | [CACHE]   Audio: BPM=92.3, Energy=0.2001
2026-08-05 01:57:13,964 | INFO     | feature_cache                | [CACHE]   MusicBrainz: e614f23f-2086-4c58-af33-b4d4c1e45413
2026-08-05 01:57:13,965 | INFO     | __main__                     | Cache hit for: The Heavy - What Makes A Good Man?
2026-08-05 01:57:13,966 | INFO     | __main__                     | [STEP 6] User 240082844: Features OK: BPM=92.28515625
2026-08-05 01:57:13,967 | INFO     | deezer_helper                | [DEEZER] get_similar id=18435591 limit=5
2026-08-05 01:57:14,181 | INFO     | deezer_helper                | [DEEZER] get_similar id=18435591 -> 0 results
2026-08-05 01:57:14,181 | INFO     | user_prefs                   | [PLAYLIST_DB] add_to_user_playlist user=240082844 track=18435591 (What Makes A Good Man? - The Heavy) bpm=92.28515625 energy=0.20011219382286072 valence=0 genre='' persian=False similar=0 lang=en recognized=True year=2012
2026-08-05 01:57:14,202 | INFO     | user_prefs                   | [PLAYLIST_DB] added OK user=240082844 track=18435591
2026-08-05 01:57:14,202 | INFO     | __main__                     | [STEP 7] User 240082844: Added: What Makes A Good Man? - The Heavy (genre: ) lang=en year=2012
2026-08-05 01:57:14,203 | INFO     | __main__                     | [STEP 6] User 240082844: Processing 2/5: 'The Who   The Seeker' -> 'The Who The Seeker'
2026-08-05 01:57:14,517 | INFO     | __main__                     | [STEP 6] User 240082844: Searching Deezer for: The Who The Seeker
2026-08-05 01:57:14,517 | INFO     | deezer_helper                | [DEEZER] search query='The Who The Seeker' limit=3
2026-08-05 01:57:14,787 | INFO     | deezer_helper                | [DEEZER] search query='The Who The Seeker' -> 3 results
2026-08-05 01:57:14,788 | INFO     | __main__                     | [STEP 6] User 240082844: Found: The Seeker (Edit) - The Who
2026-08-05 01:57:14,788 | INFO     | deezer_helper                | [DEEZER] get_track id=65414413
2026-08-05 01:57:15,219 | INFO     | deezer_helper                | [DEEZER] get_track id=65414413 -> The Who - The Seeker (Edit) (genres=[])
2026-08-05 01:57:15,228 | INFO     | __main__                     | [STEP 6] User 240082844: Language: en (persian=False)
2026-08-05 01:57:15,230 | INFO     | __main__                     | [STEP 6] User 240082844: Analyzing features (librosa)...
2026-08-05 01:57:15,230 | INFO     | feature_cache                | [CACHE] Looking up features for track ID: 65414413
2026-08-05 01:57:15,233 | INFO     | feature_cache                | [CACHE] ✓ Cache HIT for track ID: 65414413
2026-08-05 01:57:15,233 | INFO     | feature_cache                | [CACHE]   Audio: BPM=89.1, Energy=0.1082
2026-08-05 01:57:15,234 | INFO     | __main__                     | Cache hit for: The Who - The Seeker (Edit)
2026-08-05 01:57:15,234 | INFO     | __main__                     | [STEP 6] User 240082844: Features OK: BPM=89.10290948275862
2026-08-05 01:57:15,234 | INFO     | deezer_helper                | [DEEZER] get_similar id=65414413 limit=5
2026-08-05 01:57:15,421 | INFO     | deezer_helper                | [DEEZER] get_similar id=65414413 -> 0 results
2026-08-05 01:57:15,421 | INFO     | user_prefs                   | [PLAYLIST_DB] add_to_user_playlist user=240082844 track=65414413 (The Seeker (Edit) - The Who) bpm=89.10290948275862 energy=0.10818611085414886 valence=0 genre='' persian=False similar=0 lang=en recognized=True year=2012
2026-08-05 01:57:15,446 | INFO     | user_prefs                   | [PLAYLIST_DB] added OK user=240082844 track=65414413
2026-08-05 01:57:15,447 | INFO     | __main__                     | [STEP 7] User 240082844: Added: The Seeker (Edit) - The Who (genre: ) lang=en year=2012
2026-08-05 01:57:15,447 | INFO     | __main__                     | [STEP 6] User 240082844: Processing 3/5: 'Fairuz   Wa Habibi' -> 'Fairuz Wa Habibi'
2026-08-05 01:57:15,727 | INFO     | __main__                     | [STEP 6] User 240082844: Searching Deezer for: Fairuz Wa Habibi
2026-08-05 01:57:15,727 | INFO     | deezer_helper                | [DEEZER] search query='Fairuz Wa Habibi' limit=3
2026-08-05 01:57:15,965 | INFO     | deezer_helper                | [DEEZER] search query='Fairuz Wa Habibi' -> 3 results
2026-08-05 01:57:15,966 | INFO     | __main__                     | [STEP 6] User 240082844: Found: Wa Habibi - Fairuz
2026-08-05 01:57:15,966 | INFO     | deezer_helper                | [DEEZER] get_track id=78569736
2026-08-05 01:57:16,399 | INFO     | deezer_helper                | [DEEZER] get_track id=78569736 -> Fairuz - Wa Habibi (genres=[])
2026-08-05 01:57:16,399 | INFO     | __main__                     | [STEP 6] User 240082844: Language: ar (persian=False)
2026-08-05 01:57:16,399 | INFO     | __main__                     | [STEP 6] User 240082844: Analyzing features (librosa)...
2026-08-05 01:57:16,400 | INFO     | feature_cache                | [CACHE] Looking up features for track ID: 78569736
2026-08-05 01:57:16,402 | INFO     | feature_cache                | [CACHE] ✓ Cache HIT for track ID: 78569736
2026-08-05 01:57:16,402 | INFO     | feature_cache                | [CACHE]   Audio: BPM=172.3, Energy=0.0748
2026-08-05 01:57:16,402 | INFO     | feature_cache                | [CACHE]   MusicBrainz: 4fa9e617-d767-4e96-a8b8-7b18b60168db
2026-08-05 01:57:16,404 | INFO     | __main__                     | Cache hit for: Fairuz - Wa Habibi
2026-08-05 01:57:16,404 | INFO     | __main__                     | [STEP 6] User 240082844: Features OK: BPM=172.265625
2026-08-05 01:57:16,404 | INFO     | deezer_helper                | [DEEZER] get_similar id=78569736 limit=5
2026-08-05 01:57:16,588 | INFO     | deezer_helper                | [DEEZER] get_similar id=78569736 -> 0 results
2026-08-05 01:57:16,588 | INFO     | user_prefs                   | [PLAYLIST_DB] add_to_user_playlist user=240082844 track=78569736 (Wa Habibi - Fairuz) bpm=172.265625 energy=0.07483935356140137 valence=0 genre='' persian=False similar=0 lang=ar recognized=True year=2014
2026-08-05 01:57:16,597 | INFO     | user_prefs                   | [PLAYLIST_DB] added OK user=240082844 track=78569736
2026-08-05 01:57:16,597 | INFO     | __main__                     | [STEP 7] User 240082844: Added: Wa Habibi - Fairuz (genre: ) lang=ar year=2014
2026-08-05 01:57:16,597 | INFO     | __main__                     | [STEP 6] User 240082844: Processing 4/5: '04 Fairuz   Saaltak Habiby' -> 'Fairuz Saaltak Habiby'
2026-08-05 01:57:16,842 | INFO     | __main__                     | [STEP 6] User 240082844: Searching Deezer for: Fairuz Saaltak Habiby
2026-08-05 01:57:16,842 | INFO     | deezer_helper                | [DEEZER] search query='Fairuz Saaltak Habiby' limit=3
2026-08-05 01:57:17,041 | INFO     | deezer_helper                | [DEEZER] search query='Fairuz Saaltak Habiby' -> 2 results
2026-08-05 01:57:17,041 | INFO     | __main__                     | [STEP 6] User 240082844: Found: Saaltak Habiby - Fairuz
2026-08-05 01:57:17,042 | INFO     | deezer_helper                | [DEEZER] get_track id=564173332
2026-08-05 01:57:17,454 | INFO     | deezer_helper                | [DEEZER] get_track id=564173332 -> Fairuz - Saaltak Habiby (genres=[])
2026-08-05 01:57:17,454 | INFO     | __main__                     | [STEP 6] User 240082844: Language: ar (persian=False)
2026-08-05 01:57:17,455 | INFO     | __main__                     | [STEP 6] User 240082844: Analyzing features (librosa)...
2026-08-05 01:57:17,455 | INFO     | feature_cache                | [CACHE] Looking up features for track ID: 564173332
2026-08-05 01:57:17,457 | INFO     | feature_cache                | [CACHE] ✓ Cache HIT for track ID: 564173332
2026-08-05 01:57:17,457 | INFO     | feature_cache                | [CACHE]   Audio: BPM=92.3, Energy=0.1409
2026-08-05 01:57:17,457 | INFO     | feature_cache                | [CACHE]   MusicBrainz: 5a5aea91-1571-4ecd-a4bd-37a7b2d79fb9
2026-08-05 01:57:17,459 | INFO     | __main__                     | Cache hit for: Fairuz - Saaltak Habiby
2026-08-05 01:57:17,459 | INFO     | __main__                     | [STEP 6] User 240082844: Features OK: BPM=92.28515625
2026-08-05 01:57:17,459 | INFO     | deezer_helper                | [DEEZER] get_similar id=564173332 limit=5
2026-08-05 01:57:17,650 | INFO     | deezer_helper                | [DEEZER] get_similar id=564173332 -> 0 results
2026-08-05 01:57:17,650 | INFO     | user_prefs                   | [PLAYLIST_DB] add_to_user_playlist user=240082844 track=564173332 (Saaltak Habiby - Fairuz) bpm=92.28515625 energy=0.14093714952468872 valence=0 genre='' persian=False similar=0 lang=ar recognized=True year=2018
2026-08-05 01:57:17,662 | INFO     | user_prefs                   | [PLAYLIST_DB] added OK user=240082844 track=564173332
2026-08-05 01:57:17,664 | INFO     | __main__                     | [STEP 7] User 240082844: Added: Saaltak Habiby - Fairuz (genre: ) lang=ar year=2018
2026-08-05 01:57:17,665 | INFO     | __main__                     | [STEP 6] User 240082844: Processing 5/5: 'Ana La Habibi   Fayrouz. Cover by Amal ElSakka' -> 'Ana La Habibi Fayrouz. Cover by Amal ElSakka'
2026-08-05 01:57:17,898 | INFO     | __main__                     | [STEP 6] User 240082844: Searching Deezer for: Ana La Habibi Fayrouz. Cover by Amal ElSakka
2026-08-05 01:57:17,898 | INFO     | deezer_helper                | [DEEZER] search query='Ana La Habibi Fayrouz. Cover by Amal ElSakka' limit=3
2026-08-05 01:57:18,168 | INFO     | deezer_helper                | [DEEZER] search query='Ana La Habibi Fayrouz. Cover by Amal ElSakka' -> 0 results
2026-08-05 01:57:18,169 | INFO     | __main__                     | [STEP 6] User 240082844: No results for: Ana La Habibi Fayrouz. Cover by Amal ElSakka
2026-08-05 01:57:18,170 | INFO     | user_prefs                   | [PLAYLIST_DB] add_to_user_playlist user=240082844 track=0 (Ana La Habibi Fayrouz. Cover by Amal ElSakka - ) bpm=0 energy=0 valence=0 genre='' persian=False similar=0 lang=en recognized=False year=0
2026-08-05 01:57:18,181 | INFO     | user_prefs                   | [PLAYLIST_DB] added OK user=240082844 track=0
2026-08-05 01:57:18,182 | INFO     | __main__                     | [STEP 7] User 240082844: Processing complete: 4/5 added, 4 recognized, 1 failed
2026-08-05 01:57:18,183 | INFO     | user_prefs                   | [PLAYLIST_DB] get_user_taste_profile user=240082844
2026-08-05 01:57:18,194 | INFO     | user_prefs                   | [PLAYLIST_DB] taste_profile user=240082844 -> total=9 recognized=8 tracks=8 bpm=111.5 energy=0.13 valence=0.00 genres=[] langs=[('en', 4), ('ar', 4)]
2026-08-05 01:57:18,194 | INFO     | __main__                     | [STEP 9] User 240082844: Taste profile: 8 tracks, genres: {}
2026-08-05 01:57:18,194 | INFO     | __main__                     | [STEP 8] User 240082844: Saving playlist to database
2026-08-05 01:57:18,780 | INFO     | __main__                     | [STEP 8] User 240082844: Results sent successfully
2026-08-05 01:57:52,547 | INFO     | __main__                     | [STEP 1] User 240082844: Received text: 🎯 For Me...
2026-08-05 01:57:52,548 | INFO     | user_prefs                   | [PLAYLIST_DB] get_user_taste_profile user=240082844
2026-08-05 01:57:52,560 | INFO     | user_prefs                   | [PLAYLIST_DB] taste_profile user=240082844 -> total=9 recognized=8 tracks=8 bpm=111.5 energy=0.13 valence=0.00 genres=[] langs=[('en', 4), ('ar', 4)]
2026-08-05 01:57:54,459 | INFO     | user_prefs                   | [PLAYLIST_DB] get_all_similar_tracks user=240082844 -> 0 similar track ids (from 0 rows)
2026-08-05 01:57:54,460 | INFO     | user_prefs                   | [PLAYLIST_DB] get_random_recommendations user=240082844 -> none available
2026-08-05 01:58:14,808 | INFO     | __main__                     | [STEP 1] User 240082844: Received text: ➕ Add to Playlist...
2026-08-05 01:58:14,809 | INFO     | __main__                     | [STEP 2] User 240082844: Entering playlist mode
2026-08-05 01:58:31,623 | INFO     | __main__                     | [STEP 1] User 240082844: Received text: ✅ Done (10 songs)...
2026-08-05 01:58:31,625 | INFO     | __main__                     | [STEP 3] User 240082844: Done button pressed, starting processing
2026-08-05 01:58:31,626 | INFO     | __main__                     | [STEP 4] User 240082844: Starting processing
2026-08-05 01:58:31,626 | INFO     | __main__                     | [STEP 4] User 240082844: Got 10 pending songs
2026-08-05 01:58:31,626 | INFO     | __main__                     | [STEP 4] User 240082844: Parsed 10 songs from input
2026-08-05 01:58:31,627 | INFO     | __main__                     | [STEP 5] User 240082844: Cleaned 10 songs
2026-08-05 01:58:31,911 | INFO     | __main__                     | [STEP 6] User 240082844: Processing 1/10: '14 Nirvana   Where Did You Sleep Last Night' -> 'Nirvana Where Did You Sleep Last Night'
2026-08-05 01:58:32,122 | INFO     | __main__                     | [STEP 6] User 240082844: Searching Deezer for: Nirvana Where Did You Sleep Last Night
2026-08-05 01:58:32,123 | INFO     | deezer_helper                | [DEEZER] search query='Nirvana Where Did You Sleep Last Night' limit=3
2026-08-05 01:58:33,133 | INFO     | deezer_helper                | [DEEZER] search query='Nirvana Where Did You Sleep Last Night' -> 3 results
2026-08-05 01:58:33,133 | INFO     | __main__                     | [STEP 6] User 240082844: Found: Where Did You Sleep Last Night (Live) - Nirvana
2026-08-05 01:58:33,133 | INFO     | deezer_helper                | [DEEZER] get_track id=1105746
2026-08-05 01:58:33,652 | INFO     | deezer_helper                | [DEEZER] get_track id=1105746 -> Nirvana - Where Did You Sleep Last Night (Live) (genres=[])
2026-08-05 01:58:33,682 | INFO     | __main__                     | [STEP 6] User 240082844: Language: af (persian=False)
2026-08-05 01:58:33,682 | INFO     | __main__                     | [STEP 6] User 240082844: Analyzing features (librosa)...
2026-08-05 01:58:33,682 | INFO     | feature_cache                | [CACHE] Looking up features for track ID: 1105746
2026-08-05 01:58:33,685 | INFO     | feature_cache                | [CACHE] Cache MISS for track ID: 1105746
2026-08-05 01:58:33,686 | INFO     | __main__                     | Analyzing track: Nirvana - Where Did You Sleep Last Night (Live) (fast=False)
2026-08-05 01:58:33,686 | INFO     | audio_analyzer               | Downloading preview: https://cdnt-preview.dzcdn.net/api/1/1/4/b/5/0/4b53adb817184366ddff1190f7792663.mp3?hdnea=exp=1785883414~acl=/api/1/1/4/b/5/0/4b53adb817184366ddff1190f7792663.mp3*~data=user_id=0,application_id=42~hmac=cf865f60fd61a68353844d7e523c88900fb2f9c836653786b34b32ddba71b5d6
2026-08-05 01:58:34,780 | INFO     | audio_analyzer               | Downloaded 479827 bytes
2026-08-05 01:58:34,781 | INFO     | audio_analyzer               | Running librosa analysis...
2026-08-05 01:58:34,792 | INFO     | audio_analyzer               | [LIBROSA] Starting feature extraction...
2026-08-05 01:58:34,794 | INFO     | audio_analyzer               | [LIBROSA] Temp file created: C:\Users\Saeid\AppData\Local\Temp\tmpxuz_7q7_.mp3 (479827 bytes)
2026-08-05 01:58:34,795 | INFO     | audio_analyzer               | [LIBROSA] Loading audio file...
2026-08-05 01:58:38,625 | INFO     | musicbrainz_client           | Found MusicBrainz ID: 80858d1b-075d-4bb7-8b0b-fbcc1fa483ec for Nirvana - Where Did You Sleep Last Night (Live)
2026-08-05 01:58:40,976 | INFO     | audio_analyzer               | [LIBROSA] Audio loaded: 30.0 seconds, 22050 Hz sample rate
2026-08-05 01:58:40,977 | INFO     | audio_analyzer               | [LIBROSA] Extracting BPM...
2026-08-05 01:58:44,211 | INFO     | audio_analyzer               | [LIBROSA] BPM: 107.7
2026-08-05 01:58:44,211 | INFO     | audio_analyzer               | [LIBROSA] Extracting MFCCs (timbre)...
2026-08-05 01:58:44,273 | INFO     | audio_analyzer               | [LIBROSA] MFCCs extracted: 13 coefficients
2026-08-05 01:58:44,273 | INFO     | audio_analyzer               | [LIBROSA] Extracting chroma (harmonics)...
2026-08-05 01:58:44,401 | INFO     | audio_analyzer               | [LIBROSA] Chroma extracted: 12 pitch classes
2026-08-05 01:58:44,401 | INFO     | audio_analyzer               | [LIBROSA] Extracting spectral features...
2026-08-05 01:58:44,776 | INFO     | audio_analyzer               | [LIBROSA] Spectral: centroid=1542.2, rolloff=3257.8, bandwidth=1923.3
2026-08-05 01:58:44,776 | INFO     | audio_analyzer               | [LIBROSA] Extracting energy (RMS)...
2026-08-05 01:58:44,788 | INFO     | audio_analyzer               | [LIBROSA] Energy: mean=0.1307, var=0.0019
2026-08-05 01:58:44,788 | INFO     | audio_analyzer               | [LIBROSA] Extracting onset rate...
2026-08-05 01:58:44,852 | INFO     | audio_analyzer               | [LIBROSA] Onset rate: 1.3373
2026-08-05 01:58:44,889 | INFO     | audio_analyzer               | [LIBROSA] Inferring musical key...
2026-08-05 01:58:44,889 | INFO     | audio_analyzer               | [LIBROSA] Key: A#
2026-08-05 01:58:44,890 | INFO     | audio_analyzer               | [LIBROSA] Inferring scale (major/minor)...
2026-08-05 01:58:44,895 | INFO     | audio_analyzer               | [LIBROSA] Scale: minor (major=-0.26, minor=0.22)
2026-08-05 01:58:44,896 | INFO     | audio_analyzer               | Analyzed audio: BPM=107.7, RMS=0.131
2026-08-05 01:58:44,897 | INFO     | __main__                     | Analysis results for Nirvana - Where Did You Sleep Last Night (Live):
2026-08-05 01:58:44,897 | INFO     | __main__                     |   Audio features: OK
2026-08-05 01:58:44,897 | INFO     | __main__                     |   MusicBrainz: OK
2026-08-05 01:58:44,897 | INFO     | __main__                     |   AcousticBrainz: NOT FOUND
2026-08-05 01:58:44,897 | INFO     | __main__                     |   Last.fm tags: 0
2026-08-05 01:58:44,898 | INFO     | feature_cache                | [CACHE] Saving features for: Nirvana - Where Did You Sleep Last Night (Live) (ID: 1105746)
2026-08-05 01:58:44,898 | INFO     | feature_cache                | [CACHE] Audio features: BPM=107.7, Energy=0.1307, MFCCs=13 coefficients
2026-08-05 01:58:44,898 | INFO     | feature_cache                | [CACHE] AcousticBrainz: NONE
2026-08-05 01:58:44,898 | INFO     | feature_cache                | [CACHE] MusicBrainz ID: 80858d1b-075d-4bb7-8b0b-fbcc1fa483ec
2026-08-05 01:58:44,899 | INFO     | feature_cache                | [CACHE] Last.fm tags: NONE
2026-08-05 01:58:44,906 | INFO     | feature_cache                | [CACHE] ✓ Saved successfully for: Nirvana - Where Did You Sleep Last Night (Live)
2026-08-05 01:58:44,918 | INFO     | feature_cache                | Exported 90 tracks to cached_songs.json
2026-08-05 01:58:44,919 | INFO     | __main__                     | [STEP 6] User 240082844: Features OK: BPM=107.666015625
2026-08-05 01:58:44,919 | INFO     | deezer_helper                | [DEEZER] get_similar id=1105746 limit=5
2026-08-05 01:58:45,148 | INFO     | deezer_helper                | [DEEZER] get_similar id=1105746 -> 0 results
2026-08-05 01:58:45,148 | INFO     | user_prefs                   | [PLAYLIST_DB] add_to_user_playlist user=240082844 track=1105746 (Where Did You Sleep Last Night (Live) - Nirvana) bpm=107.666015625 energy=0.13070020079612732 valence=0 genre='' persian=False similar=0 lang=af recognized=True year=1994
2026-08-05 01:58:45,157 | INFO     | user_prefs                   | [PLAYLIST_DB] added OK user=240082844 track=1105746
2026-08-05 01:58:45,158 | INFO     | __main__                     | [STEP 7] User 240082844: Added: Where Did You Sleep Last Night (Live) - Nirvana (genre: ) lang=af year=1994
2026-08-05 01:58:45,158 | INFO     | __main__                     | [STEP 6] User 240082844: Processing 2/10: '01 The Rolling Stones   Gimme Shelter' -> 'The Rolling Stones Gimme Shelter'
2026-08-05 01:58:45,913 | INFO     | __main__                     | [STEP 6] User 240082844: Searching Deezer for: The Rolling Stones Gimme Shelter
2026-08-05 01:58:45,915 | INFO     | deezer_helper                | [DEEZER] search query='The Rolling Stones Gimme Shelter' limit=3
2026-08-05 01:58:46,190 | INFO     | deezer_helper                | [DEEZER] search query='The Rolling Stones Gimme Shelter' -> 3 results
2026-08-05 01:58:46,190 | INFO     | __main__                     | [STEP 6] User 240082844: Found: Gimme Shelter - The Rolling Stones
2026-08-05 01:58:46,190 | INFO     | deezer_helper                | [DEEZER] get_track id=9914834
2026-08-05 01:58:46,700 | INFO     | deezer_helper                | [DEEZER] get_track id=9914834 -> The Rolling Stones - Gimme Shelter (genres=[])
2026-08-05 01:58:46,720 | INFO     | __main__                     | [STEP 6] User 240082844: Language: en (persian=False)
2026-08-05 01:58:46,720 | INFO     | __main__                     | [STEP 6] User 240082844: Analyzing features (librosa)...
2026-08-05 01:58:46,720 | INFO     | feature_cache                | [CACHE] Looking up features for track ID: 9914834
2026-08-05 01:58:46,723 | INFO     | feature_cache                | [CACHE] Cache MISS for track ID: 9914834
2026-08-05 01:58:46,724 | INFO     | __main__                     | Analyzing track: The Rolling Stones - Gimme Shelter (fast=False)
2026-08-05 01:58:46,724 | INFO     | audio_analyzer               | Downloading preview: https://cdnt-preview.dzcdn.net/api/1/1/8/e/5/0/8e5c03fa801b456511b511e9d70b2d6b.mp3?hdnea=exp=1785883427~acl=/api/1/1/8/e/5/0/8e5c03fa801b456511b511e9d70b2d6b.mp3*~data=user_id=0,application_id=42~hmac=ed951cd5202ec14779803d7bbc4ac0f7645007b038014da164f90b0d2c03dfa8
2026-08-05 01:58:47,123 | INFO     | musicbrainz_client           | Found MusicBrainz ID: 404ac69d-53f1-40fc-80e7-9e988a494b52 for The Rolling Stones - Gimme Shelter
2026-08-05 01:58:48,339 | INFO     | audio_analyzer               | Downloaded 479827 bytes
2026-08-05 01:58:48,340 | INFO     | audio_analyzer               | Running librosa analysis...
2026-08-05 01:58:48,340 | INFO     | audio_analyzer               | [LIBROSA] Starting feature extraction...
2026-08-05 01:58:48,342 | INFO     | audio_analyzer               | [LIBROSA] Temp file created: C:\Users\Saeid\AppData\Local\Temp\tmpzd_c3nhw.mp3 (479827 bytes)
2026-08-05 01:58:48,342 | INFO     | audio_analyzer               | [LIBROSA] Loading audio file...
2026-08-05 01:58:48,454 | INFO     | audio_analyzer               | [LIBROSA] Audio loaded: 30.0 seconds, 22050 Hz sample rate
2026-08-05 01:58:48,455 | INFO     | audio_analyzer               | [LIBROSA] Extracting BPM...
2026-08-05 01:58:48,574 | INFO     | audio_analyzer               | [LIBROSA] BPM: 117.5
2026-08-05 01:58:48,574 | INFO     | audio_analyzer               | [LIBROSA] Extracting MFCCs (timbre)...
2026-08-05 01:58:48,650 | INFO     | audio_analyzer               | [LIBROSA] MFCCs extracted: 13 coefficients
2026-08-05 01:58:48,651 | INFO     | audio_analyzer               | [LIBROSA] Extracting chroma (harmonics)...
2026-08-05 01:58:48,779 | INFO     | audio_analyzer               | [LIBROSA] Chroma extracted: 12 pitch classes
2026-08-05 01:58:48,780 | INFO     | audio_analyzer               | [LIBROSA] Extracting spectral features...
2026-08-05 01:58:49,155 | INFO     | audio_analyzer               | [LIBROSA] Spectral: centroid=1895.1, rolloff=4076.8, bandwidth=2193.5
2026-08-05 01:58:49,161 | INFO     | audio_analyzer               | [LIBROSA] Extracting energy (RMS)...
2026-08-05 01:58:49,177 | INFO     | audio_analyzer               | [LIBROSA] Energy: mean=0.2022, var=0.0013
2026-08-05 01:58:49,177 | INFO     | audio_analyzer               | [LIBROSA] Extracting onset rate...
2026-08-05 01:58:49,255 | INFO     | audio_analyzer               | [LIBROSA] Onset rate: 1.6184
2026-08-05 01:58:49,295 | INFO     | audio_analyzer               | [LIBROSA] Inferring musical key...
2026-08-05 01:58:49,295 | INFO     | audio_analyzer               | [LIBROSA] Key: C#
2026-08-05 01:58:49,297 | INFO     | audio_analyzer               | [LIBROSA] Inferring scale (major/minor)...
2026-08-05 01:58:49,297 | INFO     | audio_analyzer               | [LIBROSA] Scale: major (major=-0.06, minor=-0.15)
2026-08-05 01:58:49,299 | INFO     | audio_analyzer               | Analyzed audio: BPM=117.5, RMS=0.202
2026-08-05 01:58:49,300 | INFO     | __main__                     | Analysis results for The Rolling Stones - Gimme Shelter:
2026-08-05 01:58:49,300 | INFO     | __main__                     |   Audio features: OK
2026-08-05 01:58:49,300 | INFO     | __main__                     |   MusicBrainz: OK
2026-08-05 01:58:49,300 | INFO     | __main__                     |   AcousticBrainz: NOT FOUND
2026-08-05 01:58:49,301 | INFO     | __main__                     |   Last.fm tags: 5
2026-08-05 01:58:49,301 | INFO     | feature_cache                | [CACHE] Saving features for: The Rolling Stones - Gimme Shelter (ID: 9914834)
2026-08-05 01:58:49,301 | INFO     | feature_cache                | [CACHE] Audio features: BPM=117.5, Energy=0.2022, MFCCs=13 coefficients
2026-08-05 01:58:49,302 | INFO     | feature_cache                | [CACHE] AcousticBrainz: NONE
2026-08-05 01:58:49,302 | INFO     | feature_cache                | [CACHE] MusicBrainz ID: 404ac69d-53f1-40fc-80e7-9e988a494b52
2026-08-05 01:58:49,302 | INFO     | feature_cache                | [CACHE] Last.fm tags: classic rock, rock, 60s, the rolling stones, british
2026-08-05 01:58:49,310 | INFO     | feature_cache                | [CACHE] ✓ Saved successfully for: The Rolling Stones - Gimme Shelter
2026-08-05 01:58:49,324 | INFO     | feature_cache                | Exported 91 tracks to cached_songs.json
2026-08-05 01:58:49,325 | INFO     | __main__                     | [STEP 6] User 240082844: Features OK: BPM=117.45383522727273
2026-08-05 01:58:49,325 | INFO     | deezer_helper                | [DEEZER] get_similar id=9914834 limit=5
2026-08-05 01:58:49,580 | INFO     | deezer_helper                | [DEEZER] get_similar id=9914834 -> 0 results
2026-08-05 01:58:49,581 | INFO     | user_prefs                   | [PLAYLIST_DB] add_to_user_playlist user=240082844 track=9914834 (Gimme Shelter - The Rolling Stones) bpm=117.45383522727273 energy=0.2021569460630417 valence=0 genre='classic rock' persian=False similar=0 lang=en recognized=True year=2011
2026-08-05 01:58:49,591 | INFO     | user_prefs                   | [PLAYLIST_DB] added OK user=240082844 track=9914834
2026-08-05 01:58:49,592 | INFO     | __main__                     | [STEP 7] User 240082844: Added: Gimme Shelter - The Rolling Stones (genre: classic rock) lang=en year=2011
2026-08-05 01:58:49,592 | INFO     | __main__                     | [STEP 6] User 240082844: Processing 3/10: '09 The Who Won't Get Fooled Again' -> 'The Who Won't Get Fooled Again'
2026-08-05 01:58:49,880 | INFO     | __main__                     | [STEP 6] User 240082844: Searching Deezer for: The Who Won't Get Fooled Again
2026-08-05 01:58:49,880 | INFO     | deezer_helper                | [DEEZER] search query="The Who Won't Get Fooled Again" limit=3
2026-08-05 01:58:50,196 | INFO     | deezer_helper                | [DEEZER] search query="The Who Won't Get Fooled Again" -> 3 results
2026-08-05 01:58:50,196 | INFO     | __main__                     | [STEP 6] User 240082844: Found: Won't Get Fooled Again (Original Album Version) - The Who
2026-08-05 01:58:50,196 | INFO     | deezer_helper                | [DEEZER] get_track id=2121813
2026-08-05 01:58:50,730 | INFO     | deezer_helper                | [DEEZER] get_track id=2121813 -> The Who - Won't Get Fooled Again (Original Album Version) (genres=[])
2026-08-05 01:58:50,743 | INFO     | __main__                     | [STEP 6] User 240082844: Language: en (persian=False)
2026-08-05 01:58:50,744 | INFO     | __main__                     | [STEP 6] User 240082844: Analyzing features (librosa)...
2026-08-05 01:58:50,745 | INFO     | feature_cache                | [CACHE] Looking up features for track ID: 2121813
2026-08-05 01:58:50,748 | INFO     | feature_cache                | [CACHE] Cache MISS for track ID: 2121813
2026-08-05 01:58:50,749 | INFO     | __main__                     | Analyzing track: The Who - Won't Get Fooled Again (Original Album Version) (fast=False)
2026-08-05 01:58:50,750 | INFO     | audio_analyzer               | Downloading preview: https://cdnt-preview.dzcdn.net/api/1/1/f/7/9/0/f79e311b88a382995d8ff9e5ff05a1bb.mp3?hdnea=exp=1785883431~acl=/api/1/1/f/7/9/0/f79e311b88a382995d8ff9e5ff05a1bb.mp3*~data=user_id=0,application_id=42~hmac=1895ad36b6b30eb7d02c33b4bed9d186819ca14beecd55233f14b26b95a804a3
2026-08-05 01:58:51,937 | INFO     | audio_analyzer               | Downloaded 479827 bytes
2026-08-05 01:58:51,938 | INFO     | audio_analyzer               | Running librosa analysis...
2026-08-05 01:58:51,939 | INFO     | audio_analyzer               | [LIBROSA] Starting feature extraction...
2026-08-05 01:58:51,940 | INFO     | audio_analyzer               | [LIBROSA] Temp file created: C:\Users\Saeid\AppData\Local\Temp\tmp2ikuub2t.mp3 (479827 bytes)
2026-08-05 01:58:51,941 | INFO     | audio_analyzer               | [LIBROSA] Loading audio file...
2026-08-05 01:58:52,050 | INFO     | audio_analyzer               | [LIBROSA] Audio loaded: 30.0 seconds, 22050 Hz sample rate
2026-08-05 01:58:52,051 | INFO     | audio_analyzer               | [LIBROSA] Extracting BPM...
2026-08-05 01:58:52,206 | INFO     | audio_analyzer               | [LIBROSA] BPM: 136.0
2026-08-05 01:58:52,206 | INFO     | audio_analyzer               | [LIBROSA] Extracting MFCCs (timbre)...
2026-08-05 01:58:52,270 | INFO     | audio_analyzer               | [LIBROSA] MFCCs extracted: 13 coefficients
2026-08-05 01:58:52,270 | INFO     | audio_analyzer               | [LIBROSA] Extracting chroma (harmonics)...
2026-08-05 01:58:52,398 | INFO     | audio_analyzer               | [LIBROSA] Chroma extracted: 12 pitch classes
2026-08-05 01:58:52,398 | INFO     | audio_analyzer               | [LIBROSA] Extracting spectral features...
2026-08-05 01:58:52,759 | INFO     | audio_analyzer               | [LIBROSA] Spectral: centroid=2001.9, rolloff=4160.2, bandwidth=2263.3
2026-08-05 01:58:52,759 | INFO     | audio_analyzer               | [LIBROSA] Extracting energy (RMS)...
2026-08-05 01:58:52,769 | INFO     | audio_analyzer               | [LIBROSA] Energy: mean=0.2760, var=0.0019
2026-08-05 01:58:52,770 | INFO     | audio_analyzer               | [LIBROSA] Extracting onset rate...
2026-08-05 01:58:52,832 | INFO     | audio_analyzer               | [LIBROSA] Onset rate: 1.4105
2026-08-05 01:58:52,871 | INFO     | audio_analyzer               | [LIBROSA] Inferring musical key...
2026-08-05 01:58:52,871 | INFO     | audio_analyzer               | [LIBROSA] Key: A
2026-08-05 01:58:52,871 | INFO     | audio_analyzer               | [LIBROSA] Inferring scale (major/minor)...
2026-08-05 01:58:52,872 | INFO     | audio_analyzer               | [LIBROSA] Scale: major (major=0.24, minor=-0.60)
2026-08-05 01:58:52,873 | INFO     | audio_analyzer               | Analyzed audio: BPM=136.0, RMS=0.276
2026-08-05 01:58:56,123 | INFO     | musicbrainz_client           | No MusicBrainz recording found for The Who - Won't Get Fooled Again (Original Album Version)
2026-08-05 01:58:56,123 | INFO     | __main__                     | Analysis results for The Who - Won't Get Fooled Again (Original Album Version):
2026-08-05 01:58:56,123 | INFO     | __main__                     |   Audio features: OK
2026-08-05 01:58:56,123 | INFO     | __main__                     |   MusicBrainz: NOT FOUND
2026-08-05 01:58:56,124 | INFO     | __main__                     |   AcousticBrainz: NOT FOUND
2026-08-05 01:58:56,124 | INFO     | __main__                     |   Last.fm tags: 0
2026-08-05 01:58:56,124 | INFO     | feature_cache                | [CACHE] Saving features for: The Who - Won't Get Fooled Again (Original Album Version) (ID: 2121813)
2026-08-05 01:58:56,124 | INFO     | feature_cache                | [CACHE] Audio features: BPM=136.0, Energy=0.2760, MFCCs=13 coefficients
2026-08-05 01:58:56,125 | INFO     | feature_cache                | [CACHE] AcousticBrainz: NONE
2026-08-05 01:58:56,125 | INFO     | feature_cache                | [CACHE] MusicBrainz ID: NONE
2026-08-05 01:58:56,125 | INFO     | feature_cache                | [CACHE] Last.fm tags: NONE
2026-08-05 01:58:56,134 | INFO     | feature_cache                | [CACHE] ✓ Saved successfully for: The Who - Won't Get Fooled Again (Original Album Version)
2026-08-05 01:58:56,148 | INFO     | feature_cache                | Exported 92 tracks to cached_songs.json
2026-08-05 01:58:56,149 | INFO     | __main__                     | [STEP 6] User 240082844: Features OK: BPM=135.99917763157896
2026-08-05 01:58:56,149 | INFO     | deezer_helper                | [DEEZER] get_similar id=2121813 limit=5
2026-08-05 01:58:56,543 | INFO     | deezer_helper                | [DEEZER] get_similar id=2121813 -> 0 results
2026-08-05 01:58:56,543 | INFO     | user_prefs                   | [PLAYLIST_DB] add_to_user_playlist user=240082844 track=2121813 (Won't Get Fooled Again (Original Album Version) - The Who) bpm=135.99917763157896 energy=0.27598193287849426 valence=0 genre='' persian=False similar=0 lang=en recognized=True year=2003
2026-08-05 01:58:56,553 | INFO     | user_prefs                   | [PLAYLIST_DB] added OK user=240082844 track=2121813
2026-08-05 01:58:56,553 | INFO     | __main__                     | [STEP 7] User 240082844: Added: Won't Get Fooled Again (Original Album Version) - The Who (genre: ) lang=en year=2003
2026-08-05 01:58:56,554 | INFO     | __main__                     | [STEP 6] User 240082844: Processing 4/10: 'Alireza Ghorbani   Behind The Curtain (Pardeh Neshin)' -> 'Alireza Ghorbani Behind The Curtain (Pardeh Neshin)'
2026-08-05 01:58:57,901 | INFO     | __main__                     | [STEP 6] User 240082844: Searching Deezer for: Alireza Ghorbani Behind The Curtain (Pardeh Neshin)
2026-08-05 01:58:57,902 | INFO     | deezer_helper                | [DEEZER] search query='Alireza Ghorbani Behind The Curtain (Pardeh Neshin)' limit=3
2026-08-05 01:58:58,221 | INFO     | deezer_helper                | [DEEZER] search query='Alireza Ghorbani Behind The Curtain (Pardeh Neshin)' -> 1 results
2026-08-05 01:58:58,221 | INFO     | __main__                     | [STEP 6] User 240082844: Found: Behind The Curtain (Pardeh Neshin) - Alireza Ghorbani
2026-08-05 01:58:58,221 | INFO     | deezer_helper                | [DEEZER] get_track id=1120092102
2026-08-05 01:58:58,908 | INFO     | deezer_helper                | [DEEZER] get_track id=1120092102 -> Alireza Ghorbani - Behind The Curtain (Pardeh Neshin) (genres=[])
2026-08-05 01:58:58,921 | INFO     | __main__                     | [STEP 6] User 240082844: Language: en (persian=False)
2026-08-05 01:58:58,921 | INFO     | __main__                     | [STEP 6] User 240082844: Analyzing features (librosa)...
2026-08-05 01:58:58,921 | INFO     | feature_cache                | [CACHE] Looking up features for track ID: 1120092102
2026-08-05 01:58:58,924 | INFO     | feature_cache                | [CACHE] ✓ Cache HIT for track ID: 1120092102
2026-08-05 01:58:58,925 | INFO     | feature_cache                | [CACHE]   Audio: BPM=136.0, Energy=0.1833
2026-08-05 01:58:58,926 | INFO     | __main__                     | Cache hit for: Alireza Ghorbani - Behind The Curtain (Pardeh Neshin)
2026-08-05 01:58:58,926 | INFO     | __main__                     | [STEP 6] User 240082844: Features OK: BPM=135.99917763157896
2026-08-05 01:58:58,926 | INFO     | deezer_helper                | [DEEZER] get_similar id=1120092102 limit=5
2026-08-05 01:58:59,518 | INFO     | deezer_helper                | [DEEZER] get_similar id=1120092102 -> 0 results
2026-08-05 01:58:59,518 | INFO     | user_prefs                   | [PLAYLIST_DB] add_to_user_playlist user=240082844 track=1120092102 (Behind The Curtain (Pardeh Neshin) - Alireza Ghorbani) bpm=135.99917763157896 energy=0.1832810640335083 valence=0 genre='Persian Traditional' persian=False similar=0 lang=en recognized=True year=2020
2026-08-05 01:58:59,527 | INFO     | user_prefs                   | [PLAYLIST_DB] added OK user=240082844 track=1120092102
2026-08-05 01:58:59,529 | INFO     | __main__                     | [STEP 7] User 240082844: Added: Behind The Curtain (Pardeh Neshin) - Alireza Ghorbani (genre: Persian Traditional) lang=en year=2020
2026-08-05 01:58:59,529 | INFO     | __main__                     | [STEP 6] User 240082844: Processing 5/10: '01 The Who   Baba O Riley' -> 'The Who Baba O Riley'
2026-08-05 01:58:59,820 | INFO     | __main__                     | [STEP 6] User 240082844: Searching Deezer for: The Who Baba O Riley
2026-08-05 01:58:59,821 | INFO     | deezer_helper                | [DEEZER] search query='The Who Baba O Riley' limit=3
2026-08-05 01:59:00,433 | INFO     | deezer_helper                | [DEEZER] search query='The Who Baba O Riley' -> 3 results
2026-08-05 01:59:00,434 | INFO     | __main__                     | [STEP 6] User 240082844: Found: Baba O'Riley - The Who
2026-08-05 01:59:00,434 | INFO     | deezer_helper                | [DEEZER] get_track id=2121805
2026-08-05 01:59:01,027 | INFO     | deezer_helper                | [DEEZER] get_track id=2121805 -> The Who - Baba O'Riley (genres=[])
2026-08-05 01:59:01,032 | INFO     | __main__                     | [STEP 6] User 240082844: Language: en (persian=False)
2026-08-05 01:59:01,033 | INFO     | __main__                     | [STEP 6] User 240082844: Analyzing features (librosa)...
2026-08-05 01:59:01,033 | INFO     | feature_cache                | [CACHE] Looking up features for track ID: 2121805
2026-08-05 01:59:01,036 | INFO     | feature_cache                | [CACHE] Cache MISS for track ID: 2121805
2026-08-05 01:59:01,037 | INFO     | __main__                     | Analyzing track: The Who - Baba O'Riley (fast=False)
2026-08-05 01:59:01,037 | INFO     | audio_analyzer               | Downloading preview: https://cdnt-preview.dzcdn.net/api/1/1/1/a/4/0/1a4104cbd4b8fb263cfae79dbd21a00e.mp3?hdnea=exp=1785883441~acl=/api/1/1/1/a/4/0/1a4104cbd4b8fb263cfae79dbd21a00e.mp3*~data=user_id=0,application_id=42~hmac=5586bdd4469e3cefa526c74d1be902a90de1df2ff21879057672560657952721
2026-08-05 01:59:01,310 | INFO     | musicbrainz_client           | Found MusicBrainz ID: e7e2bcce-2d80-4336-93e5-d20442eb8083 for The Who - Baba O'Riley
2026-08-05 01:59:02,193 | INFO     | audio_analyzer               | Downloaded 479827 bytes
2026-08-05 01:59:02,194 | INFO     | audio_analyzer               | Running librosa analysis...
2026-08-05 01:59:02,195 | INFO     | audio_analyzer               | [LIBROSA] Starting feature extraction...
2026-08-05 01:59:02,197 | INFO     | audio_analyzer               | [LIBROSA] Temp file created: C:\Users\Saeid\AppData\Local\Temp\tmpcvoup4ac.mp3 (479827 bytes)
2026-08-05 01:59:02,197 | INFO     | audio_analyzer               | [LIBROSA] Loading audio file...
2026-08-05 01:59:02,312 | INFO     | audio_analyzer               | [LIBROSA] Audio loaded: 30.0 seconds, 22050 Hz sample rate
2026-08-05 01:59:02,313 | INFO     | audio_analyzer               | [LIBROSA] Extracting BPM...
2026-08-05 01:59:02,455 | INFO     | audio_analyzer               | [LIBROSA] BPM: 117.5
2026-08-05 01:59:02,455 | INFO     | audio_analyzer               | [LIBROSA] Extracting MFCCs (timbre)...
2026-08-05 01:59:02,520 | INFO     | audio_analyzer               | [LIBROSA] MFCCs extracted: 13 coefficients
2026-08-05 01:59:02,520 | INFO     | audio_analyzer               | [LIBROSA] Extracting chroma (harmonics)...
2026-08-05 01:59:02,647 | INFO     | audio_analyzer               | [LIBROSA] Chroma extracted: 12 pitch classes
2026-08-05 01:59:02,648 | INFO     | audio_analyzer               | [LIBROSA] Extracting spectral features...
2026-08-05 01:59:03,018 | INFO     | audio_analyzer               | [LIBROSA] Spectral: centroid=2359.0, rolloff=4862.0, bandwidth=2344.0
2026-08-05 01:59:03,018 | INFO     | audio_analyzer               | [LIBROSA] Extracting energy (RMS)...
2026-08-05 01:59:03,029 | INFO     | audio_analyzer               | [LIBROSA] Energy: mean=0.1636, var=0.0065
2026-08-05 01:59:03,029 | INFO     | audio_analyzer               | [LIBROSA] Extracting onset rate...
2026-08-05 01:59:03,096 | INFO     | audio_analyzer               | [LIBROSA] Onset rate: 1.3857
2026-08-05 01:59:03,135 | INFO     | audio_analyzer               | [LIBROSA] Inferring musical key...
2026-08-05 01:59:03,136 | INFO     | audio_analyzer               | [LIBROSA] Key: F
2026-08-05 01:59:03,136 | INFO     | audio_analyzer               | [LIBROSA] Inferring scale (major/minor)...
2026-08-05 01:59:03,137 | INFO     | audio_analyzer               | [LIBROSA] Scale: major (major=0.46, minor=0.15)
2026-08-05 01:59:03,138 | INFO     | audio_analyzer               | Analyzed audio: BPM=117.5, RMS=0.164
2026-08-05 01:59:03,138 | INFO     | __main__                     | Analysis results for The Who - Baba O'Riley:
2026-08-05 01:59:03,138 | INFO     | __main__                     |   Audio features: OK
2026-08-05 01:59:03,139 | INFO     | __main__                     |   MusicBrainz: OK
2026-08-05 01:59:03,139 | INFO     | __main__                     |   AcousticBrainz: NOT FOUND
2026-08-05 01:59:03,139 | INFO     | __main__                     |   Last.fm tags: 5
2026-08-05 01:59:03,139 | INFO     | feature_cache                | [CACHE] Saving features for: The Who - Baba O'Riley (ID: 2121805)
2026-08-05 01:59:03,140 | INFO     | feature_cache                | [CACHE] Audio features: BPM=117.5, Energy=0.1636, MFCCs=13 coefficients
2026-08-05 01:59:03,140 | INFO     | feature_cache                | [CACHE] AcousticBrainz: NONE
2026-08-05 01:59:03,140 | INFO     | feature_cache                | [CACHE] MusicBrainz ID: e7e2bcce-2d80-4336-93e5-d20442eb8083
2026-08-05 01:59:03,141 | INFO     | feature_cache                | [CACHE] Last.fm tags: classic rock, rock, 70s, the who, british
2026-08-05 01:59:03,149 | INFO     | feature_cache                | [CACHE] ✓ Saved successfully for: The Who - Baba O'Riley
2026-08-05 01:59:03,164 | INFO     | feature_cache                | Exported 93 tracks to cached_songs.json
2026-08-05 01:59:03,164 | INFO     | __main__                     | [STEP 6] User 240082844: Features OK: BPM=117.45383522727273
2026-08-05 01:59:03,164 | INFO     | deezer_helper                | [DEEZER] get_similar id=2121805 limit=5
2026-08-05 01:59:03,407 | INFO     | deezer_helper                | [DEEZER] get_similar id=2121805 -> 0 results
2026-08-05 01:59:03,407 | INFO     | user_prefs                   | [PLAYLIST_DB] add_to_user_playlist user=240082844 track=2121805 (Baba O'Riley - The Who) bpm=117.45383522727273 energy=0.16355152428150177 valence=0 genre='classic rock' persian=False similar=0 lang=en recognized=True year=2003
2026-08-05 01:59:03,417 | INFO     | user_prefs                   | [PLAYLIST_DB] added OK user=240082844 track=2121805
2026-08-05 01:59:03,417 | INFO     | __main__                     | [STEP 7] User 240082844: Added: Baba O'Riley - The Who (genre: classic rock) lang=en year=2003
2026-08-05 01:59:03,418 | INFO     | __main__                     | [STEP 6] User 240082844: Processing 6/10: 'Love   Alone Again Or' -> 'Love Alone Again Or'
2026-08-05 01:59:03,614 | INFO     | __main__                     | [STEP 6] User 240082844: Searching Deezer for: Love Alone Again Or
2026-08-05 01:59:03,614 | INFO     | deezer_helper                | [DEEZER] search query='Love Alone Again Or' limit=3
2026-08-05 01:59:03,878 | INFO     | deezer_helper                | [DEEZER] search query='Love Alone Again Or' -> 3 results
2026-08-05 01:59:03,878 | INFO     | __main__                     | [STEP 6] User 240082844: Found: Alone Again Or (2015 Remaster) - Love
2026-08-05 01:59:03,879 | INFO     | deezer_helper                | [DEEZER] get_track id=107473746
2026-08-05 01:59:04,479 | INFO     | deezer_helper                | [DEEZER] get_track id=107473746 -> Love - Alone Again Or (2015 Remaster) (genres=[])
2026-08-05 01:59:04,500 | INFO     | __main__                     | [STEP 6] User 240082844: Language: de (persian=False)
2026-08-05 01:59:04,500 | INFO     | __main__                     | [STEP 6] User 240082844: Analyzing features (librosa)...
2026-08-05 01:59:04,500 | INFO     | feature_cache                | [CACHE] Looking up features for track ID: 107473746
2026-08-05 01:59:04,503 | INFO     | feature_cache                | [CACHE] Cache MISS for track ID: 107473746
2026-08-05 01:59:04,504 | INFO     | __main__                     | Analyzing track: Love - Alone Again Or (2015 Remaster) (fast=False)
2026-08-05 01:59:04,504 | INFO     | audio_analyzer               | Downloading preview: https://cdnt-preview.dzcdn.net/api/1/1/4/5/0/0/45010b35deec135debc8dcb7a085616a.mp3?hdnea=exp=1785883445~acl=/api/1/1/4/5/0/0/45010b35deec135debc8dcb7a085616a.mp3*~data=user_id=0,application_id=42~hmac=adf205153203658ef85e12949d5c274b096e22338afc59e1371d9372832af5ff
2026-08-05 01:59:04,743 | INFO     | musicbrainz_client           | No MusicBrainz recording found for Love - Alone Again Or (2015 Remaster)
2026-08-05 01:59:05,758 | INFO     | audio_analyzer               | Downloaded 479827 bytes
2026-08-05 01:59:05,758 | INFO     | audio_analyzer               | Running librosa analysis...
2026-08-05 01:59:05,759 | INFO     | audio_analyzer               | [LIBROSA] Starting feature extraction...
2026-08-05 01:59:05,761 | INFO     | audio_analyzer               | [LIBROSA] Temp file created: C:\Users\Saeid\AppData\Local\Temp\tmpkrfx2bg5.mp3 (479827 bytes)
2026-08-05 01:59:05,761 | INFO     | audio_analyzer               | [LIBROSA] Loading audio file...
2026-08-05 01:59:05,879 | INFO     | audio_analyzer               | [LIBROSA] Audio loaded: 30.0 seconds, 22050 Hz sample rate
2026-08-05 01:59:05,880 | INFO     | audio_analyzer               | [LIBROSA] Extracting BPM...
2026-08-05 01:59:05,990 | INFO     | audio_analyzer               | [LIBROSA] BPM: 117.5
2026-08-05 01:59:05,991 | INFO     | audio_analyzer               | [LIBROSA] Extracting MFCCs (timbre)...
2026-08-05 01:59:06,047 | INFO     | audio_analyzer               | [LIBROSA] MFCCs extracted: 13 coefficients
2026-08-05 01:59:06,048 | INFO     | audio_analyzer               | [LIBROSA] Extracting chroma (harmonics)...
2026-08-05 01:59:06,174 | INFO     | audio_analyzer               | [LIBROSA] Chroma extracted: 12 pitch classes
2026-08-05 01:59:06,174 | INFO     | audio_analyzer               | [LIBROSA] Extracting spectral features...
2026-08-05 01:59:06,519 | INFO     | audio_analyzer               | [LIBROSA] Spectral: centroid=1747.3, rolloff=3812.4, bandwidth=2186.5
2026-08-05 01:59:06,519 | INFO     | audio_analyzer               | [LIBROSA] Extracting energy (RMS)...
2026-08-05 01:59:06,528 | INFO     | audio_analyzer               | [LIBROSA] Energy: mean=0.0507, var=0.0005
2026-08-05 01:59:06,528 | INFO     | audio_analyzer               | [LIBROSA] Extracting onset rate...
2026-08-05 01:59:06,602 | INFO     | audio_analyzer               | [LIBROSA] Onset rate: 1.5041
2026-08-05 01:59:06,641 | INFO     | audio_analyzer               | [LIBROSA] Inferring musical key...
2026-08-05 01:59:06,641 | INFO     | audio_analyzer               | [LIBROSA] Key: C#
2026-08-05 01:59:06,642 | INFO     | audio_analyzer               | [LIBROSA] Inferring scale (major/minor)...
2026-08-05 01:59:06,643 | INFO     | audio_analyzer               | [LIBROSA] Scale: major (major=-0.12, minor=-0.40)
2026-08-05 01:59:06,644 | INFO     | audio_analyzer               | Analyzed audio: BPM=117.5, RMS=0.051
2026-08-05 01:59:06,644 | INFO     | __main__                     | Analysis results for Love - Alone Again Or (2015 Remaster):
2026-08-05 01:59:06,644 | INFO     | __main__                     |   Audio features: OK
2026-08-05 01:59:06,644 | INFO     | __main__                     |   MusicBrainz: NOT FOUND
2026-08-05 01:59:06,645 | INFO     | __main__                     |   AcousticBrainz: NOT FOUND
2026-08-05 01:59:06,645 | INFO     | __main__                     |   Last.fm tags: 0
2026-08-05 01:59:06,645 | INFO     | feature_cache                | [CACHE] Saving features for: Love - Alone Again Or (2015 Remaster) (ID: 107473746)
2026-08-05 01:59:06,646 | INFO     | feature_cache                | [CACHE] Audio features: BPM=117.5, Energy=0.0507, MFCCs=13 coefficients
2026-08-05 01:59:06,646 | INFO     | feature_cache                | [CACHE] AcousticBrainz: NONE
2026-08-05 01:59:06,646 | INFO     | feature_cache                | [CACHE] MusicBrainz ID: NONE
2026-08-05 01:59:06,646 | INFO     | feature_cache                | [CACHE] Last.fm tags: NONE
2026-08-05 01:59:06,654 | INFO     | feature_cache                | [CACHE] ✓ Saved successfully for: Love - Alone Again Or (2015 Remaster)
2026-08-05 01:59:06,669 | INFO     | feature_cache                | Exported 94 tracks to cached_songs.json
2026-08-05 01:59:06,670 | INFO     | __main__                     | [STEP 6] User 240082844: Features OK: BPM=117.45383522727273
2026-08-05 01:59:06,670 | INFO     | deezer_helper                | [DEEZER] get_similar id=107473746 limit=5
2026-08-05 01:59:06,935 | INFO     | deezer_helper                | [DEEZER] get_similar id=107473746 -> 0 results
2026-08-05 01:59:06,935 | INFO     | user_prefs                   | [PLAYLIST_DB] add_to_user_playlist user=240082844 track=107473746 (Alone Again Or (2015 Remaster) - Love) bpm=117.45383522727273 energy=0.05070759728550911 valence=0 genre='' persian=False similar=0 lang=de recognized=True year=2015
2026-08-05 01:59:06,945 | INFO     | user_prefs                   | [PLAYLIST_DB] added OK user=240082844 track=107473746
2026-08-05 01:59:06,945 | INFO     | __main__                     | [STEP 7] User 240082844: Added: Alone Again Or (2015 Remaster) - Love (genre: ) lang=de year=2015
2026-08-05 01:59:06,945 | INFO     | __main__                     | [STEP 6] User 240082844: Processing 7/10: 'Alireza Ghorbani   Chera Chera (Nadan Nadan)' -> 'Alireza Ghorbani Chera Chera (Nadan Nadan)'
2026-08-05 01:59:07,153 | INFO     | __main__                     | [STEP 6] User 240082844: Searching Deezer for: Alireza Ghorbani Chera Chera (Nadan Nadan)
2026-08-05 01:59:07,153 | INFO     | deezer_helper                | [DEEZER] search query='Alireza Ghorbani Chera Chera (Nadan Nadan)' limit=3
2026-08-05 01:59:07,487 | INFO     | deezer_helper                | [DEEZER] search query='Alireza Ghorbani Chera Chera (Nadan Nadan)' -> 1 results
2026-08-05 01:59:07,487 | INFO     | __main__                     | [STEP 6] User 240082844: Found: Chera Chera (Nadan Nadan) - Alireza Ghorbani
2026-08-05 01:59:07,488 | INFO     | deezer_helper                | [DEEZER] get_track id=2321903925
2026-08-05 01:59:08,043 | INFO     | deezer_helper                | [DEEZER] get_track id=2321903925 -> Alireza Ghorbani - Chera Chera (Nadan Nadan) (genres=[])
2026-08-05 01:59:08,060 | INFO     | __main__                     | [STEP 6] User 240082844: Language: id (persian=False)
2026-08-05 01:59:08,060 | INFO     | __main__                     | [STEP 6] User 240082844: Analyzing features (librosa)...
2026-08-05 01:59:08,060 | INFO     | feature_cache                | [CACHE] Looking up features for track ID: 2321903925
2026-08-05 01:59:08,063 | INFO     | feature_cache                | [CACHE] Cache MISS for track ID: 2321903925
2026-08-05 01:59:08,064 | INFO     | __main__                     | Analyzing track: Alireza Ghorbani - Chera Chera (Nadan Nadan) (fast=False)
2026-08-05 01:59:08,064 | INFO     | audio_analyzer               | Downloading preview: https://cdnt-preview.dzcdn.net/api/1/1/2/b/6/0/2b6d59dd932b4ed195622ecc800d591e.mp3?hdnea=exp=1785883449~acl=/api/1/1/2/b/6/0/2b6d59dd932b4ed195622ecc800d591e.mp3*~data=user_id=0,application_id=42~hmac=41b33f0a83a6a1ad21fc132ab2ae5f89699c8b69c3890d5fee4f099ecc53dacc
2026-08-05 01:59:08,328 | INFO     | musicbrainz_client           | No MusicBrainz recording found for Alireza Ghorbani - Chera Chera (Nadan Nadan)
2026-08-05 01:59:11,855 | INFO     | audio_analyzer               | Downloaded 480245 bytes
2026-08-05 01:59:11,856 | INFO     | audio_analyzer               | Running librosa analysis...
2026-08-05 01:59:11,857 | INFO     | audio_analyzer               | [LIBROSA] Starting feature extraction...
2026-08-05 01:59:11,858 | INFO     | audio_analyzer               | [LIBROSA] Temp file created: C:\Users\Saeid\AppData\Local\Temp\tmp87chfkdk.mp3 (480245 bytes)
2026-08-05 01:59:11,858 | INFO     | audio_analyzer               | [LIBROSA] Loading audio file...
2026-08-05 01:59:11,968 | INFO     | audio_analyzer               | [LIBROSA] Audio loaded: 30.0 seconds, 22050 Hz sample rate
2026-08-05 01:59:11,970 | INFO     | audio_analyzer               | [LIBROSA] Extracting BPM...
2026-08-05 01:59:12,077 | INFO     | audio_analyzer               | [LIBROSA] BPM: 129.2
2026-08-05 01:59:12,077 | INFO     | audio_analyzer               | [LIBROSA] Extracting MFCCs (timbre)...
2026-08-05 01:59:12,162 | INFO     | audio_analyzer               | [LIBROSA] MFCCs extracted: 13 coefficients
2026-08-05 01:59:12,162 | INFO     | audio_analyzer               | [LIBROSA] Extracting chroma (harmonics)...
2026-08-05 01:59:12,293 | INFO     | audio_analyzer               | [LIBROSA] Chroma extracted: 12 pitch classes
2026-08-05 01:59:12,294 | INFO     | audio_analyzer               | [LIBROSA] Extracting spectral features...
2026-08-05 01:59:12,643 | INFO     | audio_analyzer               | [LIBROSA] Spectral: centroid=1983.2, rolloff=4260.9, bandwidth=2272.1
2026-08-05 01:59:12,643 | INFO     | audio_analyzer               | [LIBROSA] Extracting energy (RMS)...
2026-08-05 01:59:12,653 | INFO     | audio_analyzer               | [LIBROSA] Energy: mean=0.1922, var=0.0038
2026-08-05 01:59:12,653 | INFO     | audio_analyzer               | [LIBROSA] Extracting onset rate...
2026-08-05 01:59:12,713 | INFO     | audio_analyzer               | [LIBROSA] Onset rate: 1.4639
2026-08-05 01:59:12,749 | INFO     | audio_analyzer               | [LIBROSA] Inferring musical key...
2026-08-05 01:59:12,750 | INFO     | audio_analyzer               | [LIBROSA] Key: C
2026-08-05 01:59:12,750 | INFO     | audio_analyzer               | [LIBROSA] Inferring scale (major/minor)...
2026-08-05 01:59:12,751 | INFO     | audio_analyzer               | [LIBROSA] Scale: minor (major=0.24, minor=0.57)
2026-08-05 01:59:12,752 | INFO     | audio_analyzer               | Analyzed audio: BPM=129.2, RMS=0.192
2026-08-05 01:59:12,752 | INFO     | __main__                     | Analysis results for Alireza Ghorbani - Chera Chera (Nadan Nadan):
2026-08-05 01:59:12,752 | INFO     | __main__                     |   Audio features: OK
2026-08-05 01:59:12,753 | INFO     | __main__                     |   MusicBrainz: NOT FOUND
2026-08-05 01:59:12,753 | INFO     | __main__                     |   AcousticBrainz: NOT FOUND
2026-08-05 01:59:12,753 | INFO     | __main__                     |   Last.fm tags: 0
2026-08-05 01:59:12,753 | INFO     | feature_cache                | [CACHE] Saving features for: Alireza Ghorbani - Chera Chera (Nadan Nadan) (ID: 2321903925)
2026-08-05 01:59:12,754 | INFO     | feature_cache                | [CACHE] Audio features: BPM=129.2, Energy=0.1922, MFCCs=13 coefficients
2026-08-05 01:59:12,754 | INFO     | feature_cache                | [CACHE] AcousticBrainz: NONE
2026-08-05 01:59:12,754 | INFO     | feature_cache                | [CACHE] MusicBrainz ID: NONE
2026-08-05 01:59:12,754 | INFO     | feature_cache                | [CACHE] Last.fm tags: NONE
2026-08-05 01:59:12,763 | INFO     | feature_cache                | [CACHE] ✓ Saved successfully for: Alireza Ghorbani - Chera Chera (Nadan Nadan)
2026-08-05 01:59:12,777 | INFO     | feature_cache                | Exported 95 tracks to cached_songs.json
2026-08-05 01:59:12,778 | INFO     | __main__                     | [STEP 6] User 240082844: Features OK: BPM=129.19921875
2026-08-05 01:59:12,778 | INFO     | deezer_helper                | [DEEZER] get_similar id=2321903925 limit=5
2026-08-05 01:59:13,076 | INFO     | deezer_helper                | [DEEZER] get_similar id=2321903925 -> 0 results
2026-08-05 01:59:13,076 | INFO     | user_prefs                   | [PLAYLIST_DB] add_to_user_playlist user=240082844 track=2321903925 (Chera Chera (Nadan Nadan) - Alireza Ghorbani) bpm=129.19921875 energy=0.19224226474761963 valence=0 genre='Persian Traditional' persian=False similar=0 lang=id recognized=True year=2023
2026-08-05 01:59:13,086 | INFO     | user_prefs                   | [PLAYLIST_DB] added OK user=240082844 track=2321903925
2026-08-05 01:59:13,086 | INFO     | __main__                     | [STEP 7] User 240082844: Added: Chera Chera (Nadan Nadan) - Alireza Ghorbani (genre: Persian Traditional) lang=id year=2023
2026-08-05 01:59:13,086 | INFO     | __main__                     | [STEP 6] User 240082844: Processing 8/10: 'Alireza Ghorbani   Bi Gah Shod (Tasnif)' -> 'Alireza Ghorbani Bi Gah Shod (Tasnif)'
2026-08-05 01:59:13,826 | INFO     | __main__                     | [STEP 6] User 240082844: Searching Deezer for: Alireza Ghorbani Bi Gah Shod (Tasnif)
2026-08-05 01:59:13,826 | INFO     | deezer_helper                | [DEEZER] search query='Alireza Ghorbani Bi Gah Shod (Tasnif)' limit=3
2026-08-05 01:59:14,136 | INFO     | deezer_helper                | [DEEZER] search query='Alireza Ghorbani Bi Gah Shod (Tasnif)' -> 1 results
2026-08-05 01:59:14,136 | INFO     | __main__                     | [STEP 6] User 240082844: Found: Bi Gah Shod (Tasnif) - Alireza Ghorbani
2026-08-05 01:59:14,136 | INFO     | deezer_helper                | [DEEZER] get_track id=1205831952
2026-08-05 01:59:14,655 | INFO     | deezer_helper                | [DEEZER] get_track id=1205831952 -> Alireza Ghorbani - Bi Gah Shod (Tasnif) (genres=[])
2026-08-05 01:59:14,705 | INFO     | __main__                     | [STEP 6] User 240082844: Language: sl (persian=False)
2026-08-05 01:59:14,705 | INFO     | __main__                     | [STEP 6] User 240082844: Analyzing features (librosa)...
2026-08-05 01:59:14,705 | INFO     | feature_cache                | [CACHE] Looking up features for track ID: 1205831952
2026-08-05 01:59:14,708 | INFO     | feature_cache                | [CACHE] Cache MISS for track ID: 1205831952
2026-08-05 01:59:14,709 | INFO     | __main__                     | Analyzing track: Alireza Ghorbani - Bi Gah Shod (Tasnif) (fast=False)
2026-08-05 01:59:14,709 | INFO     | audio_analyzer               | Downloading preview: https://cdnt-preview.dzcdn.net/api/1/1/e/7/6/0/e7653c6d3eb873deb341b0645904a560.mp3?hdnea=exp=1785883455~acl=/api/1/1/e/7/6/0/e7653c6d3eb873deb341b0645904a560.mp3*~data=user_id=0,application_id=42~hmac=1f29cb7468edadefd29de171d1ff87bbe22118a2c117fd16061c5bff6dc68fa1
2026-08-05 01:59:17,987 | INFO     | audio_analyzer               | Downloaded 479827 bytes
2026-08-05 01:59:17,988 | INFO     | audio_analyzer               | Running librosa analysis...
2026-08-05 01:59:17,989 | INFO     | audio_analyzer               | [LIBROSA] Starting feature extraction...
2026-08-05 01:59:17,990 | INFO     | audio_analyzer               | [LIBROSA] Temp file created: C:\Users\Saeid\AppData\Local\Temp\tmpp97rb5l2.mp3 (479827 bytes)
2026-08-05 01:59:17,990 | INFO     | audio_analyzer               | [LIBROSA] Loading audio file...
2026-08-05 01:59:18,087 | INFO     | audio_analyzer               | [LIBROSA] Audio loaded: 30.0 seconds, 22050 Hz sample rate
2026-08-05 01:59:18,088 | INFO     | audio_analyzer               | [LIBROSA] Extracting BPM...
2026-08-05 01:59:18,202 | INFO     | audio_analyzer               | [LIBROSA] BPM: 161.5
2026-08-05 01:59:18,202 | INFO     | audio_analyzer               | [LIBROSA] Extracting MFCCs (timbre)...
2026-08-05 01:59:18,328 | INFO     | audio_analyzer               | [LIBROSA] MFCCs extracted: 13 coefficients
2026-08-05 01:59:18,329 | INFO     | audio_analyzer               | [LIBROSA] Extracting chroma (harmonics)...
2026-08-05 01:59:18,448 | INFO     | audio_analyzer               | [LIBROSA] Chroma extracted: 12 pitch classes
2026-08-05 01:59:18,448 | INFO     | audio_analyzer               | [LIBROSA] Extracting spectral features...
2026-08-05 01:59:18,791 | INFO     | audio_analyzer               | [LIBROSA] Spectral: centroid=2317.9, rolloff=5088.0, bandwidth=2530.4
2026-08-05 01:59:18,791 | INFO     | audio_analyzer               | [LIBROSA] Extracting energy (RMS)...
2026-08-05 01:59:18,801 | INFO     | audio_analyzer               | [LIBROSA] Energy: mean=0.1521, var=0.0049
2026-08-05 01:59:18,802 | INFO     | audio_analyzer               | [LIBROSA] Extracting onset rate...
2026-08-05 01:59:18,862 | INFO     | audio_analyzer               | [LIBROSA] Onset rate: 1.2257
2026-08-05 01:59:18,899 | INFO     | audio_analyzer               | [LIBROSA] Inferring musical key...
2026-08-05 01:59:18,899 | INFO     | audio_analyzer               | [LIBROSA] Key: C
2026-08-05 01:59:18,899 | INFO     | audio_analyzer               | [LIBROSA] Inferring scale (major/minor)...
2026-08-05 01:59:18,900 | INFO     | audio_analyzer               | [LIBROSA] Scale: minor (major=0.18, minor=0.20)
2026-08-05 01:59:18,900 | INFO     | audio_analyzer               | Analyzed audio: BPM=161.5, RMS=0.152
2026-08-05 01:59:19,202 | INFO     | musicbrainz_client           | No MusicBrainz recording found for Alireza Ghorbani - Bi Gah Shod (Tasnif)
2026-08-05 01:59:19,202 | INFO     | __main__                     | Analysis results for Alireza Ghorbani - Bi Gah Shod (Tasnif):
2026-08-05 01:59:19,202 | INFO     | __main__                     |   Audio features: OK
2026-08-05 01:59:19,202 | INFO     | __main__                     |   MusicBrainz: NOT FOUND
2026-08-05 01:59:19,203 | INFO     | __main__                     |   AcousticBrainz: NOT FOUND
2026-08-05 01:59:19,203 | INFO     | __main__                     |   Last.fm tags: 0
2026-08-05 01:59:19,203 | INFO     | feature_cache                | [CACHE] Saving features for: Alireza Ghorbani - Bi Gah Shod (Tasnif) (ID: 1205831952)
2026-08-05 01:59:19,203 | INFO     | feature_cache                | [CACHE] Audio features: BPM=161.5, Energy=0.1521, MFCCs=13 coefficients
2026-08-05 01:59:19,204 | INFO     | feature_cache                | [CACHE] AcousticBrainz: NONE
2026-08-05 01:59:19,204 | INFO     | feature_cache                | [CACHE] MusicBrainz ID: NONE
2026-08-05 01:59:19,204 | INFO     | feature_cache                | [CACHE] Last.fm tags: NONE
2026-08-05 01:59:19,213 | INFO     | feature_cache                | [CACHE] ✓ Saved successfully for: Alireza Ghorbani - Bi Gah Shod (Tasnif)
2026-08-05 01:59:19,225 | INFO     | feature_cache                | Exported 96 tracks to cached_songs.json
2026-08-05 01:59:19,226 | INFO     | __main__                     | [STEP 6] User 240082844: Features OK: BPM=161.4990234375
2026-08-05 01:59:19,226 | INFO     | deezer_helper                | [DEEZER] get_similar id=1205831952 limit=5
2026-08-05 01:59:19,468 | INFO     | deezer_helper                | [DEEZER] get_similar id=1205831952 -> 0 results
2026-08-05 01:59:19,468 | INFO     | user_prefs                   | [PLAYLIST_DB] add_to_user_playlist user=240082844 track=1205831952 (Bi Gah Shod (Tasnif) - Alireza Ghorbani) bpm=161.4990234375 energy=0.15208864212036133 valence=0 genre='Persian Traditional' persian=False similar=0 lang=sl recognized=True year=2015
2026-08-05 01:59:19,477 | INFO     | user_prefs                   | [PLAYLIST_DB] added OK user=240082844 track=1205831952
2026-08-05 01:59:19,478 | INFO     | __main__                     | [STEP 7] User 240082844: Added: Bi Gah Shod (Tasnif) - Alireza Ghorbani (genre: Persian Traditional) lang=sl year=2015
2026-08-05 01:59:19,478 | INFO     | __main__                     | [STEP 6] User 240082844: Processing 9/10: '05 Alan Jackson   Freight Train' -> 'Alan Jackson Freight Train'
2026-08-05 01:59:20,884 | INFO     | __main__                     | [STEP 6] User 240082844: Searching Deezer for: Alan Jackson Freight Train
2026-08-05 01:59:20,884 | INFO     | deezer_helper                | [DEEZER] search query='Alan Jackson Freight Train' limit=3
2026-08-05 01:59:21,150 | INFO     | deezer_helper                | [DEEZER] search query='Alan Jackson Freight Train' -> 3 results
2026-08-05 01:59:21,150 | INFO     | __main__                     | [STEP 6] User 240082844: Found: Freight Train - Alan Jackson
2026-08-05 01:59:21,151 | INFO     | deezer_helper                | [DEEZER] get_track id=5545052
2026-08-05 01:59:21,663 | INFO     | deezer_helper                | [DEEZER] get_track id=5545052 -> Alan Jackson - Freight Train (genres=[])
2026-08-05 01:59:21,691 | INFO     | __main__                     | [STEP 6] User 240082844: Language: en (persian=False)
2026-08-05 01:59:21,691 | INFO     | __main__                     | [STEP 6] User 240082844: Analyzing features (librosa)...
2026-08-05 01:59:21,691 | INFO     | feature_cache                | [CACHE] Looking up features for track ID: 5545052
2026-08-05 01:59:21,695 | INFO     | feature_cache                | [CACHE] Cache MISS for track ID: 5545052
2026-08-05 01:59:21,696 | INFO     | __main__                     | Analyzing track: Alan Jackson - Freight Train (fast=False)
2026-08-05 01:59:21,696 | INFO     | audio_analyzer               | Downloading preview: https://cdnt-preview.dzcdn.net/api/1/1/c/8/6/0/c868e3565e3bd7ec7e17456aec6cf234.mp3?hdnea=exp=1785883462~acl=/api/1/1/c/8/6/0/c868e3565e3bd7ec7e17456aec6cf234.mp3*~data=user_id=0,application_id=42~hmac=d6ba0140346b00eaa90ed2461422663a47cc528aca65e2adf40f4c244700b914
2026-08-05 01:59:23,015 | INFO     | audio_analyzer               | Downloaded 479827 bytes
2026-08-05 01:59:23,016 | INFO     | audio_analyzer               | Running librosa analysis...
2026-08-05 01:59:23,016 | INFO     | audio_analyzer               | [LIBROSA] Starting feature extraction...
2026-08-05 01:59:23,018 | INFO     | audio_analyzer               | [LIBROSA] Temp file created: C:\Users\Saeid\AppData\Local\Temp\tmpxw8odnjt.mp3 (479827 bytes)
2026-08-05 01:59:23,018 | INFO     | audio_analyzer               | [LIBROSA] Loading audio file...
2026-08-05 01:59:23,115 | INFO     | audio_analyzer               | [LIBROSA] Audio loaded: 30.0 seconds, 22050 Hz sample rate
2026-08-05 01:59:23,116 | INFO     | audio_analyzer               | [LIBROSA] Extracting BPM...
2026-08-05 01:59:23,257 | INFO     | audio_analyzer               | [LIBROSA] BPM: 123.0
2026-08-05 01:59:23,257 | INFO     | audio_analyzer               | [LIBROSA] Extracting MFCCs (timbre)...
2026-08-05 01:59:23,334 | INFO     | audio_analyzer               | [LIBROSA] MFCCs extracted: 13 coefficients
2026-08-05 01:59:23,335 | INFO     | audio_analyzer               | [LIBROSA] Extracting chroma (harmonics)...
2026-08-05 01:59:23,463 | INFO     | audio_analyzer               | [LIBROSA] Chroma extracted: 12 pitch classes
2026-08-05 01:59:23,463 | INFO     | audio_analyzer               | [LIBROSA] Extracting spectral features...
2026-08-05 01:59:23,815 | INFO     | audio_analyzer               | [LIBROSA] Spectral: centroid=2040.5, rolloff=4035.2, bandwidth=2232.3
2026-08-05 01:59:23,815 | INFO     | audio_analyzer               | [LIBROSA] Extracting energy (RMS)...
2026-08-05 01:59:23,824 | INFO     | audio_analyzer               | [LIBROSA] Energy: mean=0.2161, var=0.0036
2026-08-05 01:59:23,825 | INFO     | audio_analyzer               | [LIBROSA] Extracting onset rate...
2026-08-05 01:59:23,885 | INFO     | audio_analyzer               | [LIBROSA] Onset rate: 1.7342
2026-08-05 01:59:23,925 | INFO     | audio_analyzer               | [LIBROSA] Inferring musical key...
2026-08-05 01:59:23,926 | INFO     | audio_analyzer               | [LIBROSA] Key: G
2026-08-05 01:59:23,926 | INFO     | audio_analyzer               | [LIBROSA] Inferring scale (major/minor)...
2026-08-05 01:59:23,927 | INFO     | audio_analyzer               | [LIBROSA] Scale: minor (major=0.07, minor=0.32)
2026-08-05 01:59:23,928 | INFO     | audio_analyzer               | Analyzed audio: BPM=123.0, RMS=0.216
2026-08-05 01:59:25,486 | INFO     | musicbrainz_client           | Found MusicBrainz ID: eb83ec9a-8749-44bd-94fa-2f6aa1998b24 for Alan Jackson - Freight Train
2026-08-05 01:59:25,984 | INFO     | __main__                     | Analysis results for Alan Jackson - Freight Train:
2026-08-05 01:59:25,984 | INFO     | __main__                     |   Audio features: OK
2026-08-05 01:59:25,984 | INFO     | __main__                     |   MusicBrainz: OK
2026-08-05 01:59:25,984 | INFO     | __main__                     |   AcousticBrainz: NOT FOUND
2026-08-05 01:59:25,984 | INFO     | __main__                     |   Last.fm tags: 0
2026-08-05 01:59:25,985 | INFO     | feature_cache                | [CACHE] Saving features for: Alan Jackson - Freight Train (ID: 5545052)
2026-08-05 01:59:25,985 | INFO     | feature_cache                | [CACHE] Audio features: BPM=123.0, Energy=0.2161, MFCCs=13 coefficients
2026-08-05 01:59:25,985 | INFO     | feature_cache                | [CACHE] AcousticBrainz: NONE
2026-08-05 01:59:25,985 | INFO     | feature_cache                | [CACHE] MusicBrainz ID: eb83ec9a-8749-44bd-94fa-2f6aa1998b24
2026-08-05 01:59:25,986 | INFO     | feature_cache                | [CACHE] Last.fm tags: NONE
2026-08-05 01:59:25,994 | INFO     | feature_cache                | [CACHE] ✓ Saved successfully for: Alan Jackson - Freight Train
2026-08-05 01:59:26,005 | INFO     | feature_cache                | Exported 97 tracks to cached_songs.json
2026-08-05 01:59:26,006 | INFO     | __main__                     | [STEP 6] User 240082844: Features OK: BPM=123.046875
2026-08-05 01:59:26,006 | INFO     | deezer_helper                | [DEEZER] get_similar id=5545052 limit=5
2026-08-05 01:59:26,241 | INFO     | deezer_helper                | [DEEZER] get_similar id=5545052 -> 0 results
2026-08-05 01:59:26,241 | INFO     | user_prefs                   | [PLAYLIST_DB] add_to_user_playlist user=240082844 track=5545052 (Freight Train - Alan Jackson) bpm=123.046875 energy=0.21610598266124725 valence=0 genre='' persian=False similar=0 lang=en recognized=True year=2010
2026-08-05 01:59:26,250 | INFO     | user_prefs                   | [PLAYLIST_DB] added OK user=240082844 track=5545052
2026-08-05 01:59:26,251 | INFO     | __main__                     | [STEP 7] User 240082844: Added: Freight Train - Alan Jackson (genre: ) lang=en year=2010
2026-08-05 01:59:26,251 | INFO     | __main__                     | [STEP 6] User 240082844: Processing 10/10: '07 Cream   White Room' -> 'Cream White Room'
2026-08-05 01:59:26,997 | INFO     | __main__                     | [STEP 6] User 240082844: Searching Deezer for: Cream White Room
2026-08-05 01:59:26,999 | INFO     | deezer_helper                | [DEEZER] search query='Cream White Room' limit=3
2026-08-05 01:59:27,263 | INFO     | deezer_helper                | [DEEZER] search query='Cream White Room' -> 3 results
2026-08-05 01:59:27,263 | INFO     | __main__                     | [STEP 6] User 240082844: Found: White Room - Cream
2026-08-05 01:59:27,263 | INFO     | deezer_helper                | [DEEZER] get_track id=1175618
2026-08-05 01:59:27,789 | INFO     | deezer_helper                | [DEEZER] get_track id=1175618 -> Cream - White Room (genres=[])
2026-08-05 01:59:27,801 | INFO     | __main__                     | [STEP 6] User 240082844: Language: en (persian=False)
2026-08-05 01:59:27,802 | INFO     | __main__                     | [STEP 6] User 240082844: Analyzing features (librosa)...
2026-08-05 01:59:27,802 | INFO     | feature_cache                | [CACHE] Looking up features for track ID: 1175618
2026-08-05 01:59:27,804 | INFO     | feature_cache                | [CACHE] Cache MISS for track ID: 1175618
2026-08-05 01:59:27,805 | INFO     | __main__                     | Analyzing track: Cream - White Room (fast=False)
2026-08-05 01:59:27,805 | INFO     | audio_analyzer               | Downloading preview: https://cdnt-preview.dzcdn.net/api/1/1/7/2/6/0/72641dd3f99ba7e7109078d4fe503d2a.mp3?hdnea=exp=1785883468~acl=/api/1/1/7/2/6/0/72641dd3f99ba7e7109078d4fe503d2a.mp3*~data=user_id=0,application_id=42~hmac=c91bb8f4532e7b2b21352be944fdd401f4703f8863c403a9d1fea8a487b6ab0b
2026-08-05 01:59:29,163 | INFO     | audio_analyzer               | Downloaded 479827 bytes
2026-08-05 01:59:29,164 | INFO     | audio_analyzer               | Running librosa analysis...
2026-08-05 01:59:29,165 | INFO     | audio_analyzer               | [LIBROSA] Starting feature extraction...
2026-08-05 01:59:29,166 | INFO     | audio_analyzer               | [LIBROSA] Temp file created: C:\Users\Saeid\AppData\Local\Temp\tmpo4p_edsl.mp3 (479827 bytes)
2026-08-05 01:59:29,167 | INFO     | audio_analyzer               | [LIBROSA] Loading audio file...
2026-08-05 01:59:29,269 | INFO     | audio_analyzer               | [LIBROSA] Audio loaded: 30.0 seconds, 22050 Hz sample rate
2026-08-05 01:59:29,270 | INFO     | audio_analyzer               | [LIBROSA] Extracting BPM...
2026-08-05 01:59:29,394 | INFO     | audio_analyzer               | [LIBROSA] BPM: 112.3
2026-08-05 01:59:29,394 | INFO     | audio_analyzer               | [LIBROSA] Extracting MFCCs (timbre)...
2026-08-05 01:59:29,451 | INFO     | audio_analyzer               | [LIBROSA] MFCCs extracted: 13 coefficients
2026-08-05 01:59:29,451 | INFO     | audio_analyzer               | [LIBROSA] Extracting chroma (harmonics)...
2026-08-05 01:59:29,577 | INFO     | audio_analyzer               | [LIBROSA] Chroma extracted: 12 pitch classes
2026-08-05 01:59:29,577 | INFO     | audio_analyzer               | [LIBROSA] Extracting spectral features...
2026-08-05 01:59:29,915 | INFO     | audio_analyzer               | [LIBROSA] Spectral: centroid=2045.7, rolloff=4519.5, bandwidth=2385.0
2026-08-05 01:59:29,916 | INFO     | audio_analyzer               | [LIBROSA] Extracting energy (RMS)...
2026-08-05 01:59:29,925 | INFO     | audio_analyzer               | [LIBROSA] Energy: mean=0.0884, var=0.0004
2026-08-05 01:59:29,926 | INFO     | audio_analyzer               | [LIBROSA] Extracting onset rate...
2026-08-05 01:59:29,984 | INFO     | audio_analyzer               | [LIBROSA] Onset rate: 1.8215
2026-08-05 01:59:30,018 | INFO     | audio_analyzer               | [LIBROSA] Inferring musical key...
2026-08-05 01:59:30,018 | INFO     | audio_analyzer               | [LIBROSA] Key: F
2026-08-05 01:59:30,018 | INFO     | audio_analyzer               | [LIBROSA] Inferring scale (major/minor)...
2026-08-05 01:59:30,019 | INFO     | audio_analyzer               | [LIBROSA] Scale: major (major=0.43, minor=0.06)
2026-08-05 01:59:30,020 | INFO     | audio_analyzer               | Analyzed audio: BPM=112.3, RMS=0.088
2026-08-05 01:59:31,698 | INFO     | musicbrainz_client           | Found MusicBrainz ID: 65ad4a8d-4858-4a73-aeaa-ec387e333759 for Cream - White Room
2026-08-05 01:59:31,999 | INFO     | __main__                     | Analysis results for Cream - White Room:
2026-08-05 01:59:31,999 | INFO     | __main__                     |   Audio features: OK
2026-08-05 01:59:31,999 | INFO     | __main__                     |   MusicBrainz: OK
2026-08-05 01:59:31,999 | INFO     | __main__                     |   AcousticBrainz: NOT FOUND
2026-08-05 01:59:32,000 | INFO     | __main__                     |   Last.fm tags: 5
2026-08-05 01:59:32,000 | INFO     | feature_cache                | [CACHE] Saving features for: Cream - White Room (ID: 1175618)
2026-08-05 01:59:32,000 | INFO     | feature_cache                | [CACHE] Audio features: BPM=112.3, Energy=0.0884, MFCCs=13 coefficients
2026-08-05 01:59:32,000 | INFO     | feature_cache                | [CACHE] AcousticBrainz: NONE
2026-08-05 01:59:32,001 | INFO     | feature_cache                | [CACHE] MusicBrainz ID: 65ad4a8d-4858-4a73-aeaa-ec387e333759
2026-08-05 01:59:32,001 | INFO     | feature_cache                | [CACHE] Last.fm tags: classic rock, 60s, blues rock, rock, Cream
2026-08-05 01:59:32,009 | INFO     | feature_cache                | [CACHE] ✓ Saved successfully for: Cream - White Room
2026-08-05 01:59:32,022 | INFO     | feature_cache                | Exported 98 tracks to cached_songs.json
2026-08-05 01:59:32,022 | INFO     | __main__                     | [STEP 6] User 240082844: Features OK: BPM=112.34714673913044
2026-08-05 01:59:32,023 | INFO     | deezer_helper                | [DEEZER] get_similar id=1175618 limit=5
2026-08-05 01:59:32,255 | INFO     | deezer_helper                | [DEEZER] get_similar id=1175618 -> 0 results
2026-08-05 01:59:32,255 | INFO     | user_prefs                   | [PLAYLIST_DB] add_to_user_playlist user=240082844 track=1175618 (White Room - Cream) bpm=112.34714673913044 energy=0.08844757080078125 valence=0 genre='classic rock' persian=False similar=0 lang=en recognized=True year=1994
2026-08-05 01:59:32,264 | INFO     | user_prefs                   | [PLAYLIST_DB] added OK user=240082844 track=1175618
2026-08-05 01:59:32,264 | INFO     | __main__                     | [STEP 7] User 240082844: Added: White Room - Cream (genre: classic rock) lang=en year=1994
2026-08-05 01:59:32,265 | INFO     | __main__                     | [STEP 7] User 240082844: Processing complete: 10/10 added, 10 recognized, 0 failed
2026-08-05 01:59:32,265 | INFO     | user_prefs                   | [PLAYLIST_DB] get_user_taste_profile user=240082844
2026-08-05 01:59:32,273 | INFO     | user_prefs                   | [PLAYLIST_DB] taste_profile user=240082844 -> total=19 recognized=18 tracks=18 bpm=119.4 energy=0.15 valence=0.00 genres=['classic rock', 'Persian Traditional'] langs=[('en', 10), ('ar', 4), ('sl', 1), ('id', 1), ('de', 1), ('af', 1)]
2026-08-05 01:59:32,273 | INFO     | __main__                     | [STEP 9] User 240082844: Taste profile: 18 tracks, genres: {'classic rock': 3, 'Persian Traditional': 3}
2026-08-05 01:59:32,274 | INFO     | __main__                     | [STEP 8] User 240082844: Saving playlist to database
2026-08-05 01:59:32,981 | INFO     | __main__                     | [STEP 8] User 240082844: Results sent successfully
2026-08-05 02:01:45,337 | INFO     | __main__                     | [STEP 1] User 240082844: Received text: 🎮 Trivia...
2026-08-05 02:01:45,338 | INFO     | trivia_game                  | [TRIVIA] start_session user=240082844 (active sessions: 1)
2026-08-05 02:01:45,338 | INFO     | deezer_helper                | [DEEZER] search query='popular' limit=20
2026-08-05 02:01:45,858 | INFO     | deezer_helper                | [DEEZER] search query='popular' -> 20 results
2026-08-05 02:03:30,203 | INFO     | __main__                     | [STEP 1] User 240082844: Received text: 🎯 For Me...
2026-08-05 02:03:30,204 | INFO     | user_prefs                   | [PLAYLIST_DB] get_user_taste_profile user=240082844
2026-08-05 02:03:30,223 | INFO     | user_prefs                   | [PLAYLIST_DB] taste_profile user=240082844 -> total=19 recognized=18 tracks=18 bpm=119.4 energy=0.15 valence=0.00 genres=['classic rock', 'Persian Traditional'] langs=[('en', 10), ('ar', 4), ('sl', 1), ('id', 1), ('de', 1), ('af', 1)]
2026-08-05 02:03:30,906 | INFO     | user_prefs                   | [PLAYLIST_DB] get_all_similar_tracks user=240082844 -> 0 similar track ids (from 0 rows)
2026-08-05 02:03:30,906 | INFO     | user_prefs                   | [PLAYLIST_DB] get_random_recommendations user=240082844 -> none available
2026-08-05 02:09:35,486 | INFO     | bot                          | Loaded Persian genre database: 203 artists
2026-08-05 12:41:08,099 | INFO     | __main__                     | Loaded Persian genre database: 203 artists
2026-08-05 12:41:08,380 | INFO     | __main__                     | Music Suggest Bot v3 starting...
2026-08-05 12:41:09,566 | INFO     | user_prefs                   | [USER_DB] init_db: tables created; PATH=user_prefs.db
2026-08-05 12:41:09,571 | INFO     | feature_cache                | Feature cache initialized
2026-08-05 12:41:09,572 | INFO     | __main__                     | Bot initialized: Last.fm=OK
2026-08-05 12:41:09,786 | INFO     | telegram.ext.Application     | Application started
2026-08-05 12:41:40,733 | INFO     | __main__                     | [STEP 1] User 240082844: Received text: 🔍 Search...
2026-08-05 12:41:53,704 | INFO     | __main__                     | [STEP 1] User 240082844: Received text: bohemian rhapsody...
2026-08-05 12:41:54,480 | INFO     | deezer_helper                | [DEEZER] search query='bohemian rhapsody' limit=5
2026-08-05 12:41:55,987 | INFO     | deezer_helper                | [DEEZER] search query='bohemian rhapsody' -> 5 results
2026-08-05 12:41:55,988 | INFO     | __main__                     | [SEARCH] raw=5, clean-first reorder done -> 5 shown
2026-08-05 12:41:55,990 | INFO     | deezer_helper                | [DEEZER] search query='artist:Queen' limit=3
2026-08-05 12:41:56,318 | INFO     | deezer_helper                | [DEEZER] search query='artist:Queen' -> 3 results
2026-08-05 12:41:58,294 | INFO     | __main__                     | Callback received: chat_id=240082844, data=pick_original
2026-08-05 12:41:58,731 | INFO     | deezer_helper                | [DEEZER] search query='bohemian rhapsody' limit=10
2026-08-05 12:41:59,043 | INFO     | deezer_helper                | [DEEZER] search query='bohemian rhapsody' -> 10 results
2026-08-05 12:41:59,044 | INFO     | deezer_helper                | [DEEZER] get_track id=4091937401
2026-08-05 12:41:59,582 | INFO     | deezer_helper                | [DEEZER] get_track id=4091937401 -> Queen - Bohemian Rhapsody (genres=[])
2026-08-05 12:41:59,582 | INFO     | __main__                     | Fetched full track: Queen - Bohemian Rhapsody (genres: [], artist_id: 412)
2026-08-05 12:41:59,583 | INFO     | deezer_helper                | [DEEZER] search query='Queen' limit=10
2026-08-05 12:41:59,834 | INFO     | deezer_helper                | [DEEZER] search query='Queen' -> 10 results
2026-08-05 12:41:59,835 | INFO     | __main__                     | Search 'Queen': found 10 tracks, best ID=412 (count=10)
2026-08-05 12:42:00,043 | INFO     | feature_cache                | [CACHE] Looking up features for track ID: 4091937401
2026-08-05 12:42:00,047 | INFO     | feature_cache                | [CACHE] ✓ Cache HIT for track ID: 4091937401
2026-08-05 12:42:00,047 | INFO     | feature_cache                | [CACHE]   Audio: BPM=143.6, Energy=0.0805
2026-08-05 12:42:00,047 | INFO     | feature_cache                | [CACHE]   MusicBrainz: 46fe768c-7b38-4147-9f02-815b9f0759e2
2026-08-05 12:42:00,048 | INFO     | feature_cache                | [CACHE]   Last.fm tags: classic rock, rock, Queen
2026-08-05 12:42:00,049 | INFO     | __main__                     | Cache hit for: Queen - Bohemian Rhapsody
2026-08-05 12:42:00,049 | INFO     | __main__                     | [FLOW] main track analyzed: audio=True acoustic=False
2026-08-05 12:42:01,840 | INFO     | lastfm_client                | Last.fm found 10 similar tracks for Queen - Bohemian Rhapsody
2026-08-05 12:42:01,842 | INFO     | __main__                     | [FLOW] Last.fm similar for Bohemian Rhapsody: 10 found
2026-08-05 12:42:01,842 | INFO     | deezer_helper                | [DEEZER] search query="Don't Stop Me Now Queen" limit=1
2026-08-05 12:42:02,162 | INFO     | deezer_helper                | [DEEZER] search query="Don't Stop Me Now Queen" -> 1 results
2026-08-05 12:42:02,164 | INFO     | deezer_helper                | [DEEZER] search query='Another One Bites the Dust Queen' limit=1
2026-08-05 12:42:02,475 | INFO     | deezer_helper                | [DEEZER] search query='Another One Bites the Dust Queen' -> 1 results
2026-08-05 12:42:02,476 | INFO     | deezer_helper                | [DEEZER] search query='Dream On Aerosmith' limit=1
2026-08-05 12:42:02,745 | INFO     | deezer_helper                | [DEEZER] search query='Dream On Aerosmith' -> 1 results
2026-08-05 12:42:02,746 | INFO     | deezer_helper                | [DEEZER] search query='Stairway to Heaven Led Zeppelin' limit=1
2026-08-05 12:42:03,061 | INFO     | deezer_helper                | [DEEZER] search query='Stairway to Heaven Led Zeppelin' -> 1 results
2026-08-05 12:42:03,062 | INFO     | deezer_helper                | [DEEZER] search query='Mr. Blue Sky Electric Light Orchestra' limit=1
2026-08-05 12:42:03,403 | INFO     | deezer_helper                | [DEEZER] search query='Mr. Blue Sky Electric Light Orchestra' -> 1 results
2026-08-05 12:42:03,404 | INFO     | deezer_helper                | [DEEZER] search query='Starman David Bowie' limit=1
2026-08-05 12:42:03,790 | INFO     | deezer_helper                | [DEEZER] search query='Starman David Bowie' -> 1 results
2026-08-05 12:42:03,791 | INFO     | deezer_helper                | [DEEZER] search query='Under Pressure Queen & David Bowie' limit=1
2026-08-05 12:42:04,064 | INFO     | deezer_helper                | [DEEZER] search query='Under Pressure Queen & David Bowie' -> 1 results
2026-08-05 12:42:04,065 | INFO     | deezer_helper                | [DEEZER] search query="Livin' on a Prayer Bon Jovi" limit=1
2026-08-05 12:42:04,324 | INFO     | deezer_helper                | [DEEZER] search query="Livin' on a Prayer Bon Jovi" -> 1 results
2026-08-05 12:42:04,325 | INFO     | deezer_helper                | [DEEZER] get_similar id=4091937401 limit=20
2026-08-05 12:42:04,573 | INFO     | deezer_helper                | [DEEZER] get_similar id=4091937401 -> 0 results
2026-08-05 12:42:04,574 | INFO     | __main__                     | [FLOW] Deezer radio for Bohemian Rhapsody: found 0 tracks
2026-08-05 12:42:04,575 | INFO     | deezer_helper                | [DEEZER] get_artist_top id=412 limit=10
2026-08-05 12:42:04,952 | INFO     | deezer_helper                | [DEEZER] get_artist_top id=412 -> 10 results
2026-08-05 12:42:04,952 | INFO     | __main__                     | Same artist tracks for Queen (ID: 412): 10 found
2026-08-05 12:42:04,954 | INFO     | __main__                     |   Added same artist: Queen - I Want To Break Free (Single Remix)
2026-08-05 12:42:04,955 | INFO     | __main__                     |   Added same artist: Queen - Don't Stop Me Now
2026-08-05 12:42:04,955 | INFO     | __main__                     |   Added same artist: Queen - Another One Bites The Dust
2026-08-05 12:42:04,956 | INFO     | __main__                     |   Added same artist: Queen - I Want It All
2026-08-05 12:42:04,957 | INFO     | __main__                     |   Added same artist: Queen - Killer Queen
2026-08-05 12:42:04,958 | INFO     | __main__                     |   Added same artist: Queen - Radio Ga Ga (Live in Budapest)
2026-08-05 12:42:04,959 | INFO     | __main__                     |   Added same artist: Queen - The Show Must Go On
2026-08-05 12:42:04,959 | INFO     | __main__                     |   Added same artist: Queen - Friends Will Be Friends
2026-08-05 12:42:04,960 | INFO     | __main__                     | Same artist tracks found: 8
2026-08-05 12:42:04,961 | INFO     | __main__                     | Different artist tracks found: 5
2026-08-05 12:42:04,962 | INFO     | __main__                     | Total similar tracks: 6
2026-08-05 12:42:04,963 | INFO     | feature_cache                | [CACHE] Looking up features for track ID: 4092326621
2026-08-05 12:42:04,966 | INFO     | feature_cache                | [CACHE] Looking up features for track ID: 4092329741
2026-08-05 12:42:04,968 | INFO     | feature_cache                | [CACHE] Looking up features for track ID: 4092324041
2026-08-05 12:42:04,974 | INFO     | feature_cache                | [CACHE] ✓ Cache HIT for track ID: 4092329741
2026-08-05 12:42:04,976 | INFO     | feature_cache                | [CACHE]   Audio: BPM=152.0, Energy=0.2076
2026-08-05 12:42:04,977 | INFO     | feature_cache                | [CACHE]   MusicBrainz: 6c7bf247-ffb3-4d56-9f9e-b297abd9dd67
2026-08-05 12:42:04,977 | INFO     | feature_cache                | [CACHE]   Last.fm tags: classic rock, rock, Queen
2026-08-05 12:42:04,980 | INFO     | feature_cache                | [CACHE] ✓ Cache HIT for track ID: 4092326621
2026-08-05 12:42:04,982 | INFO     | feature_cache                | [CACHE]   Audio: BPM=107.7, Energy=0.1294
2026-08-05 12:42:04,984 | INFO     | feature_cache                | [CACHE] ✓ Cache HIT for track ID: 4092324041
2026-08-05 12:42:04,985 | INFO     | feature_cache                | [CACHE]   Audio: BPM=112.3, Energy=0.1733
2026-08-05 12:42:04,986 | INFO     | feature_cache                | [CACHE]   MusicBrainz: 4ef32b7c-e77c-4799-9245-74e74ff5f102
2026-08-05 12:42:04,987 | INFO     | feature_cache                | [CACHE]   Last.fm tags: classic rock, rock, 80s
2026-08-05 12:42:04,991 | INFO     | __main__                     | Cache hit for: Queen - Don't Stop Me Now
2026-08-05 12:42:04,992 | INFO     | feature_cache                | [CACHE] Looking up features for track ID: 2431707315
2026-08-05 12:42:04,995 | INFO     | __main__                     | Cache hit for: Queen - I Want To Break Free (Single Remix)
2026-08-05 12:42:04,996 | INFO     | __main__                     | Cache hit for: Queen - Another One Bites The Dust
2026-08-05 12:42:04,997 | INFO     | feature_cache                | [CACHE] Looking up features for track ID: 88003859
2026-08-05 12:42:04,998 | INFO     | feature_cache                | [CACHE] Looking up features for track ID: 112662184
2026-08-05 12:42:05,001 | INFO     | feature_cache                | [CACHE] ✓ Cache HIT for track ID: 88003859
2026-08-05 12:42:05,001 | INFO     | feature_cache                | [CACHE] ✓ Cache HIT for track ID: 2431707315
2026-08-05 12:42:05,002 | INFO     | feature_cache                | [CACHE]   Audio: BPM=76.0, Energy=0.1105
2026-08-05 12:42:05,002 | INFO     | feature_cache                | [CACHE]   MusicBrainz: e37f58f9-37d3-486c-8b7f-3cc0f6633926
2026-08-05 12:42:05,002 | INFO     | feature_cache                | [CACHE]   Last.fm tags: classic rock, rock, hard rock
2026-08-05 12:42:05,003 | INFO     | feature_cache                | [CACHE] Cache MISS for track ID: 112662184
2026-08-05 12:42:05,005 | INFO     | __main__                     | Cache hit for: Aerosmith - Dream On
2026-08-05 12:42:05,006 | INFO     | __main__                     | Cache entry without features for Led Zeppelin - Stairway to Heaven (Remaster), re-analyzing (track 88003859)
2026-08-05 12:42:05,006 | INFO     | __main__                     | Analyzing track: Led Zeppelin - Stairway to Heaven (Remaster) (fast=True)
2026-08-05 12:42:05,009 | INFO     | __main__                     | Analyzing track: Electric Light Orchestra - Mr. Blue Sky (fast=True)
2026-08-05 12:42:06,666 | INFO     | musicbrainz_client           | Found MusicBrainz ID: 7f85a0d0-c00b-441b-bd97-794e2a9f817b for Electric Light Orchestra - Mr. Blue Sky
2026-08-05 12:42:06,845 | INFO     | musicbrainz_client           | No MusicBrainz recording found for Led Zeppelin - Stairway to Heaven (Remaster)
2026-08-05 12:42:06,847 | INFO     | __main__                     | Analysis results for Led Zeppelin - Stairway to Heaven (Remaster):
2026-08-05 12:42:06,848 | INFO     | __main__                     |   Audio features: SKIPPED
2026-08-05 12:42:06,849 | INFO     | __main__                     |   MusicBrainz: NOT FOUND
2026-08-05 12:42:06,850 | INFO     | __main__                     |   AcousticBrainz: NOT FOUND
2026-08-05 12:42:06,852 | WARNING  | __main__                     | [FLOW] candidate analysis failed for Led Zeppelin - Stairway to Heaven (Remaster): 'NoneType' object has no attribute 'get'
2026-08-05 12:42:09,562 | INFO     | __main__                     | Analysis results for Electric Light Orchestra - Mr. Blue Sky:
2026-08-05 12:42:09,562 | INFO     | __main__                     |   Audio features: SKIPPED
2026-08-05 12:42:09,562 | INFO     | __main__                     |   MusicBrainz: OK
2026-08-05 12:42:09,562 | INFO     | __main__                     |   AcousticBrainz: NOT FOUND
2026-08-05 12:42:09,562 | WARNING  | __main__                     | [FLOW] candidate analysis failed for Electric Light Orchestra - Mr. Blue Sky: 'NoneType' object has no attribute 'get'
2026-08-05 12:42:09,563 | INFO     | __main__                     | [FLOW] candidate features ready: 4/6
2026-08-05 12:42:09,563 | INFO     | __main__                     | Similarity calc: target_audio=YES, target_acoustic=NO, candidates=6
2026-08-05 12:42:09,564 | INFO     | __main__                     | Similarity scores: [('I Want To Break Free (Single Remix)', 0.8303368775034323), ('Another One Bites The Dust', 0.8113152103863006), ('Dream On', 0.7645981829624984)]
2026-08-05 12:42:09,565 | INFO     | __main__                     | Building features - target_audio: YES, genres: []
2026-08-05 12:42:09,565 | INFO     | __main__                     | [GENRE] Deezer genres empty for Queen - Bohemian Rhapsody
2026-08-05 12:42:10,991 | INFO     | lastfm_client                | Last.fm artist tags for Queen: ['classic rock', 'rock', 'hard rock', 'glam rock', '80s']
2026-08-05 12:42:10,992 | INFO     | __main__                     | [GENRE] Last.fm genre for Queen: classic rock
2026-08-05 12:42:48,411 | INFO     | __main__                     | [STEP 1] User 240082844: Received text: 📋 My Playlist...
2026-08-05 12:42:48,418 | INFO     | user_prefs                   | [PLAYLIST_DB] get_user_playlist user=240082844 -> 15 rows
2026-08-05 12:42:48,418 | INFO     | user_prefs                   | [PLAYLIST_DB] get_user_taste_profile user=240082844
2026-08-05 12:42:48,425 | INFO     | user_prefs                   | [PLAYLIST_DB] taste_profile user=240082844 -> total=15 recognized=14 tracks=14 bpm=121.7 energy=0.16 valence=0.00 genres=['classic rock', 'Persian Traditional'] langs=[('en', 9), ('fa', 3), ('ar', 2)]
2026-08-05 12:43:15,215 | INFO     | __main__                     | [STEP 1] User 240082844: Received text: 🎯 For Me...
2026-08-05 12:43:15,215 | INFO     | user_prefs                   | [PLAYLIST_DB] get_user_taste_profile user=240082844
2026-08-05 12:43:15,225 | INFO     | user_prefs                   | [PLAYLIST_DB] taste_profile user=240082844 -> total=15 recognized=14 tracks=14 bpm=121.7 energy=0.16 valence=0.00 genres=['classic rock', 'Persian Traditional'] langs=[('en', 9), ('fa', 3), ('ar', 2)]
2026-08-05 12:43:15,751 | INFO     | user_prefs                   | [PLAYLIST_DB] get_all_similar_tracks user=240082844 -> 0 similar track ids (from 0 rows)
2026-08-05 12:43:15,751 | INFO     | user_prefs                   | [PLAYLIST_DB] get_random_recommendations user=240082844 -> none available
2026-08-05 12:44:13,507 | WARNING  | __main__                     | Unhandled error: httpx.RemoteProtocolError: Server disconnected without sending a response.
2026-08-05 12:57:23,192 | INFO     | __main__                     | Loaded Persian genre database: 203 artists
2026-08-05 12:57:23,480 | INFO     | __main__                     | Music Suggest Bot v3 starting...
2026-08-05 12:57:24,242 | INFO     | user_prefs                   | [USER_DB] init_db: tables created; PATH=user_prefs.db
2026-08-05 12:57:24,250 | INFO     | feature_cache                | Feature cache initialized
2026-08-05 12:57:24,253 | INFO     | __main__                     | Bot initialized: Last.fm=OK
2026-08-05 12:57:24,426 | INFO     | telegram.ext.Application     | Application started
2026-08-05 12:58:16,903 | INFO     | __main__                     | [STEP 1] User 240082844: Received text: 🔍 Search...
2026-08-05 12:58:33,244 | INFO     | __main__                     | [STEP 1] User 240082844: Received text: 📋 My Playlist...
2026-08-05 12:58:33,262 | INFO     | user_prefs                   | [PLAYLIST_DB] get_user_playlist user=240082844 -> 15 rows
2026-08-05 12:58:33,263 | INFO     | user_prefs                   | [PLAYLIST_DB] get_user_taste_profile user=240082844
2026-08-05 12:58:33,279 | INFO     | user_prefs                   | [PLAYLIST_DB] taste_profile user=240082844 -> total=15 recognized=14 tracks=14 bpm=121.7 energy=0.16 valence=0.00 genres=['classic rock', 'Persian Traditional'] langs=[('en', 9), ('fa', 3), ('ar', 2)]
2026-08-05 12:58:42,232 | INFO     | __main__                     | [STEP 1] User 240082844: Received text: ➕ Add to Playlist...
2026-08-05 12:58:42,233 | INFO     | __main__                     | [STEP 2] User 240082844: Entering playlist mode
2026-08-05 12:59:15,476 | INFO     | __main__                     | [STEP 1] User 240082844: Received text: ✅ Done (11 songs)...
2026-08-05 12:59:15,477 | INFO     | __main__                     | [STEP 3] User 240082844: Done button pressed, starting processing
2026-08-05 12:59:15,478 | INFO     | __main__                     | [STEP 4] User 240082844: Starting processing
2026-08-05 12:59:15,479 | INFO     | __main__                     | [STEP 4] User 240082844: Got 11 pending songs
2026-08-05 12:59:15,480 | INFO     | __main__                     | [STEP 4] User 240082844: Parsed 11 songs from input
2026-08-05 12:59:15,482 | INFO     | __main__                     | [STEP 5] User 240082844: Cleaned 11 songs
2026-08-05 12:59:16,253 | INFO     | __main__                     | [STEP 6] User 240082844: Processing 1/11: 'Boney M wapos.ru Bahama Mama' -> 'Boney M wapos.ru Bahama Mama'
2026-08-05 12:59:16,447 | INFO     | __main__                     | [STEP 6] User 240082844: Searching Deezer for: Boney M wapos.ru Bahama Mama
2026-08-05 12:59:16,448 | INFO     | deezer_helper                | [DEEZER] search query='Boney M wapos.ru Bahama Mama' limit=3
2026-08-05 12:59:17,716 | INFO     | deezer_helper                | [DEEZER] search query='Boney M wapos.ru Bahama Mama' -> 0 results
2026-08-05 12:59:17,717 | INFO     | __main__                     | [STEP 6] User 240082844: No results for: Boney M wapos.ru Bahama Mama
2026-08-05 12:59:17,738 | INFO     | user_prefs                   | [PLAYLIST_DB] added OK user=240082844 track=0 (Boney M wapos.ru Bahama Mama - ) lang=en year=0
2026-08-05 12:59:17,741 | INFO     | __main__                     | [STEP 6] User 240082844: Processing 2/11: '12 Chuck Berry   You Never Can Tell' -> 'Chuck Berry You Never Can Tell'
2026-08-05 12:59:17,951 | INFO     | __main__                     | [STEP 6] User 240082844: Searching Deezer for: Chuck Berry You Never Can Tell
2026-08-05 12:59:17,952 | INFO     | deezer_helper                | [DEEZER] search query='Chuck Berry You Never Can Tell' limit=3
2026-08-05 12:59:18,266 | INFO     | deezer_helper                | [DEEZER] search query='Chuck Berry You Never Can Tell' -> 3 results
2026-08-05 12:59:18,267 | INFO     | __main__                     | [STEP 6] User 240082844: Found: You Never Can Tell - Chuck Berry
2026-08-05 12:59:18,267 | INFO     | deezer_helper                | [DEEZER] get_track id=646290952
2026-08-05 12:59:18,875 | INFO     | deezer_helper                | [DEEZER] get_track id=646290952 -> Chuck Berry - You Never Can Tell (genres=[])
2026-08-05 12:59:18,912 | INFO     | __main__                     | [STEP 6] User 240082844: Language: en (persian=False)
2026-08-05 12:59:18,913 | INFO     | __main__                     | [STEP 6] User 240082844: Analyzing features (librosa)...
2026-08-05 12:59:18,914 | INFO     | feature_cache                | [CACHE] Looking up features for track ID: 646290952
2026-08-05 12:59:18,917 | INFO     | feature_cache                | [CACHE] Cache MISS for track ID: 646290952
2026-08-05 12:59:18,918 | INFO     | __main__                     | Analyzing track: Chuck Berry - You Never Can Tell (fast=False)
2026-08-05 12:59:18,918 | INFO     | audio_analyzer               | Downloading preview: https://cdnt-preview.dzcdn.net/api/1/1/e/4/9/0/e492f44650820a0b1f4b72eb54421ec3.mp3?hdnea=exp=1785923060~acl=/api/1/1/e/4/9/0/e492f44650820a0b1f4b72eb54421ec3.mp3*~data=user_id=0,application_id=42~hmac=4232974606546c5af9496d7fae109ce728585abe5c537cfd2f28ecb9fede6254
2026-08-05 12:59:19,724 | INFO     | musicbrainz_client           | Found MusicBrainz ID: f45807c4-095a-44c6-95d1-7111d877c117 for Chuck Berry - You Never Can Tell
2026-08-05 12:59:21,178 | INFO     | audio_analyzer               | Downloaded 479827 bytes
2026-08-05 12:59:21,180 | INFO     | audio_analyzer               | Running librosa analysis...
2026-08-05 12:59:21,233 | INFO     | audio_analyzer               | [LIBROSA] Starting feature extraction...
2026-08-05 12:59:21,235 | INFO     | audio_analyzer               | [LIBROSA] Temp file created: C:\Users\Saeid\AppData\Local\Temp\tmp_bymqioy.mp3 (479827 bytes)
2026-08-05 12:59:21,236 | INFO     | audio_analyzer               | [LIBROSA] Loading audio file...
2026-08-05 12:59:34,763 | INFO     | audio_analyzer               | [LIBROSA] Audio loaded: 30.0 seconds, 22050 Hz sample rate
2026-08-05 12:59:34,763 | INFO     | audio_analyzer               | [LIBROSA] Extracting BPM...
2026-08-05 12:59:37,855 | INFO     | audio_analyzer               | [LIBROSA] BPM: 152.0
2026-08-05 12:59:37,855 | INFO     | audio_analyzer               | [LIBROSA] Extracting MFCCs (timbre)...
2026-08-05 12:59:37,907 | INFO     | audio_analyzer               | [LIBROSA] MFCCs extracted: 13 coefficients
2026-08-05 12:59:37,908 | INFO     | audio_analyzer               | [LIBROSA] Extracting chroma (harmonics)...
2026-08-05 12:59:38,013 | INFO     | audio_analyzer               | [LIBROSA] Chroma extracted: 12 pitch classes
2026-08-05 12:59:38,013 | INFO     | audio_analyzer               | [LIBROSA] Extracting spectral features...
2026-08-05 12:59:38,312 | INFO     | audio_analyzer               | [LIBROSA] Spectral: centroid=1821.6, rolloff=3705.7, bandwidth=2044.5
2026-08-05 12:59:38,313 | INFO     | audio_analyzer               | [LIBROSA] Extracting energy (RMS)...
2026-08-05 12:59:38,321 | INFO     | audio_analyzer               | [LIBROSA] Energy: mean=0.0956, var=0.0006
2026-08-05 12:59:38,322 | INFO     | audio_analyzer               | [LIBROSA] Extracting onset rate...
2026-08-05 12:59:38,373 | INFO     | audio_analyzer               | [LIBROSA] Onset rate: 1.5475
2026-08-05 12:59:38,404 | INFO     | audio_analyzer               | [LIBROSA] Inferring musical key...
2026-08-05 12:59:38,404 | INFO     | audio_analyzer               | [LIBROSA] Key: G
2026-08-05 12:59:38,404 | INFO     | audio_analyzer               | [LIBROSA] Inferring scale (major/minor)...
2026-08-05 12:59:38,405 | INFO     | audio_analyzer               | [LIBROSA] Scale: major (major=0.61, minor=0.27)
2026-08-05 12:59:38,406 | INFO     | audio_analyzer               | Analyzed audio: BPM=152.0, RMS=0.096
2026-08-05 12:59:38,407 | INFO     | __main__                     | Analysis results for Chuck Berry - You Never Can Tell:
2026-08-05 12:59:38,407 | INFO     | __main__                     |   Audio features: OK
2026-08-05 12:59:38,408 | INFO     | __main__                     |   MusicBrainz: OK
2026-08-05 12:59:38,408 | INFO     | __main__                     |   AcousticBrainz: NOT FOUND
2026-08-05 12:59:38,409 | INFO     | __main__                     |   Last.fm tags: 0
2026-08-05 12:59:38,409 | INFO     | feature_cache                | [CACHE] Saving features for: Chuck Berry - You Never Can Tell (ID: 646290952)
2026-08-05 12:59:38,409 | INFO     | feature_cache                | [CACHE] Audio features: BPM=152.0, Energy=0.0956, MFCCs=13 coefficients
2026-08-05 12:59:38,409 | INFO     | feature_cache                | [CACHE] AcousticBrainz: NONE
2026-08-05 12:59:38,410 | INFO     | feature_cache                | [CACHE] MusicBrainz ID: f45807c4-095a-44c6-95d1-7111d877c117
2026-08-05 12:59:38,410 | INFO     | feature_cache                | [CACHE] Last.fm tags: NONE
2026-08-05 12:59:38,417 | INFO     | feature_cache                | [CACHE] ✓ Saved successfully for: Chuck Berry - You Never Can Tell
2026-08-05 12:59:38,428 | INFO     | feature_cache                | Exported 99 tracks to cached_songs.json
2026-08-05 12:59:38,429 | INFO     | __main__                     | [STEP 6] User 240082844: Features OK: BPM=151.99908088235293
2026-08-05 12:59:38,429 | INFO     | deezer_helper                | [DEEZER] get_similar id=646290952 limit=5
2026-08-05 12:59:39,360 | INFO     | deezer_helper                | [DEEZER] get_similar id=646290952 -> 0 results
2026-08-05 12:59:39,382 | INFO     | user_prefs                   | [PLAYLIST_DB] added OK user=240082844 track=646290952 (You Never Can Tell - Chuck Berry) lang=en year=2019
2026-08-05 12:59:39,382 | INFO     | __main__                     | [STEP 7] User 240082844: Added: You Never Can Tell - Chuck Berry (genre: ) lang=en year=2019
2026-08-05 12:59:39,383 | INFO     | __main__                     | [STEP 6] User 240082844: Processing 3/11: '1|7   Under The Black Sun   Bulbous Creation (320)' -> '1|7 Under The Black Sun Bulbous Creation'
2026-08-05 12:59:40,520 | INFO     | __main__                     | [STEP 6] User 240082844: Searching Deezer for: 1|7 Under The Black Sun Bulbous Creation
2026-08-05 12:59:40,521 | INFO     | deezer_helper                | [DEEZER] search query='1|7 Under The Black Sun Bulbous Creation' limit=3
2026-08-05 12:59:40,900 | INFO     | deezer_helper                | [DEEZER] search query='1|7 Under The Black Sun Bulbous Creation' -> 0 results
2026-08-05 12:59:40,901 | INFO     | __main__                     | [STEP 6] User 240082844: No results for: 1|7 Under The Black Sun Bulbous Creation
2026-08-05 12:59:40,927 | INFO     | user_prefs                   | [PLAYLIST_DB] added OK user=240082844 track=0 (1|7 Under The Black Sun Bulbous Creation - ) lang=en year=0
2026-08-05 12:59:40,929 | INFO     | __main__                     | [STEP 6] User 240082844: Processing 4/11: 'Rockin  Robin   Michael Jackson' -> 'Rockin Robin Michael Jackson'
2026-08-05 12:59:41,191 | INFO     | __main__                     | [STEP 6] User 240082844: Searching Deezer for: Rockin Robin Michael Jackson
2026-08-05 12:59:41,192 | INFO     | deezer_helper                | [DEEZER] search query='Rockin Robin Michael Jackson' limit=3
2026-08-05 12:59:41,575 | INFO     | deezer_helper                | [DEEZER] search query='Rockin Robin Michael Jackson' -> 3 results
2026-08-05 12:59:41,576 | INFO     | __main__                     | [STEP 6] User 240082844: Found: Rockin' Robin - Michael Jackson
2026-08-05 12:59:41,577 | INFO     | deezer_helper                | [DEEZER] get_track id=920114
2026-08-05 12:59:42,131 | INFO     | deezer_helper                | [DEEZER] get_track id=920114 -> Michael Jackson - Rockin' Robin (genres=[])
2026-08-05 12:59:43,277 | INFO     | __main__                     | [STEP 6] User 240082844: Language: en (persian=False)
2026-08-05 12:59:43,277 | INFO     | __main__                     | [STEP 6] User 240082844: Analyzing features (librosa)...
2026-08-05 12:59:43,278 | INFO     | feature_cache                | [CACHE] Looking up features for track ID: 920114
2026-08-05 12:59:43,280 | INFO     | feature_cache                | [CACHE] Cache MISS for track ID: 920114
2026-08-05 12:59:43,280 | INFO     | __main__                     | Analyzing track: Michael Jackson - Rockin' Robin (fast=False)
2026-08-05 12:59:43,281 | INFO     | audio_analyzer               | Downloading preview: https://cdnt-preview.dzcdn.net/api/1/1/1/0/8/0/108529ef35d2691af64f7490e82358af.mp3?hdnea=exp=1785923083~acl=/api/1/1/1/0/8/0/108529ef35d2691af64f7490e82358af.mp3*~data=user_id=0,application_id=42~hmac=ddee898e9f6feb169c0409bb9f690a0a4d443b6c7376338fa516fa68e19b49d8
2026-08-05 12:59:44,179 | INFO     | musicbrainz_client           | Found MusicBrainz ID: 9a969d77-db44-4376-a2be-90c977360ae5 for Michael Jackson - Rockin' Robin
2026-08-05 12:59:44,885 | INFO     | audio_analyzer               | Downloaded 479827 bytes
2026-08-05 12:59:44,887 | INFO     | audio_analyzer               | Running librosa analysis...
2026-08-05 12:59:44,889 | INFO     | audio_analyzer               | [LIBROSA] Starting feature extraction...
2026-08-05 12:59:44,892 | INFO     | audio_analyzer               | [LIBROSA] Temp file created: C:\Users\Saeid\AppData\Local\Temp\tmpd6t96t_q.mp3 (479827 bytes)
2026-08-05 12:59:44,894 | INFO     | audio_analyzer               | [LIBROSA] Loading audio file...
2026-08-05 12:59:44,999 | INFO     | audio_analyzer               | [LIBROSA] Audio loaded: 30.0 seconds, 22050 Hz sample rate
2026-08-05 12:59:45,000 | INFO     | audio_analyzer               | [LIBROSA] Extracting BPM...
2026-08-05 12:59:45,097 | INFO     | audio_analyzer               | [LIBROSA] BPM: 86.1
2026-08-05 12:59:45,097 | INFO     | audio_analyzer               | [LIBROSA] Extracting MFCCs (timbre)...
2026-08-05 12:59:45,149 | INFO     | audio_analyzer               | [LIBROSA] MFCCs extracted: 13 coefficients
2026-08-05 12:59:45,149 | INFO     | audio_analyzer               | [LIBROSA] Extracting chroma (harmonics)...
2026-08-05 12:59:45,255 | INFO     | audio_analyzer               | [LIBROSA] Chroma extracted: 12 pitch classes
2026-08-05 12:59:45,256 | INFO     | audio_analyzer               | [LIBROSA] Extracting spectral features...
2026-08-05 12:59:45,555 | INFO     | audio_analyzer               | [LIBROSA] Spectral: centroid=2439.3, rolloff=5364.3, bandwidth=2532.9
2026-08-05 12:59:45,556 | INFO     | audio_analyzer               | [LIBROSA] Extracting energy (RMS)...
2026-08-05 12:59:45,564 | INFO     | audio_analyzer               | [LIBROSA] Energy: mean=0.1813, var=0.0019
2026-08-05 12:59:45,565 | INFO     | audio_analyzer               | [LIBROSA] Extracting onset rate...
2026-08-05 12:59:45,617 | INFO     | audio_analyzer               | [LIBROSA] Onset rate: 1.6451
2026-08-05 12:59:45,647 | INFO     | audio_analyzer               | [LIBROSA] Inferring musical key...
2026-08-05 12:59:45,647 | INFO     | audio_analyzer               | [LIBROSA] Key: F
2026-08-05 12:59:45,648 | INFO     | audio_analyzer               | [LIBROSA] Inferring scale (major/minor)...
2026-08-05 12:59:45,648 | INFO     | audio_analyzer               | [LIBROSA] Scale: minor (major=0.14, minor=0.15)
2026-08-05 12:59:45,649 | INFO     | audio_analyzer               | Analyzed audio: BPM=86.1, RMS=0.181
2026-08-05 12:59:45,649 | INFO     | __main__                     | Analysis results for Michael Jackson - Rockin' Robin:
2026-08-05 12:59:45,649 | INFO     | __main__                     |   Audio features: OK
2026-08-05 12:59:45,650 | INFO     | __main__                     |   MusicBrainz: OK
2026-08-05 12:59:45,650 | INFO     | __main__                     |   AcousticBrainz: NOT FOUND
2026-08-05 12:59:45,650 | INFO     | __main__                     |   Last.fm tags: 0
2026-08-05 12:59:45,650 | INFO     | feature_cache                | [CACHE] Saving features for: Michael Jackson - Rockin' Robin (ID: 920114)
2026-08-05 12:59:45,651 | INFO     | feature_cache                | [CACHE] Audio features: BPM=86.1, Energy=0.1813, MFCCs=13 coefficients
2026-08-05 12:59:45,651 | INFO     | feature_cache                | [CACHE] AcousticBrainz: NONE
2026-08-05 12:59:45,651 | INFO     | feature_cache                | [CACHE] MusicBrainz ID: 9a969d77-db44-4376-a2be-90c977360ae5
2026-08-05 12:59:45,652 | INFO     | feature_cache                | [CACHE] Last.fm tags: NONE
2026-08-05 12:59:45,659 | INFO     | feature_cache                | [CACHE] ✓ Saved successfully for: Michael Jackson - Rockin' Robin
2026-08-05 12:59:45,671 | INFO     | feature_cache                | Exported 100 tracks to cached_songs.json
2026-08-05 12:59:45,671 | INFO     | __main__                     | [STEP 6] User 240082844: Features OK: BPM=86.1328125
2026-08-05 12:59:45,671 | INFO     | deezer_helper                | [DEEZER] get_similar id=920114 limit=5
2026-08-05 12:59:45,912 | INFO     | deezer_helper                | [DEEZER] get_similar id=920114 -> 0 results
2026-08-05 12:59:45,936 | INFO     | user_prefs                   | [PLAYLIST_DB] added OK user=240082844 track=920114 (Rockin' Robin - Michael Jackson) lang=en year=1996
2026-08-05 12:59:45,937 | INFO     | __main__                     | [STEP 7] User 240082844: Added: Rockin' Robin - Michael Jackson (genre: ) lang=en year=1996
2026-08-05 12:59:45,938 | INFO     | __main__                     | [STEP 6] User 240082844: Processing 5/11: 'music' -> 'music'
2026-08-05 12:59:46,683 | INFO     | __main__                     | [STEP 6] User 240082844: Searching Deezer for: music
2026-08-05 12:59:46,684 | INFO     | deezer_helper                | [DEEZER] search query='music' limit=3
2026-08-05 12:59:47,000 | INFO     | deezer_helper                | [DEEZER] search query='music' -> 3 results
2026-08-05 12:59:47,001 | INFO     | __main__                     | [STEP 6] User 240082844: Found: Music - Madonna
2026-08-05 12:59:47,002 | INFO     | deezer_helper                | [DEEZER] get_track id=3667551
2026-08-05 12:59:47,721 | INFO     | deezer_helper                | [DEEZER] get_track id=3667551 -> Madonna - Music (genres=[])
2026-08-05 12:59:47,725 | INFO     | __main__                     | [STEP 6] User 240082844: Language: en (persian=False)
2026-08-05 12:59:47,726 | INFO     | __main__                     | [STEP 6] User 240082844: Analyzing features (librosa)...
2026-08-05 12:59:47,727 | INFO     | feature_cache                | [CACHE] Looking up features for track ID: 3667551
2026-08-05 12:59:47,736 | INFO     | feature_cache                | [CACHE] Cache MISS for track ID: 3667551
2026-08-05 12:59:47,739 | INFO     | __main__                     | Analyzing track: Madonna - Music (fast=False)
2026-08-05 12:59:47,740 | INFO     | audio_analyzer               | Downloading preview: https://cdnt-preview.dzcdn.net/api/1/1/2/4/2/0/242549b4a7dd2d5b655e88ddb6f8693a.mp3?hdnea=exp=1785923088~acl=/api/1/1/2/4/2/0/242549b4a7dd2d5b655e88ddb6f8693a.mp3*~data=user_id=0,application_id=42~hmac=a37a00381f63422ee4dbb093ec90e40fe221b72edf1b22d7d9e2fe18cb6aabb3
2026-08-05 12:59:48,140 | INFO     | musicbrainz_client           | Found MusicBrainz ID: 9eab7443-178e-4959-9034-178813cb0690 for Madonna - Music
2026-08-05 12:59:49,375 | INFO     | audio_analyzer               | Downloaded 479827 bytes
2026-08-05 12:59:49,377 | INFO     | audio_analyzer               | Running librosa analysis...
2026-08-05 12:59:49,378 | INFO     | audio_analyzer               | [LIBROSA] Starting feature extraction...
2026-08-05 12:59:49,382 | INFO     | audio_analyzer               | [LIBROSA] Temp file created: C:\Users\Saeid\AppData\Local\Temp\tmpaqaa8diz.mp3 (479827 bytes)
2026-08-05 12:59:49,384 | INFO     | audio_analyzer               | [LIBROSA] Loading audio file...
2026-08-05 12:59:49,515 | INFO     | audio_analyzer               | [LIBROSA] Audio loaded: 30.0 seconds, 22050 Hz sample rate
2026-08-05 12:59:49,516 | INFO     | audio_analyzer               | [LIBROSA] Extracting BPM...
2026-08-05 12:59:49,613 | INFO     | audio_analyzer               | [LIBROSA] BPM: 117.5
2026-08-05 12:59:49,613 | INFO     | audio_analyzer               | [LIBROSA] Extracting MFCCs (timbre)...
2026-08-05 12:59:49,665 | INFO     | audio_analyzer               | [LIBROSA] MFCCs extracted: 13 coefficients
2026-08-05 12:59:49,665 | INFO     | audio_analyzer               | [LIBROSA] Extracting chroma (harmonics)...
2026-08-05 12:59:49,769 | INFO     | audio_analyzer               | [LIBROSA] Chroma extracted: 12 pitch classes
2026-08-05 12:59:49,770 | INFO     | audio_analyzer               | [LIBROSA] Extracting spectral features...
2026-08-05 12:59:50,075 | INFO     | audio_analyzer               | [LIBROSA] Spectral: centroid=2930.7, rolloff=6106.3, bandwidth=2725.5
2026-08-05 12:59:50,075 | INFO     | audio_analyzer               | [LIBROSA] Extracting energy (RMS)...
2026-08-05 12:59:50,084 | INFO     | audio_analyzer               | [LIBROSA] Energy: mean=0.1723, var=0.0103
2026-08-05 12:59:50,084 | INFO     | audio_analyzer               | [LIBROSA] Extracting onset rate...
2026-08-05 12:59:50,134 | INFO     | audio_analyzer               | [LIBROSA] Onset rate: 2.8617
2026-08-05 12:59:50,164 | INFO     | audio_analyzer               | [LIBROSA] Inferring musical key...
2026-08-05 12:59:50,165 | INFO     | audio_analyzer               | [LIBROSA] Key: A
2026-08-05 12:59:50,165 | INFO     | audio_analyzer               | [LIBROSA] Inferring scale (major/minor)...
2026-08-05 12:59:50,165 | INFO     | audio_analyzer               | [LIBROSA] Scale: major (major=0.06, minor=0.01)
2026-08-05 12:59:50,166 | INFO     | audio_analyzer               | Analyzed audio: BPM=117.5, RMS=0.172
2026-08-05 12:59:50,167 | INFO     | __main__                     | Analysis results for Madonna - Music:
2026-08-05 12:59:50,167 | INFO     | __main__                     |   Audio features: OK
2026-08-05 12:59:50,167 | INFO     | __main__                     |   MusicBrainz: OK
2026-08-05 12:59:50,167 | INFO     | __main__                     |   AcousticBrainz: NOT FOUND
2026-08-05 12:59:50,167 | INFO     | __main__                     |   Last.fm tags: 5
2026-08-05 12:59:50,168 | INFO     | feature_cache                | [CACHE] Saving features for: Madonna - Music (ID: 3667551)
2026-08-05 12:59:50,168 | INFO     | feature_cache                | [CACHE] Audio features: BPM=117.5, Energy=0.1723, MFCCs=13 coefficients
2026-08-05 12:59:50,168 | INFO     | feature_cache                | [CACHE] AcousticBrainz: NONE
2026-08-05 12:59:50,168 | INFO     | feature_cache                | [CACHE] MusicBrainz ID: 9eab7443-178e-4959-9034-178813cb0690
2026-08-05 12:59:50,168 | INFO     | feature_cache                | [CACHE] Last.fm tags: pop, dance, electronic, Madonna, female vocalists
2026-08-05 12:59:50,175 | INFO     | feature_cache                | [CACHE] ✓ Saved successfully for: Madonna - Music
2026-08-05 12:59:50,185 | INFO     | feature_cache                | Exported 101 tracks to cached_songs.json
2026-08-05 12:59:50,185 | INFO     | __main__                     | [STEP 6] User 240082844: Features OK: BPM=117.45383522727273
2026-08-05 12:59:50,185 | INFO     | deezer_helper                | [DEEZER] get_similar id=3667551 limit=5
2026-08-05 12:59:51,843 | INFO     | deezer_helper                | [DEEZER] get_similar id=3667551 -> 0 results
2026-08-05 12:59:51,868 | INFO     | user_prefs                   | [PLAYLIST_DB] added OK user=240082844 track=3667551 (Music - Madonna) lang=en year=2000
2026-08-05 12:59:51,870 | INFO     | __main__                     | [STEP 7] User 240082844: Added: Music - Madonna (genre: pop) lang=en year=2000
2026-08-05 12:59:51,871 | INFO     | __main__                     | [STEP 6] User 240082844: Processing 6/11: 'Dmitri Shostakovich, Russian State Symphony Orchestra, Dmitry Ya' -> 'Dmitri Shostakovich, Russian State Symphony Orchestra, Dmitry Ya'
2026-08-05 12:59:52,900 | INFO     | __main__                     | [STEP 6] User 240082844: Searching Deezer for: Dmitri Shostakovich, Russian State Symphony Orchestra, Dmitry Ya
2026-08-05 12:59:52,901 | INFO     | deezer_helper                | [DEEZER] search query='Dmitri Shostakovich, Russian State Symphony Orchestra, Dmitry Ya' limit=3
2026-08-05 12:59:54,730 | INFO     | deezer_helper                | [DEEZER] search query='Dmitri Shostakovich, Russian State Symphony Orchestra, Dmitry Ya' -> 0 results
2026-08-05 12:59:54,731 | INFO     | __main__                     | [STEP 6] User 240082844: No results for: Dmitri Shostakovich, Russian State Symphony Orchestra, Dmitry Ya
2026-08-05 12:59:54,755 | INFO     | user_prefs                   | [PLAYLIST_DB] added OK user=240082844 track=0 (Dmitri Shostakovich, Russian State Symphony Orchestra, Dmitry Ya - ) lang=en year=0
2026-08-05 12:59:54,757 | INFO     | __main__                     | [STEP 6] User 240082844: Processing 7/11: 'Ella Fitzgerald   Dream A Little Dream Of Me' -> 'Ella Fitzgerald Dream A Little Dream Of Me'
2026-08-05 12:59:55,046 | INFO     | __main__                     | [STEP 6] User 240082844: Searching Deezer for: Ella Fitzgerald Dream A Little Dream Of Me
2026-08-05 12:59:55,047 | INFO     | deezer_helper                | [DEEZER] search query='Ella Fitzgerald Dream A Little Dream Of Me' limit=3
2026-08-05 13:00:10,291 | WARNING  | deezer_helper                | [DEEZER] https://api.deezer.com/search/track error= retrying
2026-08-05 13:00:27,290 | WARNING  | deezer_helper                | [DEEZER] https://api.deezer.com/search/track error= retrying
2026-08-05 13:00:29,448 | INFO     | deezer_helper                | [DEEZER] search query='Ella Fitzgerald Dream A Little Dream Of Me' -> 3 results
2026-08-05 13:00:29,449 | INFO     | __main__                     | [STEP 6] User 240082844: Found: Dream A Little Dream Of Me - Louis Armstrong
2026-08-05 13:00:29,449 | INFO     | deezer_helper                | [DEEZER] get_track id=10218969
2026-08-05 13:00:30,057 | INFO     | deezer_helper                | [DEEZER] get_track id=10218969 -> Louis Armstrong - Dream A Little Dream Of Me (genres=[])
2026-08-05 13:00:30,061 | INFO     | __main__                     | [STEP 6] User 240082844: Language: en (persian=False)
2026-08-05 13:00:30,062 | INFO     | __main__                     | [STEP 6] User 240082844: Analyzing features (librosa)...
2026-08-05 13:00:30,062 | INFO     | feature_cache                | [CACHE] Looking up features for track ID: 10218969
2026-08-05 13:00:30,070 | INFO     | feature_cache                | [CACHE] Cache MISS for track ID: 10218969
2026-08-05 13:00:30,073 | INFO     | __main__                     | Analyzing track: Louis Armstrong - Dream A Little Dream Of Me (fast=False)
2026-08-05 13:00:30,074 | INFO     | audio_analyzer               | Downloading preview: https://cdnt-preview.dzcdn.net/api/1/1/d/5/6/0/d56bae7141b57577c70cd6050a83512a.mp3?hdnea=exp=1785923131~acl=/api/1/1/d/5/6/0/d56bae7141b57577c70cd6050a83512a.mp3*~data=user_id=0,application_id=42~hmac=012b7a4a7c8d9818716380cae3d1701a266218c35e557fd4120c410e9f379338
2026-08-05 13:00:30,930 | INFO     | musicbrainz_client           | Found MusicBrainz ID: d708ddfc-8e86-4543-ae4d-e99502eeb8f9 for Louis Armstrong - Dream A Little Dream Of Me
2026-08-05 13:00:35,077 | ERROR    | lastfm_client                | Last.fm track info error: Connection timeout to host https://ws.audioscrobbler.com/2.0/?method=track.getInfo&api_key=4f09650156d52922a148e85bfcd4cfa3&artist=Louis+Armstrong&track=Dream+A+Little+Dream+Of+Me&format=json
2026-08-05 13:00:50,949 | INFO     | audio_analyzer               | Downloaded 479827 bytes
2026-08-05 13:00:50,951 | INFO     | audio_analyzer               | Running librosa analysis...
2026-08-05 13:00:50,952 | INFO     | audio_analyzer               | [LIBROSA] Starting feature extraction...
2026-08-05 13:00:50,957 | INFO     | audio_analyzer               | [LIBROSA] Temp file created: C:\Users\Saeid\AppData\Local\Temp\tmpoppe__z4.mp3 (479827 bytes)
2026-08-05 13:00:50,957 | INFO     | audio_analyzer               | [LIBROSA] Loading audio file...
2026-08-05 13:00:51,079 | INFO     | audio_analyzer               | [LIBROSA] Audio loaded: 30.0 seconds, 22050 Hz sample rate
2026-08-05 13:00:51,080 | INFO     | audio_analyzer               | [LIBROSA] Extracting BPM...
2026-08-05 13:00:51,179 | INFO     | audio_analyzer               | [LIBROSA] BPM: 76.0
2026-08-05 13:00:51,179 | INFO     | audio_analyzer               | [LIBROSA] Extracting MFCCs (timbre)...
2026-08-05 13:00:51,233 | INFO     | audio_analyzer               | [LIBROSA] MFCCs extracted: 13 coefficients
2026-08-05 13:00:51,233 | INFO     | audio_analyzer               | [LIBROSA] Extracting chroma (harmonics)...
2026-08-05 13:00:51,336 | INFO     | audio_analyzer               | [LIBROSA] Chroma extracted: 12 pitch classes
2026-08-05 13:00:51,337 | INFO     | audio_analyzer               | [LIBROSA] Extracting spectral features...
2026-08-05 13:00:51,638 | INFO     | audio_analyzer               | [LIBROSA] Spectral: centroid=1678.7, rolloff=3144.5, bandwidth=1947.8
2026-08-05 13:00:51,638 | INFO     | audio_analyzer               | [LIBROSA] Extracting energy (RMS)...
2026-08-05 13:00:51,648 | INFO     | audio_analyzer               | [LIBROSA] Energy: mean=0.1303, var=0.0042
2026-08-05 13:00:51,648 | INFO     | audio_analyzer               | [LIBROSA] Extracting onset rate...
2026-08-05 13:00:51,699 | INFO     | audio_analyzer               | [LIBROSA] Onset rate: 1.5273
2026-08-05 13:00:51,729 | INFO     | audio_analyzer               | [LIBROSA] Inferring musical key...
2026-08-05 13:00:51,729 | INFO     | audio_analyzer               | [LIBROSA] Key: C
2026-08-05 13:00:51,729 | INFO     | audio_analyzer               | [LIBROSA] Inferring scale (major/minor)...
2026-08-05 13:00:51,730 | INFO     | audio_analyzer               | [LIBROSA] Scale: major (major=0.29, minor=-0.11)
2026-08-05 13:00:51,731 | INFO     | audio_analyzer               | Analyzed audio: BPM=76.0, RMS=0.130
2026-08-05 13:00:51,732 | INFO     | __main__                     | Analysis results for Louis Armstrong - Dream A Little Dream Of Me:
2026-08-05 13:00:51,732 | INFO     | __main__                     |   Audio features: OK
2026-08-05 13:00:51,732 | INFO     | __main__                     |   MusicBrainz: OK
2026-08-05 13:00:51,732 | INFO     | __main__                     |   AcousticBrainz: NOT FOUND
2026-08-05 13:00:51,733 | INFO     | __main__                     |   Last.fm tags: 0
2026-08-05 13:00:51,733 | INFO     | feature_cache                | [CACHE] Saving features for: Louis Armstrong - Dream A Little Dream Of Me (ID: 10218969)
2026-08-05 13:00:51,733 | INFO     | feature_cache                | [CACHE] Audio features: BPM=76.0, Energy=0.1303, MFCCs=13 coefficients
2026-08-05 13:00:51,733 | INFO     | feature_cache                | [CACHE] AcousticBrainz: NONE
2026-08-05 13:00:51,734 | INFO     | feature_cache                | [CACHE] MusicBrainz ID: d708ddfc-8e86-4543-ae4d-e99502eeb8f9
2026-08-05 13:00:51,734 | INFO     | feature_cache                | [CACHE] Last.fm tags: NONE
2026-08-05 13:00:51,741 | INFO     | feature_cache                | [CACHE] ✓ Saved successfully for: Louis Armstrong - Dream A Little Dream Of Me
2026-08-05 13:00:51,752 | INFO     | feature_cache                | Exported 102 tracks to cached_songs.json
2026-08-05 13:00:51,752 | INFO     | __main__                     | [STEP 6] User 240082844: Features OK: BPM=75.99954044117646
2026-08-05 13:00:51,753 | INFO     | deezer_helper                | [DEEZER] get_similar id=10218969 limit=5
2026-08-05 13:00:52,620 | INFO     | deezer_helper                | [DEEZER] get_similar id=10218969 -> 0 results
2026-08-05 13:00:52,646 | INFO     | user_prefs                   | [PLAYLIST_DB] added OK user=240082844 track=10218969 (Dream A Little Dream Of Me - Louis Armstrong) lang=en year=2011
2026-08-05 13:00:52,647 | INFO     | __main__                     | [STEP 7] User 240082844: Added: Dream A Little Dream Of Me - Louis Armstrong (genre: ) lang=en year=2011
2026-08-05 13:00:52,648 | INFO     | __main__                     | [STEP 6] User 240082844: Processing 8/11: '27 Thank You' -> 'Thank You'
2026-08-05 13:00:53,886 | INFO     | __main__                     | [STEP 6] User 240082844: Searching Deezer for: Thank You
2026-08-05 13:00:53,887 | INFO     | deezer_helper                | [DEEZER] search query='Thank You' limit=3
2026-08-05 13:00:54,230 | INFO     | deezer_helper                | [DEEZER] search query='Thank You' -> 3 results
2026-08-05 13:00:54,230 | INFO     | __main__                     | [STEP 6] User 240082844: Found: Thank You (Not So Bad) - Dimitri Vegas & Like Mike
2026-08-05 13:00:54,230 | INFO     | deezer_helper                | [DEEZER] get_track id=2545396411
2026-08-05 13:00:54,787 | INFO     | deezer_helper                | [DEEZER] get_track id=2545396411 -> Dimitri Vegas & Like Mike - Thank You (Not So Bad) (genres=[])
2026-08-05 13:00:54,793 | INFO     | __main__                     | [STEP 6] User 240082844: Language: en (persian=False)
2026-08-05 13:00:54,794 | INFO     | __main__                     | [STEP 6] User 240082844: Analyzing features (librosa)...
2026-08-05 13:00:54,795 | INFO     | feature_cache                | [CACHE] Looking up features for track ID: 2545396411
2026-08-05 13:00:54,803 | INFO     | feature_cache                | [CACHE] Cache MISS for track ID: 2545396411
2026-08-05 13:00:54,807 | INFO     | __main__                     | Analyzing track: Dimitri Vegas & Like Mike - Thank You (Not So Bad) (fast=False)
2026-08-05 13:00:54,808 | INFO     | audio_analyzer               | Downloading preview: https://cdnt-preview.dzcdn.net/api/1/1/8/a/d/0/8ad9a8a87f12dde2eed73428e2c39e20.mp3?hdnea=exp=1785923156~acl=/api/1/1/8/a/d/0/8ad9a8a87f12dde2eed73428e2c39e20.mp3*~data=user_id=0,application_id=42~hmac=0ffbea2078629b29f467aa75b67de4c29038115fd249200e4d3ba5568f48ccb9
2026-08-05 13:00:56,304 | INFO     | musicbrainz_client           | Found MusicBrainz ID: bc6d2632-2c5a-4971-bba0-e449b6cff468 for Dimitri Vegas & Like Mike - Thank You (Not So Bad)
2026-08-05 13:00:56,707 | INFO     | audio_analyzer               | Downloaded 479827 bytes
2026-08-05 13:00:56,709 | INFO     | audio_analyzer               | Running librosa analysis...
2026-08-05 13:00:56,711 | INFO     | audio_analyzer               | [LIBROSA] Starting feature extraction...
2026-08-05 13:00:56,715 | INFO     | audio_analyzer               | [LIBROSA] Temp file created: C:\Users\Saeid\AppData\Local\Temp\tmpukahwqut.mp3 (479827 bytes)
2026-08-05 13:00:56,716 | INFO     | audio_analyzer               | [LIBROSA] Loading audio file...
2026-08-05 13:00:56,836 | INFO     | audio_analyzer               | [LIBROSA] Audio loaded: 30.0 seconds, 22050 Hz sample rate
2026-08-05 13:00:56,837 | INFO     | audio_analyzer               | [LIBROSA] Extracting BPM...
2026-08-05 13:00:56,938 | INFO     | audio_analyzer               | [LIBROSA] BPM: 152.0
2026-08-05 13:00:56,939 | INFO     | audio_analyzer               | [LIBROSA] Extracting MFCCs (timbre)...
2026-08-05 13:00:56,990 | INFO     | audio_analyzer               | [LIBROSA] MFCCs extracted: 13 coefficients
2026-08-05 13:00:56,990 | INFO     | audio_analyzer               | [LIBROSA] Extracting chroma (harmonics)...
2026-08-05 13:00:57,093 | INFO     | audio_analyzer               | [LIBROSA] Chroma extracted: 12 pitch classes
2026-08-05 13:00:57,094 | INFO     | audio_analyzer               | [LIBROSA] Extracting spectral features...
2026-08-05 13:00:57,395 | INFO     | audio_analyzer               | [LIBROSA] Spectral: centroid=2572.2, rolloff=5603.0, bandwidth=2663.2
2026-08-05 13:00:57,396 | INFO     | audio_analyzer               | [LIBROSA] Extracting energy (RMS)...
2026-08-05 13:00:57,406 | INFO     | audio_analyzer               | [LIBROSA] Energy: mean=0.1763, var=0.0015
2026-08-05 13:00:57,406 | INFO     | audio_analyzer               | [LIBROSA] Extracting onset rate...
2026-08-05 13:00:57,467 | INFO     | audio_analyzer               | [LIBROSA] Onset rate: 1.2981
2026-08-05 13:00:57,497 | INFO     | audio_analyzer               | [LIBROSA] Inferring musical key...
2026-08-05 13:00:57,498 | INFO     | audio_analyzer               | [LIBROSA] Key: D#
2026-08-05 13:00:57,498 | INFO     | audio_analyzer               | [LIBROSA] Inferring scale (major/minor)...
2026-08-05 13:00:57,498 | INFO     | audio_analyzer               | [LIBROSA] Scale: minor (major=-0.80, minor=-0.00)
2026-08-05 13:00:57,499 | INFO     | audio_analyzer               | Analyzed audio: BPM=152.0, RMS=0.176
2026-08-05 13:00:57,500 | INFO     | __main__                     | Analysis results for Dimitri Vegas & Like Mike - Thank You (Not So Bad):
2026-08-05 13:00:57,500 | INFO     | __main__                     |   Audio features: OK
2026-08-05 13:00:57,501 | INFO     | __main__                     |   MusicBrainz: OK
2026-08-05 13:00:57,501 | INFO     | __main__                     |   AcousticBrainz: NOT FOUND
2026-08-05 13:00:57,501 | INFO     | __main__                     |   Last.fm tags: 0
2026-08-05 13:00:57,501 | INFO     | feature_cache                | [CACHE] Saving features for: Dimitri Vegas & Like Mike - Thank You (Not So Bad) (ID: 2545396411)
2026-08-05 13:00:57,502 | INFO     | feature_cache                | [CACHE] Audio features: BPM=152.0, Energy=0.1763, MFCCs=13 coefficients
2026-08-05 13:00:57,502 | INFO     | feature_cache                | [CACHE] AcousticBrainz: NONE
2026-08-05 13:00:57,502 | INFO     | feature_cache                | [CACHE] MusicBrainz ID: bc6d2632-2c5a-4971-bba0-e449b6cff468
2026-08-05 13:00:57,502 | INFO     | feature_cache                | [CACHE] Last.fm tags: NONE
2026-08-05 13:00:57,511 | INFO     | feature_cache                | [CACHE] ✓ Saved successfully for: Dimitri Vegas & Like Mike - Thank You (Not So Bad)
2026-08-05 13:00:57,522 | INFO     | feature_cache                | Exported 103 tracks to cached_songs.json
2026-08-05 13:00:57,523 | INFO     | __main__                     | [STEP 6] User 240082844: Features OK: BPM=151.99908088235293
2026-08-05 13:00:57,523 | INFO     | deezer_helper                | [DEEZER] get_similar id=2545396411 limit=5
2026-08-05 13:00:57,741 | INFO     | deezer_helper                | [DEEZER] get_similar id=2545396411 -> 0 results
2026-08-05 13:00:57,756 | INFO     | user_prefs                   | [PLAYLIST_DB] added OK user=240082844 track=2545396411 (Thank You (Not So Bad) - Dimitri Vegas & Like Mike) lang=en year=2025
2026-08-05 13:00:57,756 | INFO     | __main__                     | [STEP 7] User 240082844: Added: Thank You (Not So Bad) - Dimitri Vegas & Like Mike (genre: ) lang=en year=2025
2026-08-05 13:00:57,757 | INFO     | __main__                     | [STEP 6] User 240082844: Processing 9/11: '01 Beggin & Pleadin' -> 'Beggin & Pleadin'
2026-08-05 13:00:57,972 | INFO     | __main__                     | [STEP 6] User 240082844: Searching Deezer for: Beggin & Pleadin
2026-08-05 13:00:57,972 | INFO     | deezer_helper                | [DEEZER] search query='Beggin & Pleadin' limit=3
2026-08-05 13:00:58,305 | INFO     | deezer_helper                | [DEEZER] search query='Beggin & Pleadin' -> 3 results
2026-08-05 13:00:58,306 | INFO     | __main__                     | [STEP 6] User 240082844: Found: Beggin & Pleadin - Brandy
2026-08-05 13:00:58,306 | INFO     | deezer_helper                | [DEEZER] get_track id=117852904
2026-08-05 13:00:58,907 | INFO     | deezer_helper                | [DEEZER] get_track id=117852904 -> Brandy - Beggin & Pleadin (genres=[])
2026-08-05 13:00:58,939 | INFO     | __main__                     | [STEP 6] User 240082844: Language: en (persian=False)
2026-08-05 13:00:58,939 | INFO     | __main__                     | [STEP 6] User 240082844: Analyzing features (librosa)...
2026-08-05 13:00:58,940 | INFO     | feature_cache                | [CACHE] Looking up features for track ID: 117852904
2026-08-05 13:00:58,943 | INFO     | feature_cache                | [CACHE] Cache MISS for track ID: 117852904
2026-08-05 13:00:58,944 | INFO     | __main__                     | Analyzing track: Brandy - Beggin & Pleadin (fast=False)
2026-08-05 13:00:58,945 | INFO     | audio_analyzer               | Downloading preview: https://cdnt-preview.dzcdn.net/api/1/1/d/0/9/0/d0947f092f1ccb17b2f8c2541effd6da.mp3?hdnea=exp=1785923160~acl=/api/1/1/d/0/9/0/d0947f092f1ccb17b2f8c2541effd6da.mp3*~data=user_id=0,application_id=42~hmac=103fa6ba845da7f19d39530e256524db09c8a6bb7977454da4a9b7acaff402db
2026-08-05 13:00:59,970 | INFO     | musicbrainz_client           | Found MusicBrainz ID: d8d0fbcd-972e-432a-8d37-ce15a481612b for Brandy - Beggin & Pleadin
2026-08-05 13:01:00,754 | INFO     | audio_analyzer               | Downloaded 479827 bytes
2026-08-05 13:01:00,757 | INFO     | audio_analyzer               | Running librosa analysis...
2026-08-05 13:01:00,758 | INFO     | audio_analyzer               | [LIBROSA] Starting feature extraction...
2026-08-05 13:01:00,762 | INFO     | audio_analyzer               | [LIBROSA] Temp file created: C:\Users\Saeid\AppData\Local\Temp\tmpfcrganjo.mp3 (479827 bytes)
2026-08-05 13:01:00,763 | INFO     | audio_analyzer               | [LIBROSA] Loading audio file...
2026-08-05 13:01:00,863 | INFO     | audio_analyzer               | [LIBROSA] Audio loaded: 30.0 seconds, 22050 Hz sample rate
2026-08-05 13:01:00,864 | INFO     | audio_analyzer               | [LIBROSA] Extracting BPM...
2026-08-05 13:01:00,972 | INFO     | audio_analyzer               | [LIBROSA] BPM: 123.0
2026-08-05 13:01:00,972 | INFO     | audio_analyzer               | [LIBROSA] Extracting MFCCs (timbre)...
2026-08-05 13:01:01,026 | INFO     | audio_analyzer               | [LIBROSA] MFCCs extracted: 13 coefficients
2026-08-05 13:01:01,026 | INFO     | audio_analyzer               | [LIBROSA] Extracting chroma (harmonics)...
2026-08-05 13:01:01,137 | INFO     | audio_analyzer               | [LIBROSA] Chroma extracted: 12 pitch classes
2026-08-05 13:01:01,138 | INFO     | audio_analyzer               | [LIBROSA] Extracting spectral features...
2026-08-05 13:01:01,480 | INFO     | audio_analyzer               | [LIBROSA] Spectral: centroid=2554.6, rolloff=5190.2, bandwidth=2549.3
2026-08-05 13:01:01,481 | INFO     | audio_analyzer               | [LIBROSA] Extracting energy (RMS)...
2026-08-05 13:01:01,490 | INFO     | audio_analyzer               | [LIBROSA] Energy: mean=0.2443, var=0.0069
2026-08-05 13:01:01,490 | INFO     | audio_analyzer               | [LIBROSA] Extracting onset rate...
2026-08-05 13:01:01,555 | INFO     | audio_analyzer               | [LIBROSA] Onset rate: 1.6101
2026-08-05 13:01:01,588 | INFO     | audio_analyzer               | [LIBROSA] Inferring musical key...
2026-08-05 13:01:01,588 | INFO     | audio_analyzer               | [LIBROSA] Key: G#
2026-08-05 13:01:01,589 | INFO     | audio_analyzer               | [LIBROSA] Inferring scale (major/minor)...
2026-08-05 13:01:01,589 | INFO     | audio_analyzer               | [LIBROSA] Scale: minor (major=-0.77, minor=0.42)
2026-08-05 13:01:01,590 | INFO     | audio_analyzer               | Analyzed audio: BPM=123.0, RMS=0.244
2026-08-05 13:01:01,591 | INFO     | __main__                     | Analysis results for Brandy - Beggin & Pleadin:
2026-08-05 13:01:01,591 | INFO     | __main__                     |   Audio features: OK
2026-08-05 13:01:01,591 | INFO     | __main__                     |   MusicBrainz: OK
2026-08-05 13:01:01,591 | INFO     | __main__                     |   AcousticBrainz: NOT FOUND
2026-08-05 13:01:01,592 | INFO     | __main__                     |   Last.fm tags: 0
2026-08-05 13:01:01,592 | INFO     | feature_cache                | [CACHE] Saving features for: Brandy - Beggin & Pleadin (ID: 117852904)
2026-08-05 13:01:01,592 | INFO     | feature_cache                | [CACHE] Audio features: BPM=123.0, Energy=0.2443, MFCCs=13 coefficients
2026-08-05 13:01:01,593 | INFO     | feature_cache                | [CACHE] AcousticBrainz: NONE
2026-08-05 13:01:01,593 | INFO     | feature_cache                | [CACHE] MusicBrainz ID: d8d0fbcd-972e-432a-8d37-ce15a481612b
2026-08-05 13:01:01,593 | INFO     | feature_cache                | [CACHE] Last.fm tags: NONE
2026-08-05 13:01:01,601 | INFO     | feature_cache                | [CACHE] ✓ Saved successfully for: Brandy - Beggin & Pleadin
2026-08-05 13:01:01,612 | INFO     | feature_cache                | Exported 104 tracks to cached_songs.json
2026-08-05 13:01:01,614 | INFO     | __main__                     | [STEP 6] User 240082844: Features OK: BPM=123.046875
2026-08-05 13:01:01,615 | INFO     | deezer_helper                | [DEEZER] get_similar id=117852904 limit=5
2026-08-05 13:01:01,849 | INFO     | deezer_helper                | [DEEZER] get_similar id=117852904 -> 0 results
2026-08-05 13:01:01,860 | INFO     | user_prefs                   | [PLAYLIST_DB] added OK user=240082844 track=117852904 (Beggin & Pleadin - Brandy) lang=en year=2016
2026-08-05 13:01:01,860 | INFO     | __main__                     | [STEP 7] User 240082844: Added: Beggin & Pleadin - Brandy (genre: ) lang=en year=2016
2026-08-05 13:01:01,860 | INFO     | __main__                     | [STEP 6] User 240082844: Processing 10/11: '07 Cream   White Room' -> 'Cream White Room'
2026-08-05 13:01:02,086 | INFO     | __main__                     | [STEP 6] User 240082844: Searching Deezer for: Cream White Room
2026-08-05 13:01:02,086 | INFO     | deezer_helper                | [DEEZER] search query='Cream White Room' limit=3
2026-08-05 13:01:02,360 | INFO     | deezer_helper                | [DEEZER] search query='Cream White Room' -> 3 results
2026-08-05 13:01:02,361 | INFO     | __main__                     | [STEP 6] User 240082844: Found: White Room - Cream
2026-08-05 13:01:02,361 | INFO     | deezer_helper                | [DEEZER] get_track id=1175618
2026-08-05 13:01:02,828 | INFO     | deezer_helper                | [DEEZER] get_track id=1175618 -> Cream - White Room (genres=[])
2026-08-05 13:01:02,832 | INFO     | __main__                     | [STEP 6] User 240082844: Language: en (persian=False)
2026-08-05 13:01:02,832 | INFO     | __main__                     | [STEP 6] User 240082844: Analyzing features (librosa)...
2026-08-05 13:01:02,833 | INFO     | feature_cache                | [CACHE] Looking up features for track ID: 1175618
2026-08-05 13:01:02,838 | INFO     | feature_cache                | [CACHE] ✓ Cache HIT for track ID: 1175618
2026-08-05 13:01:02,839 | INFO     | feature_cache                | [CACHE]   Audio: BPM=112.3, Energy=0.0884
2026-08-05 13:01:02,840 | INFO     | feature_cache                | [CACHE]   MusicBrainz: 65ad4a8d-4858-4a73-aeaa-ec387e333759
2026-08-05 13:01:02,841 | INFO     | feature_cache                | [CACHE]   Last.fm tags: classic rock, 60s, blues rock
2026-08-05 13:01:02,844 | INFO     | __main__                     | Cache hit for: Cream - White Room
2026-08-05 13:01:02,844 | INFO     | __main__                     | [STEP 6] User 240082844: Features OK: BPM=112.34714673913044
2026-08-05 13:01:02,845 | INFO     | deezer_helper                | [DEEZER] get_similar id=1175618 limit=5
2026-08-05 13:01:03,066 | INFO     | deezer_helper                | [DEEZER] get_similar id=1175618 -> 0 results
2026-08-05 13:01:03,076 | INFO     | user_prefs                   | [PLAYLIST_DB] duplicate skipped user=240082844 track=1175618 (White Room - Cream)
2026-08-05 13:01:03,078 | INFO     | __main__                     | [STEP 7] User 240082844: Added: White Room - Cream (genre: classic rock) lang=en year=1994
2026-08-05 13:01:03,079 | INFO     | __main__                     | [STEP 6] User 240082844: Processing 11/11: 'Great Balls Of Fire   Jerry Lee Lewis' -> 'Great Balls Of Fire Jerry Lee Lewis'
2026-08-05 13:01:03,340 | INFO     | __main__                     | [STEP 6] User 240082844: Searching Deezer for: Great Balls Of Fire Jerry Lee Lewis
2026-08-05 13:01:03,341 | INFO     | deezer_helper                | [DEEZER] search query='Great Balls Of Fire Jerry Lee Lewis' limit=3
2026-08-05 13:01:03,660 | INFO     | deezer_helper                | [DEEZER] search query='Great Balls Of Fire Jerry Lee Lewis' -> 3 results
2026-08-05 13:01:03,662 | INFO     | __main__                     | [STEP 6] User 240082844: Found: Great Balls Of Fire - Jerry Lee Lewis
2026-08-05 13:01:03,663 | INFO     | deezer_helper                | [DEEZER] get_track id=4006539
2026-08-05 13:01:04,277 | INFO     | deezer_helper                | [DEEZER] get_track id=4006539 -> Jerry Lee Lewis - Great Balls Of Fire (genres=[])
2026-08-05 13:01:04,282 | INFO     | __main__                     | [STEP 6] User 240082844: Language: en (persian=False)
2026-08-05 13:01:04,283 | INFO     | __main__                     | [STEP 6] User 240082844: Analyzing features (librosa)...
2026-08-05 13:01:04,285 | INFO     | feature_cache                | [CACHE] Looking up features for track ID: 4006539
2026-08-05 13:01:04,292 | INFO     | feature_cache                | [CACHE] Cache MISS for track ID: 4006539
2026-08-05 13:01:04,295 | INFO     | __main__                     | Analyzing track: Jerry Lee Lewis - Great Balls Of Fire (fast=False)
2026-08-05 13:01:04,297 | INFO     | audio_analyzer               | Downloading preview: https://cdnt-preview.dzcdn.net/api/1/1/3/0/4/0/30489993c21daea2395b1e3e33d5ea10.mp3?hdnea=exp=1785923165~acl=/api/1/1/3/0/4/0/30489993c21daea2395b1e3e33d5ea10.mp3*~data=user_id=0,application_id=42~hmac=b0d031aee409a5caed70931188f2b37ab7dd7c06d03c32f1e2415712c4f56b7c
2026-08-05 13:01:04,581 | INFO     | musicbrainz_client           | Found MusicBrainz ID: f633a668-cce3-47be-a4d2-aa94e47a000b for Jerry Lee Lewis - Great Balls Of Fire
2026-08-05 13:01:06,651 | INFO     | audio_analyzer               | Downloaded 479827 bytes
2026-08-05 13:01:06,653 | INFO     | audio_analyzer               | Running librosa analysis...
2026-08-05 13:01:06,655 | INFO     | audio_analyzer               | [LIBROSA] Starting feature extraction...
2026-08-05 13:01:06,659 | INFO     | audio_analyzer               | [LIBROSA] Temp file created: C:\Users\Saeid\AppData\Local\Temp\tmphfum6ijf.mp3 (479827 bytes)
2026-08-05 13:01:06,661 | INFO     | audio_analyzer               | [LIBROSA] Loading audio file...
2026-08-05 13:01:06,768 | INFO     | audio_analyzer               | [LIBROSA] Audio loaded: 30.0 seconds, 22050 Hz sample rate
2026-08-05 13:01:06,769 | INFO     | audio_analyzer               | [LIBROSA] Extracting BPM...
2026-08-05 13:01:06,867 | INFO     | audio_analyzer               | [LIBROSA] BPM: 86.1
2026-08-05 13:01:06,867 | INFO     | audio_analyzer               | [LIBROSA] Extracting MFCCs (timbre)...
2026-08-05 13:01:06,919 | INFO     | audio_analyzer               | [LIBROSA] MFCCs extracted: 13 coefficients
2026-08-05 13:01:06,919 | INFO     | audio_analyzer               | [LIBROSA] Extracting chroma (harmonics)...
2026-08-05 13:01:07,023 | INFO     | audio_analyzer               | [LIBROSA] Chroma extracted: 12 pitch classes
2026-08-05 13:01:07,024 | INFO     | audio_analyzer               | [LIBROSA] Extracting spectral features...
2026-08-05 13:01:07,324 | INFO     | audio_analyzer               | [LIBROSA] Spectral: centroid=2842.0, rolloff=6004.5, bandwidth=2683.8
2026-08-05 13:01:07,324 | INFO     | audio_analyzer               | [LIBROSA] Extracting energy (RMS)...
2026-08-05 13:01:07,333 | INFO     | audio_analyzer               | [LIBROSA] Energy: mean=0.1320, var=0.0013
2026-08-05 13:01:07,334 | INFO     | audio_analyzer               | [LIBROSA] Extracting onset rate...
2026-08-05 13:01:07,387 | INFO     | audio_analyzer               | [LIBROSA] Onset rate: 1.5527
2026-08-05 13:01:07,417 | INFO     | audio_analyzer               | [LIBROSA] Inferring musical key...
2026-08-05 13:01:07,417 | INFO     | audio_analyzer               | [LIBROSA] Key: G
2026-08-05 13:01:07,417 | INFO     | audio_analyzer               | [LIBROSA] Inferring scale (major/minor)...
2026-08-05 13:01:07,418 | INFO     | audio_analyzer               | [LIBROSA] Scale: major (major=0.33, minor=0.22)
2026-08-05 13:01:07,419 | INFO     | audio_analyzer               | Analyzed audio: BPM=86.1, RMS=0.132
2026-08-05 13:01:07,419 | INFO     | __main__                     | Analysis results for Jerry Lee Lewis - Great Balls Of Fire:
2026-08-05 13:01:07,419 | INFO     | __main__                     |   Audio features: OK
2026-08-05 13:01:07,420 | INFO     | __main__                     |   MusicBrainz: OK
2026-08-05 13:01:07,420 | INFO     | __main__                     |   AcousticBrainz: NOT FOUND
2026-08-05 13:01:07,420 | INFO     | __main__                     |   Last.fm tags: 0
2026-08-05 13:01:07,420 | INFO     | feature_cache                | [CACHE] Saving features for: Jerry Lee Lewis - Great Balls Of Fire (ID: 4006539)
2026-08-05 13:01:07,421 | INFO     | feature_cache                | [CACHE] Audio features: BPM=86.1, Energy=0.1320, MFCCs=13 coefficients
2026-08-05 13:01:07,421 | INFO     | feature_cache                | [CACHE] AcousticBrainz: NONE
2026-08-05 13:01:07,421 | INFO     | feature_cache                | [CACHE] MusicBrainz ID: f633a668-cce3-47be-a4d2-aa94e47a000b
2026-08-05 13:01:07,421 | INFO     | feature_cache                | [CACHE] Last.fm tags: NONE
2026-08-05 13:01:07,429 | INFO     | feature_cache                | [CACHE] ✓ Saved successfully for: Jerry Lee Lewis - Great Balls Of Fire
2026-08-05 13:01:07,443 | INFO     | feature_cache                | Exported 105 tracks to cached_songs.json
2026-08-05 13:01:07,443 | INFO     | __main__                     | [STEP 6] User 240082844: Features OK: BPM=86.1328125
2026-08-05 13:01:07,444 | INFO     | deezer_helper                | [DEEZER] get_similar id=4006539 limit=5
2026-08-05 13:01:07,652 | INFO     | deezer_helper                | [DEEZER] get_similar id=4006539 -> 0 results
2026-08-05 13:01:07,672 | INFO     | user_prefs                   | [PLAYLIST_DB] added OK user=240082844 track=4006539 (Great Balls Of Fire - Jerry Lee Lewis) lang=en year=2008
2026-08-05 13:01:07,673 | INFO     | __main__                     | [STEP 7] User 240082844: Added: Great Balls Of Fire - Jerry Lee Lewis (genre: ) lang=en year=2008
2026-08-05 13:01:07,674 | INFO     | __main__                     | [STEP 7] User 240082844: Processing complete: 8/11 added, 8 recognized, 3 failed
2026-08-05 13:01:07,675 | INFO     | user_prefs                   | [PLAYLIST_DB] get_user_taste_profile user=240082844
2026-08-05 13:01:07,695 | INFO     | user_prefs                   | [PLAYLIST_DB] taste_profile user=240082844 -> total=25 recognized=21 tracks=21 bpm=118.9 energy=0.16 valence=0.00 genres=['classic rock', 'Persian Traditional', 'pop'] langs=[('en', 16), ('fa', 3), ('ar', 2)]
2026-08-05 13:01:07,697 | INFO     | __main__                     | [STEP 9] User 240082844: Taste profile: 21 tracks, genres: {'classic rock': 3, 'Persian Traditional': 3, 'pop': 1}
2026-08-05 13:01:07,698 | INFO     | __main__                     | [STEP 8] User 240082844: Saving playlist to database
2026-08-05 13:01:08,185 | INFO     | __main__                     | [STEP 8] User 240082844: Results sent successfully
2026-08-05 13:01:29,935 | INFO     | __main__                     | [STEP 1] User 240082844: Received text: 📋 My Playlist...
2026-08-05 13:01:29,956 | INFO     | user_prefs                   | [PLAYLIST_DB] get_user_playlist user=240082844 -> 25 rows
2026-08-05 13:01:29,957 | INFO     | user_prefs                   | [PLAYLIST_DB] get_user_taste_profile user=240082844
2026-08-05 13:01:29,970 | INFO     | user_prefs                   | [PLAYLIST_DB] taste_profile user=240082844 -> total=25 recognized=21 tracks=21 bpm=118.9 energy=0.16 valence=0.00 genres=['classic rock', 'Persian Traditional', 'pop'] langs=[('en', 16), ('fa', 3), ('ar', 2)]
2026-08-05 13:01:54,231 | INFO     | __main__                     | [STEP 1] User 240082844: Received text: 🎯 For Me...
2026-08-05 13:01:54,232 | INFO     | user_prefs                   | [PLAYLIST_DB] get_user_taste_profile user=240082844
2026-08-05 13:01:54,252 | INFO     | user_prefs                   | [PLAYLIST_DB] taste_profile user=240082844 -> total=25 recognized=21 tracks=21 bpm=118.9 energy=0.16 valence=0.00 genres=['classic rock', 'Persian Traditional', 'pop'] langs=[('en', 16), ('fa', 3), ('ar', 2)]
2026-08-05 13:01:55,057 | INFO     | user_prefs                   | [PLAYLIST_DB] get_random_suggestions user=240082844 -> 0 ids
2026-08-05 13:02:02,205 | INFO     | __main__                     | [STEP 1] User 240082844: Received text: 🎯 For Me...
2026-08-05 13:02:02,205 | INFO     | user_prefs                   | [PLAYLIST_DB] get_user_taste_profile user=240082844
2026-08-05 13:02:02,236 | INFO     | user_prefs                   | [PLAYLIST_DB] taste_profile user=240082844 -> total=25 recognized=21 tracks=21 bpm=118.9 energy=0.16 valence=0.00 genres=['classic rock', 'Persian Traditional', 'pop'] langs=[('en', 16), ('fa', 3), ('ar', 2)]
2026-08-05 13:02:03,308 | INFO     | user_prefs                   | [PLAYLIST_DB] get_random_suggestions user=240082844 -> 0 ids
2026-08-05 13:03:59,274 | INFO     | __main__                     | [STEP 1] User 240082844: Received text: 🎤 Lyrics...
2026-08-05 13:04:05,936 | INFO     | __main__                     | [STEP 1] User 240082844: Received text: 🎤 Lyrics...
2026-08-05 13:04:12,772 | WARNING  | __main__                     | Unhandled error: httpx.RemoteProtocolError: Server disconnected without sending a response.
2026-08-05 13:04:33,117 | INFO     | deezer_helper                | [DEEZER] search query='letdown radiohead' limit=1
2026-08-05 13:04:33,928 | INFO     | deezer_helper                | [DEEZER] search query='letdown radiohead' -> 1 results
2026-08-05 13:04:35,280 | INFO     | lyrics_client                | Found lyrics for Radiohead - Let Down
2026-08-05 13:09:03,329 | INFO     | deezer_helper                | [DEEZER] get_track id=18435591
2026-08-05 13:09:04,116 | INFO     | deezer_helper                | [DEEZER] get_track id=18435591 -> The Heavy - What Makes A Good Man? (genres=[])
2026-08-05 13:09:04,117 | INFO     | deezer_helper                | [DEEZER] get_similar id=18435591 limit=5
2026-08-05 13:09:04,357 | INFO     | deezer_helper                | [DEEZER] get_artist_top id=62971 limit=5
2026-08-05 13:09:04,645 | INFO     | deezer_helper                | [DEEZER] get_artist_top id=62971 -> 5 results
2026-08-05 13:09:04,645 | INFO     | deezer_helper                | [DEEZER] get_similar id=18435591 -> 5 results (artist_top)
2026-08-05 13:09:04,657 | INFO     | user_prefs                   | [PLAYLIST_DB] store_suggestions user=240082844 source=18435591 -> 5 new of 5 ids
2026-08-05 13:09:04,657 | INFO     | deezer_helper                | [DEEZER] get_track id=65414413
2026-08-05 13:09:05,158 | INFO     | deezer_helper                | [DEEZER] get_track id=65414413 -> The Who - The Seeker (Edit) (genres=[])
2026-08-05 13:09:05,159 | INFO     | deezer_helper                | [DEEZER] get_similar id=65414413 limit=5
2026-08-05 13:09:05,378 | INFO     | deezer_helper                | [DEEZER] get_artist_top id=817 limit=5
2026-08-05 13:09:05,741 | INFO     | deezer_helper                | [DEEZER] get_artist_top id=817 -> 5 results
2026-08-05 13:09:05,741 | INFO     | deezer_helper                | [DEEZER] get_similar id=65414413 -> 5 results (artist_top)
2026-08-05 13:09:05,752 | INFO     | user_prefs                   | [PLAYLIST_DB] store_suggestions user=240082844 source=65414413 -> 5 new of 5 ids
2026-08-05 13:09:05,752 | INFO     | deezer_helper                | [DEEZER] get_track id=78569736
2026-08-05 13:09:06,242 | INFO     | deezer_helper                | [DEEZER] get_track id=78569736 -> Fairuz - Wa Habibi (genres=[])
2026-08-05 13:09:06,242 | INFO     | deezer_helper                | [DEEZER] get_similar id=78569736 limit=5
2026-08-05 13:09:06,486 | INFO     | deezer_helper                | [DEEZER] get_artist_top id=211187 limit=5
2026-08-05 13:09:06,794 | INFO     | deezer_helper                | [DEEZER] get_artist_top id=211187 -> 5 results
2026-08-05 13:09:06,795 | INFO     | deezer_helper                | [DEEZER] get_similar id=78569736 -> 5 results (artist_top)
2026-08-05 13:09:06,817 | INFO     | user_prefs                   | [PLAYLIST_DB] store_suggestions user=240082844 source=78569736 -> 5 new of 5 ids
2026-08-05 13:09:06,818 | INFO     | deezer_helper                | [DEEZER] get_track id=564173332
2026-08-05 13:09:07,389 | INFO     | deezer_helper                | [DEEZER] get_track id=564173332 -> Fairuz - Saaltak Habiby (genres=[])
2026-08-05 13:09:07,389 | INFO     | deezer_helper                | [DEEZER] get_similar id=564173332 limit=5
2026-08-05 13:09:07,613 | INFO     | deezer_helper                | [DEEZER] get_artist_top id=211187 limit=5
2026-08-05 13:09:07,883 | INFO     | deezer_helper                | [DEEZER] get_artist_top id=211187 -> 5 results
2026-08-05 13:09:07,884 | INFO     | deezer_helper                | [DEEZER] get_similar id=564173332 -> 5 results (artist_top)
2026-08-05 13:09:07,903 | INFO     | user_prefs                   | [PLAYLIST_DB] store_suggestions user=240082844 source=564173332 -> 0 new of 5 ids
2026-08-05 13:09:07,903 | INFO     | deezer_helper                | [DEEZER] get_track id=1105746
2026-08-05 13:09:08,408 | INFO     | deezer_helper                | [DEEZER] get_track id=1105746 -> Nirvana - Where Did You Sleep Last Night (Live) (genres=[])
2026-08-05 13:09:08,408 | INFO     | deezer_helper                | [DEEZER] get_similar id=1105746 limit=5
2026-08-05 13:09:08,628 | INFO     | deezer_helper                | [DEEZER] get_artist_top id=415 limit=5
2026-08-05 13:09:08,911 | INFO     | deezer_helper                | [DEEZER] get_artist_top id=415 -> 5 results
2026-08-05 13:09:08,912 | INFO     | deezer_helper                | [DEEZER] get_similar id=1105746 -> 5 results (artist_top)
2026-08-05 13:09:08,929 | INFO     | user_prefs                   | [PLAYLIST_DB] store_suggestions user=240082844 source=1105746 -> 5 new of 5 ids
2026-08-05 13:09:08,930 | INFO     | deezer_helper                | [DEEZER] get_track id=9914834
2026-08-05 13:09:09,426 | INFO     | deezer_helper                | [DEEZER] get_track id=9914834 -> The Rolling Stones - Gimme Shelter (genres=[])
2026-08-05 13:09:09,426 | INFO     | deezer_helper                | [DEEZER] get_similar id=9914834 limit=5
2026-08-05 13:09:09,673 | INFO     | deezer_helper                | [DEEZER] get_artist_top id=11 limit=5
2026-08-05 13:09:09,959 | INFO     | deezer_helper                | [DEEZER] get_artist_top id=11 -> 5 results
2026-08-05 13:09:09,960 | INFO     | deezer_helper                | [DEEZER] get_similar id=9914834 -> 5 results (artist_top)
2026-08-05 13:09:09,972 | INFO     | user_prefs                   | [PLAYLIST_DB] store_suggestions user=240082844 source=9914834 -> 5 new of 5 ids
2026-08-05 13:09:09,972 | INFO     | deezer_helper                | [DEEZER] get_track id=2121813
2026-08-05 13:09:10,692 | INFO     | deezer_helper                | [DEEZER] get_track id=2121813 -> The Who - Won't Get Fooled Again (Original Album Version) (genres=[])
2026-08-05 13:09:10,692 | INFO     | deezer_helper                | [DEEZER] get_similar id=2121813 limit=5
2026-08-05 13:09:10,975 | INFO     | deezer_helper                | [DEEZER] get_artist_top id=817 limit=5
2026-08-05 13:09:11,323 | INFO     | deezer_helper                | [DEEZER] get_artist_top id=817 -> 5 results
2026-08-05 13:09:11,324 | INFO     | deezer_helper                | [DEEZER] get_similar id=2121813 -> 5 results (artist_top)
2026-08-05 13:09:11,347 | INFO     | user_prefs                   | [PLAYLIST_DB] store_suggestions user=240082844 source=2121813 -> 0 new of 5 ids
2026-08-05 13:09:11,348 | INFO     | deezer_helper                | [DEEZER] get_track id=1120092102
2026-08-05 13:09:12,030 | INFO     | deezer_helper                | [DEEZER] get_track id=1120092102 -> Alireza Ghorbani - Behind The Curtain (Pardeh Neshin) (genres=[])
2026-08-05 13:09:12,030 | INFO     | deezer_helper                | [DEEZER] get_similar id=1120092102 limit=5
2026-08-05 13:09:12,266 | INFO     | deezer_helper                | [DEEZER] get_artist_top id=394823 limit=5
2026-08-05 13:09:12,502 | INFO     | deezer_helper                | [DEEZER] get_artist_top id=394823 -> 1 results
2026-08-05 13:09:12,503 | INFO     | deezer_helper                | [DEEZER] get_similar id=1120092102 -> 1 results (artist_top)
2026-08-05 13:09:12,530 | INFO     | user_prefs                   | [PLAYLIST_DB] store_suggestions user=240082844 source=1120092102 -> 1 new of 1 ids
2026-08-05 13:09:12,530 | INFO     | deezer_helper                | [DEEZER] get_track id=2121805
2026-08-05 13:09:13,128 | INFO     | deezer_helper                | [DEEZER] get_track id=2121805 -> The Who - Baba O'Riley (genres=[])
2026-08-05 13:09:13,128 | INFO     | deezer_helper                | [DEEZER] get_similar id=2121805 limit=5
2026-08-05 13:09:13,415 | INFO     | deezer_helper                | [DEEZER] get_artist_top id=817 limit=5
2026-08-05 13:09:13,799 | INFO     | deezer_helper                | [DEEZER] get_artist_top id=817 -> 5 results
2026-08-05 13:09:13,799 | INFO     | deezer_helper                | [DEEZER] get_similar id=2121805 -> 5 results (artist_top)
2026-08-05 13:09:13,823 | INFO     | user_prefs                   | [PLAYLIST_DB] store_suggestions user=240082844 source=2121805 -> 0 new of 5 ids
2026-08-05 13:09:13,824 | INFO     | deezer_helper                | [DEEZER] get_track id=107473746
2026-08-05 13:09:14,289 | INFO     | deezer_helper                | [DEEZER] get_track id=107473746 -> Love - Alone Again Or (2015 Remaster) (genres=[])
2026-08-05 13:09:14,289 | INFO     | deezer_helper                | [DEEZER] get_similar id=107473746 limit=5
2026-08-05 13:09:14,502 | INFO     | deezer_helper                | [DEEZER] get_artist_top id=4715 limit=5
2026-08-05 13:09:14,790 | INFO     | deezer_helper                | [DEEZER] get_artist_top id=4715 -> 5 results
2026-08-05 13:09:14,790 | INFO     | deezer_helper                | [DEEZER] get_similar id=107473746 -> 5 results (artist_top)
2026-08-05 13:09:14,808 | INFO     | user_prefs                   | [PLAYLIST_DB] store_suggestions user=240082844 source=107473746 -> 5 new of 5 ids
2026-08-05 13:09:14,808 | INFO     | deezer_helper                | [DEEZER] get_track id=2321903925
2026-08-05 13:09:15,300 | INFO     | deezer_helper                | [DEEZER] get_track id=2321903925 -> Alireza Ghorbani - Chera Chera (Nadan Nadan) (genres=[])
2026-08-05 13:09:15,301 | INFO     | deezer_helper                | [DEEZER] get_similar id=2321903925 limit=5
2026-08-05 13:09:15,547 | INFO     | deezer_helper                | [DEEZER] get_artist_top id=394823 limit=5
2026-08-05 13:09:15,812 | INFO     | deezer_helper                | [DEEZER] get_artist_top id=394823 -> 1 results
2026-08-05 13:09:15,812 | INFO     | deezer_helper                | [DEEZER] get_similar id=2321903925 -> 1 results (artist_top)
2026-08-05 13:09:15,826 | INFO     | user_prefs                   | [PLAYLIST_DB] store_suggestions user=240082844 source=2321903925 -> 0 new of 1 ids
2026-08-05 13:09:15,827 | INFO     | deezer_helper                | [DEEZER] get_track id=1205831952
2026-08-05 13:09:16,283 | INFO     | deezer_helper                | [DEEZER] get_track id=1205831952 -> Alireza Ghorbani - Bi Gah Shod (Tasnif) (genres=[])
2026-08-05 13:09:16,283 | INFO     | deezer_helper                | [DEEZER] get_similar id=1205831952 limit=5
2026-08-05 13:09:16,558 | INFO     | deezer_helper                | [DEEZER] get_artist_top id=394823 limit=5
2026-08-05 13:09:16,822 | INFO     | deezer_helper                | [DEEZER] get_artist_top id=394823 -> 1 results
2026-08-05 13:09:16,822 | INFO     | deezer_helper                | [DEEZER] get_similar id=1205831952 -> 1 results (artist_top)
2026-08-05 13:09:16,840 | INFO     | user_prefs                   | [PLAYLIST_DB] store_suggestions user=240082844 source=1205831952 -> 0 new of 1 ids
2026-08-05 13:09:16,840 | INFO     | deezer_helper                | [DEEZER] get_track id=5545052
2026-08-05 13:09:17,338 | INFO     | deezer_helper                | [DEEZER] get_track id=5545052 -> Alan Jackson - Freight Train (genres=[])
2026-08-05 13:09:17,339 | INFO     | deezer_helper                | [DEEZER] get_similar id=5545052 limit=5
2026-08-05 13:09:17,558 | INFO     | deezer_helper                | [DEEZER] get_artist_top id=517 limit=5
2026-08-05 13:09:17,835 | INFO     | deezer_helper                | [DEEZER] get_artist_top id=517 -> 5 results
2026-08-05 13:09:17,836 | INFO     | deezer_helper                | [DEEZER] get_similar id=5545052 -> 5 results (artist_top)
2026-08-05 13:09:17,858 | INFO     | user_prefs                   | [PLAYLIST_DB] store_suggestions user=240082844 source=5545052 -> 5 new of 5 ids
2026-08-05 13:09:17,858 | INFO     | deezer_helper                | [DEEZER] get_track id=1175618
2026-08-05 13:09:18,364 | INFO     | deezer_helper                | [DEEZER] get_track id=1175618 -> Cream - White Room (genres=[])
2026-08-05 13:09:18,364 | INFO     | deezer_helper                | [DEEZER] get_similar id=1175618 limit=5
2026-08-05 13:09:18,587 | INFO     | deezer_helper                | [DEEZER] get_artist_top id=1796 limit=5
2026-08-05 13:09:18,841 | INFO     | deezer_helper                | [DEEZER] get_artist_top id=1796 -> 5 results
2026-08-05 13:09:18,842 | INFO     | deezer_helper                | [DEEZER] get_similar id=1175618 -> 5 results (artist_top)
2026-08-05 13:09:18,854 | INFO     | user_prefs                   | [PLAYLIST_DB] store_suggestions user=240082844 source=1175618 -> 5 new of 5 ids
2026-08-05 13:09:18,855 | INFO     | deezer_helper                | [DEEZER] get_track id=646290952
2026-08-05 13:09:19,366 | INFO     | deezer_helper                | [DEEZER] get_track id=646290952 -> Chuck Berry - You Never Can Tell (genres=[])
2026-08-05 13:09:19,368 | INFO     | deezer_helper                | [DEEZER] get_similar id=646290952 limit=5
2026-08-05 13:09:19,608 | INFO     | deezer_helper                | [DEEZER] get_artist_top id=2833 limit=5
2026-08-05 13:09:19,917 | INFO     | deezer_helper                | [DEEZER] get_artist_top id=2833 -> 5 results
2026-08-05 13:09:19,918 | INFO     | deezer_helper                | [DEEZER] get_similar id=646290952 -> 5 results (artist_top)
2026-08-05 13:09:19,936 | INFO     | user_prefs                   | [PLAYLIST_DB] store_suggestions user=240082844 source=646290952 -> 5 new of 5 ids
2026-08-05 13:09:19,937 | INFO     | deezer_helper                | [DEEZER] get_track id=920114
2026-08-05 13:09:20,559 | INFO     | deezer_helper                | [DEEZER] get_track id=920114 -> Michael Jackson - Rockin' Robin (genres=[])
2026-08-05 13:09:20,560 | INFO     | deezer_helper                | [DEEZER] get_similar id=920114 limit=5
2026-08-05 13:09:20,784 | INFO     | deezer_helper                | [DEEZER] get_artist_top id=259 limit=5
2026-08-05 13:09:21,091 | INFO     | deezer_helper                | [DEEZER] get_artist_top id=259 -> 5 results
2026-08-05 13:09:21,092 | INFO     | deezer_helper                | [DEEZER] get_similar id=920114 -> 5 results (artist_top)
2026-08-05 13:09:21,102 | INFO     | user_prefs                   | [PLAYLIST_DB] store_suggestions user=240082844 source=920114 -> 5 new of 5 ids
2026-08-05 13:09:21,102 | INFO     | deezer_helper                | [DEEZER] get_track id=3667551
2026-08-05 13:09:21,677 | INFO     | deezer_helper                | [DEEZER] get_track id=3667551 -> Madonna - Music (genres=[])
2026-08-05 13:09:21,677 | INFO     | deezer_helper                | [DEEZER] get_similar id=3667551 limit=5
2026-08-05 13:09:21,897 | INFO     | deezer_helper                | [DEEZER] get_artist_top id=290 limit=5
2026-08-05 13:09:22,222 | INFO     | deezer_helper                | [DEEZER] get_artist_top id=290 -> 5 results
2026-08-05 13:09:22,222 | INFO     | deezer_helper                | [DEEZER] get_similar id=3667551 -> 5 results (artist_top)
2026-08-05 13:09:22,231 | INFO     | user_prefs                   | [PLAYLIST_DB] store_suggestions user=240082844 source=3667551 -> 5 new of 5 ids
2026-08-05 13:09:22,231 | INFO     | deezer_helper                | [DEEZER] get_track id=10218969
2026-08-05 13:09:22,707 | INFO     | deezer_helper                | [DEEZER] get_track id=10218969 -> Louis Armstrong - Dream A Little Dream Of Me (genres=[])
2026-08-05 13:09:22,707 | INFO     | deezer_helper                | [DEEZER] get_similar id=10218969 limit=5
2026-08-05 13:09:23,076 | INFO     | deezer_helper                | [DEEZER] get_artist_top id=2337 limit=5
2026-08-05 13:09:23,438 | INFO     | deezer_helper                | [DEEZER] get_artist_top id=2337 -> 5 results
2026-08-05 13:09:23,438 | INFO     | deezer_helper                | [DEEZER] get_similar id=10218969 -> 5 results (artist_top)
2026-08-05 13:09:23,475 | INFO     | user_prefs                   | [PLAYLIST_DB] store_suggestions user=240082844 source=10218969 -> 5 new of 5 ids
2026-08-05 13:09:23,475 | INFO     | deezer_helper                | [DEEZER] get_track id=2545396411
2026-08-05 13:09:24,003 | INFO     | deezer_helper                | [DEEZER] get_track id=2545396411 -> Dimitri Vegas & Like Mike - Thank You (Not So Bad) (genres=[])
2026-08-05 13:09:24,003 | INFO     | deezer_helper                | [DEEZER] get_similar id=2545396411 limit=5
2026-08-05 13:09:24,251 | INFO     | deezer_helper                | [DEEZER] get_artist_top id=262271 limit=5
2026-08-05 13:09:24,577 | INFO     | deezer_helper                | [DEEZER] get_artist_top id=262271 -> 5 results
2026-08-05 13:09:24,577 | INFO     | deezer_helper                | [DEEZER] get_similar id=2545396411 -> 5 results (artist_top)
2026-08-05 13:09:24,588 | INFO     | user_prefs                   | [PLAYLIST_DB] store_suggestions user=240082844 source=2545396411 -> 5 new of 5 ids
2026-08-05 13:09:24,588 | INFO     | deezer_helper                | [DEEZER] get_track id=117852904
2026-08-05 13:09:25,211 | INFO     | deezer_helper                | [DEEZER] get_track id=117852904 -> Brandy - Beggin & Pleadin (genres=[])
2026-08-05 13:09:25,211 | INFO     | deezer_helper                | [DEEZER] get_similar id=117852904 limit=5
2026-08-05 13:09:25,437 | INFO     | deezer_helper                | [DEEZER] get_artist_top id=269 limit=5
2026-08-05 13:09:25,816 | INFO     | deezer_helper                | [DEEZER] get_artist_top id=269 -> 5 results
2026-08-05 13:09:25,816 | INFO     | deezer_helper                | [DEEZER] get_similar id=117852904 -> 5 results (artist_top)
2026-08-05 13:09:25,837 | INFO     | user_prefs                   | [PLAYLIST_DB] store_suggestions user=240082844 source=117852904 -> 5 new of 5 ids
2026-08-05 13:09:25,838 | INFO     | deezer_helper                | [DEEZER] get_track id=4006539
2026-08-05 13:09:26,361 | INFO     | deezer_helper                | [DEEZER] get_track id=4006539 -> Jerry Lee Lewis - Great Balls Of Fire (genres=[])
2026-08-05 13:09:26,361 | INFO     | deezer_helper                | [DEEZER] get_similar id=4006539 limit=5
2026-08-05 13:09:26,612 | INFO     | deezer_helper                | [DEEZER] get_artist_top id=2705 limit=5
2026-08-05 13:09:27,178 | INFO     | deezer_helper                | [DEEZER] get_artist_top id=2705 -> 5 results
2026-08-05 13:09:27,178 | INFO     | deezer_helper                | [DEEZER] get_similar id=4006539 -> 5 results (artist_top)
2026-08-05 13:09:27,197 | INFO     | user_prefs                   | [PLAYLIST_DB] store_suggestions user=240082844 source=4006539 -> 3 new of 5 ids
2026-08-05 13:13:02,356 | INFO     | __main__                     | Loaded Persian genre database: 203 artists
2026-08-05 13:13:02,645 | INFO     | __main__                     | Music Suggest Bot v3 starting...
2026-08-05 13:13:03,383 | INFO     | user_prefs                   | [USER_DB] init_db: tables created; PATH=user_prefs.db
2026-08-05 13:13:03,392 | INFO     | feature_cache                | Feature cache initialized
2026-08-05 13:13:03,394 | INFO     | __main__                     | Bot initialized: Last.fm=OK
2026-08-05 13:13:03,563 | INFO     | telegram.ext.Application     | Application started
2026-08-05 13:13:20,531 | WARNING  | __main__                     | Unhandled error: httpx.ConnectError: 
2026-08-05 13:13:30,172 | WARNING  | __main__                     | Unhandled error: httpx.ConnectError: 
2026-08-05 13:13:32,795 | INFO     | __main__                     | [STEP 1] User 240082844: Received text: 🔍 Search...
2026-08-05 13:13:49,194 | INFO     | deezer_helper                | [DEEZER] search query='Great Balls Of Fire Jerry Lee Lewis' limit=5
2026-08-05 13:14:04,309 | WARNING  | deezer_helper                | [DEEZER] https://api.deezer.com/search/track error= retrying
2026-08-05 13:14:08,497 | INFO     | deezer_helper                | [DEEZER] search query='Great Balls Of Fire Jerry Lee Lewis' -> 5 results
2026-08-05 13:14:12,149 | INFO     | __main__                     | Callback received: chat_id=240082844, data=pick_original
2026-08-05 13:14:12,696 | INFO     | deezer_helper                | [DEEZER] search query='Great Balls Of Fire Jerry Lee Lewis' limit=10
2026-08-05 13:14:12,952 | INFO     | deezer_helper                | [DEEZER] search query='Great Balls Of Fire Jerry Lee Lewis' -> 10 results
2026-08-05 13:14:12,953 | INFO     | deezer_helper                | [DEEZER] get_track id=4006539
2026-08-05 13:14:13,427 | INFO     | deezer_helper                | [DEEZER] get_track id=4006539 -> Jerry Lee Lewis - Great Balls Of Fire (genres=[])
2026-08-05 13:14:13,428 | INFO     | __main__                     | Fetched full track: Jerry Lee Lewis - Great Balls Of Fire (genres: [], artist_id: 2705)
2026-08-05 13:14:13,429 | INFO     | deezer_helper                | [DEEZER] search query='Jerry Lee Lewis' limit=10
2026-08-05 13:14:13,825 | INFO     | deezer_helper                | [DEEZER] search query='Jerry Lee Lewis' -> 10 results
2026-08-05 13:14:13,826 | INFO     | __main__                     | Search 'Jerry Lee Lewis': found 10 tracks, best ID=2705 (count=5)
2026-08-05 13:14:14,096 | INFO     | feature_cache                | [CACHE] Looking up features for track ID: 4006539
2026-08-05 13:14:14,102 | INFO     | feature_cache                | [CACHE] ✓ Cache HIT for track ID: 4006539
2026-08-05 13:14:14,103 | INFO     | feature_cache                | [CACHE]   Audio: BPM=86.1, Energy=0.1320
2026-08-05 13:14:14,104 | INFO     | feature_cache                | [CACHE]   MusicBrainz: f633a668-cce3-47be-a4d2-aa94e47a000b
2026-08-05 13:14:14,109 | INFO     | __main__                     | Cache hit for: Jerry Lee Lewis - Great Balls Of Fire
2026-08-05 13:14:14,110 | INFO     | __main__                     | [FLOW] main track analyzed: audio=True acoustic=False
2026-08-05 13:14:15,131 | INFO     | lastfm_client                | Last.fm found 10 similar tracks for Jerry Lee Lewis - Great Balls Of Fire
2026-08-05 13:14:15,132 | INFO     | __main__                     | [FLOW] Last.fm similar for Great Balls Of Fire: 10 found
2026-08-05 13:14:15,132 | INFO     | deezer_helper                | [DEEZER] search query='Johnny B. Goode Chuck Berry' limit=1
2026-08-05 13:14:15,395 | INFO     | deezer_helper                | [DEEZER] search query='Johnny B. Goode Chuck Berry' -> 1 results
2026-08-05 13:14:15,395 | INFO     | deezer_helper                | [DEEZER] search query='Jailhouse Rock Elvis Presley' limit=1
2026-08-05 13:14:15,677 | INFO     | deezer_helper                | [DEEZER] search query='Jailhouse Rock Elvis Presley' -> 1 results
2026-08-05 13:14:15,678 | INFO     | deezer_helper                | [DEEZER] search query='Hound Dog Elvis Presley' limit=1
2026-08-05 13:14:16,004 | INFO     | deezer_helper                | [DEEZER] search query='Hound Dog Elvis Presley' -> 1 results
2026-08-05 13:14:16,006 | INFO     | deezer_helper                | [DEEZER] search query='Summertime Blues Eddie Cochran' limit=1
2026-08-05 13:14:16,348 | INFO     | deezer_helper                | [DEEZER] search query='Summertime Blues Eddie Cochran' -> 1 results
2026-08-05 13:14:16,349 | INFO     | deezer_helper                | [DEEZER] search query='High School Confidential Jerry Lee Lewis' limit=1
2026-08-05 13:14:16,671 | INFO     | deezer_helper                | [DEEZER] search query='High School Confidential Jerry Lee Lewis' -> 1 results
2026-08-05 13:14:16,673 | INFO     | deezer_helper                | [DEEZER] search query='Tutti Frutti Little Richard' limit=1
2026-08-05 13:14:17,198 | INFO     | deezer_helper                | [DEEZER] search query='Tutti Frutti Little Richard' -> 1 results
2026-08-05 13:14:17,199 | INFO     | deezer_helper                | [DEEZER] search query="Whole Lotta Shakin' Goin' On Jerry Lee Lewis" limit=1
2026-08-05 13:14:17,528 | INFO     | deezer_helper                | [DEEZER] search query="Whole Lotta Shakin' Goin' On Jerry Lee Lewis" -> 1 results
2026-08-05 13:14:17,529 | INFO     | deezer_helper                | [DEEZER] search query='No Particular Place to Go Chuck Berry' limit=1
2026-08-05 13:14:17,822 | INFO     | deezer_helper                | [DEEZER] search query='No Particular Place to Go Chuck Berry' -> 1 results
2026-08-05 13:14:17,822 | INFO     | deezer_helper                | [DEEZER] get_similar id=4006539 limit=20
2026-08-05 13:14:18,060 | INFO     | deezer_helper                | [DEEZER] get_track id=4006539
2026-08-05 13:14:18,531 | INFO     | deezer_helper                | [DEEZER] get_track id=4006539 -> Jerry Lee Lewis - Great Balls Of Fire (genres=[])
2026-08-05 13:14:18,532 | INFO     | deezer_helper                | [DEEZER] get_artist_top id=2705 limit=20
2026-08-05 13:14:18,769 | INFO     | deezer_helper                | [DEEZER] get_artist_top id=2705 -> 2 results
2026-08-05 13:14:18,770 | INFO     | deezer_helper                | [DEEZER] get_similar id=4006539 -> 2 results (artist_top)
2026-08-05 13:14:18,771 | INFO     | __main__                     | [FLOW] Deezer radio for Great Balls Of Fire: found 2 tracks
2026-08-05 13:14:18,771 | INFO     | deezer_helper                | [DEEZER] get_artist_top id=2705 limit=10
2026-08-05 13:14:19,011 | INFO     | deezer_helper                | [DEEZER] get_artist_top id=2705 -> 2 results
2026-08-05 13:14:19,012 | INFO     | __main__                     | Same artist tracks for Jerry Lee Lewis (ID: 2705): 2 found
2026-08-05 13:14:19,013 | INFO     | __main__                     | Same artist tracks found: 0
2026-08-05 13:14:19,014 | INFO     | __main__                     | Different artist tracks found: 8
2026-08-05 13:14:19,015 | INFO     | __main__                     | Total similar tracks: 6
2026-08-05 13:14:19,016 | INFO     | feature_cache                | [CACHE] Looking up features for track ID: 2689636
2026-08-05 13:14:19,018 | INFO     | feature_cache                | [CACHE] Looking up features for track ID: 6596867
2026-08-05 13:14:19,024 | INFO     | feature_cache                | [CACHE] Looking up features for track ID: 17479889
2026-08-05 13:14:19,029 | INFO     | feature_cache                | [CACHE] Cache MISS for track ID: 2689636
2026-08-05 13:14:19,031 | INFO     | feature_cache                | [CACHE] Cache MISS for track ID: 17479889
2026-08-05 13:14:19,053 | INFO     | __main__                     | Analyzing track: Chuck Berry - Johnny B. Goode (fast=True)
2026-08-05 13:14:19,056 | INFO     | feature_cache                | [CACHE] Cache MISS for track ID: 6596867
2026-08-05 13:14:19,057 | INFO     | __main__                     | Analyzing track: Elvis Presley - Hound Dog (fast=True)
2026-08-05 13:14:19,063 | INFO     | __main__                     | Analyzing track: Elvis Presley - Jailhouse Rock (fast=True)
2026-08-05 13:14:20,548 | INFO     | musicbrainz_client           | Found MusicBrainz ID: dd6c1828-6d94-4360-af94-4ffc3bd5e255 for Elvis Presley - Jailhouse Rock
2026-08-05 13:14:20,637 | INFO     | musicbrainz_client           | Found MusicBrainz ID: 45ea0a3d-fd1c-4ff5-95d3-54832fd64480 for Elvis Presley - Hound Dog
2026-08-05 13:14:21,507 | INFO     | __main__                     | Analysis results for Elvis Presley - Hound Dog:
2026-08-05 13:14:21,508 | INFO     | __main__                     |   Audio features: SKIPPED
2026-08-05 13:14:21,509 | INFO     | __main__                     |   MusicBrainz: OK
2026-08-05 13:14:21,510 | INFO     | __main__                     |   AcousticBrainz: NOT FOUND
2026-08-05 13:14:21,511 | WARNING  | __main__                     | [FLOW] candidate analysis failed for Elvis Presley - Hound Dog: 'NoneType' object has no attribute 'get'
2026-08-05 13:14:21,512 | INFO     | feature_cache                | [CACHE] Looking up features for track ID: 3089528
2026-08-05 13:14:21,521 | INFO     | feature_cache                | [CACHE] Cache MISS for track ID: 3089528
2026-08-05 13:14:21,527 | INFO     | __main__                     | Analyzing track: Eddie Cochran - Summertime Blues (fast=True)
2026-08-05 13:14:21,968 | INFO     | __main__                     | Analysis results for Elvis Presley - Jailhouse Rock:
2026-08-05 13:14:21,969 | INFO     | __main__                     |   Audio features: SKIPPED
2026-08-05 13:14:21,969 | INFO     | __main__                     |   MusicBrainz: OK
2026-08-05 13:14:21,970 | INFO     | __main__                     |   AcousticBrainz: NOT FOUND
2026-08-05 13:14:21,971 | WARNING  | __main__                     | [FLOW] candidate analysis failed for Elvis Presley - Jailhouse Rock: 'NoneType' object has no attribute 'get'
2026-08-05 13:14:21,972 | INFO     | feature_cache                | [CACHE] Looking up features for track ID: 2203627
2026-08-05 13:14:21,979 | INFO     | feature_cache                | [CACHE] Cache MISS for track ID: 2203627
2026-08-05 13:14:21,982 | INFO     | __main__                     | Analyzing track: Little Richard - Tutti Frutti (fast=True)
2026-08-05 13:14:22,789 | INFO     | musicbrainz_client           | Found MusicBrainz ID: 5e30ba7e-834f-4f03-9adc-6fc863f3c82d for Little Richard - Tutti Frutti
2026-08-05 13:14:23,119 | INFO     | __main__                     | Analysis results for Little Richard - Tutti Frutti:
2026-08-05 13:14:23,120 | INFO     | __main__                     |   Audio features: SKIPPED
2026-08-05 13:14:23,121 | INFO     | __main__                     |   MusicBrainz: OK
2026-08-05 13:14:23,122 | INFO     | __main__                     |   AcousticBrainz: NOT FOUND
2026-08-05 13:14:23,122 | WARNING  | __main__                     | [FLOW] candidate analysis failed for Little Richard - Tutti Frutti: 'NoneType' object has no attribute 'get'
2026-08-05 13:14:23,123 | INFO     | feature_cache                | [CACHE] Looking up features for track ID: 2689645
2026-08-05 13:14:23,131 | INFO     | feature_cache                | [CACHE] Cache MISS for track ID: 2689645
2026-08-05 13:14:23,134 | INFO     | __main__                     | Analyzing track: Chuck Berry - No Particular Place To Go (fast=True)
2026-08-05 13:14:23,827 | INFO     | musicbrainz_client           | Found MusicBrainz ID: 277553ea-1d4a-45aa-aa07-50a9861a775a for Chuck Berry - No Particular Place To Go
2026-08-05 13:14:24,174 | INFO     | __main__                     | Analysis results for Chuck Berry - No Particular Place To Go:
2026-08-05 13:14:24,175 | INFO     | __main__                     |   Audio features: SKIPPED
2026-08-05 13:14:24,176 | INFO     | __main__                     |   MusicBrainz: OK
2026-08-05 13:14:24,176 | INFO     | __main__                     |   AcousticBrainz: NOT FOUND
2026-08-05 13:14:24,177 | WARNING  | __main__                     | [FLOW] candidate analysis failed for Chuck Berry - No Particular Place To Go: 'NoneType' object has no attribute 'get'
2026-08-05 13:14:24,930 | INFO     | musicbrainz_client           | Found MusicBrainz ID: 53bc7487-862c-4aeb-9922-27c95619d745 for Chuck Berry - Johnny B. Goode
2026-08-05 13:14:25,257 | INFO     | __main__                     | Analysis results for Chuck Berry - Johnny B. Goode:
2026-08-05 13:14:25,258 | INFO     | __main__                     |   Audio features: SKIPPED
2026-08-05 13:14:25,258 | INFO     | __main__                     |   MusicBrainz: OK
2026-08-05 13:14:25,258 | INFO     | __main__                     |   AcousticBrainz: NOT FOUND
2026-08-05 13:14:25,260 | WARNING  | __main__                     | [FLOW] candidate analysis failed for Chuck Berry - Johnny B. Goode: 'NoneType' object has no attribute 'get'
2026-08-05 13:14:26,676 | INFO     | musicbrainz_client           | Found MusicBrainz ID: efabc9b6-b531-4c0c-a59e-bf8c1c3b2f2f for Eddie Cochran - Summertime Blues
2026-08-05 13:14:27,002 | INFO     | __main__                     | Analysis results for Eddie Cochran - Summertime Blues:
2026-08-05 13:14:27,003 | INFO     | __main__                     |   Audio features: SKIPPED
2026-08-05 13:14:27,004 | INFO     | __main__                     |   MusicBrainz: OK
2026-08-05 13:14:27,005 | INFO     | __main__                     |   AcousticBrainz: NOT FOUND
2026-08-05 13:14:27,005 | WARNING  | __main__                     | [FLOW] candidate analysis failed for Eddie Cochran - Summertime Blues: 'NoneType' object has no attribute 'get'
2026-08-05 13:14:27,006 | INFO     | __main__                     | [FLOW] candidate features ready: 0/6
2026-08-05 13:14:27,007 | INFO     | __main__                     | Similarity calc: target_audio=YES, target_acoustic=NO, candidates=6
2026-08-05 13:14:27,009 | INFO     | __main__                     | Similarity scores: [('Johnny B. Goode', 1.0), ('Jailhouse Rock', 0.885331), ('Hound Dog', 0.7898)]
2026-08-05 13:14:27,010 | INFO     | __main__                     | Building features - target_audio: YES, genres: []
2026-08-05 13:14:27,011 | INFO     | __main__                     | [GENRE] Deezer genres empty for Jerry Lee Lewis - Great Balls Of Fire
2026-08-05 13:14:27,355 | INFO     | lastfm_client                | Last.fm artist tags for Jerry Lee Lewis: ['rockabilly', 'Rock and Roll', 'rock n roll', 'oldies', 'classic rock']
2026-08-05 13:14:27,356 | INFO     | __main__                     | [GENRE] Last.fm genre for Jerry Lee Lewis: rockabilly
2026-08-05 13:14:45,975 | INFO     | __main__                     | [STEP 1] User 240082844: Received text: 📋 My Playlist...
2026-08-05 13:14:45,986 | INFO     | user_prefs                   | [PLAYLIST_DB] get_user_playlist user=240082844 -> 25 rows
2026-08-05 13:14:45,988 | INFO     | user_prefs                   | [PLAYLIST_DB] get_user_taste_profile user=240082844
2026-08-05 13:14:46,003 | INFO     | user_prefs                   | [PLAYLIST_DB] taste_profile user=240082844 -> total=25 recognized=21 tracks=21 bpm=118.9 energy=0.16 valence=0.00 genres=['classic rock', 'Persian Traditional', 'pop'] langs=[('en', 16), ('fa', 3), ('ar', 2)]
2026-08-05 13:14:51,723 | INFO     | __main__                     | [STEP 1] User 240082844: Received text: 🎯 For Me...
2026-08-05 13:14:51,725 | INFO     | user_prefs                   | [PLAYLIST_DB] get_user_taste_profile user=240082844
2026-08-05 13:14:51,744 | INFO     | user_prefs                   | [PLAYLIST_DB] taste_profile user=240082844 -> total=25 recognized=21 tracks=21 bpm=118.9 energy=0.16 valence=0.00 genres=['classic rock', 'Persian Traditional', 'pop'] langs=[('en', 16), ('fa', 3), ('ar', 2)]
2026-08-05 13:14:51,992 | INFO     | user_prefs                   | [PLAYLIST_DB] get_random_suggestions user=240082844 -> 5 ids
2026-08-05 13:14:51,993 | INFO     | deezer_helper                | [DEEZER] get_track id=2970881151
2026-08-05 13:14:53,100 | INFO     | deezer_helper                | [DEEZER] get_track id=2970881151 -> Homayoun Shajarian - Afsaneye Chashmhayat (genres=[])
2026-08-05 13:14:53,101 | INFO     | deezer_helper                | [DEEZER] get_track id=369178941
2026-08-05 13:14:53,705 | INFO     | deezer_helper                | [DEEZER] get_track id=369178941 -> Chuck Berry - Big Boys (genres=[])
2026-08-05 13:14:53,706 | INFO     | deezer_helper                | [DEEZER] get_track id=4763165
2026-08-05 13:14:54,278 | INFO     | deezer_helper                | [DEEZER] get_track id=4763165 -> Michael Jackson - Beat It (genres=[])
2026-08-05 13:14:54,279 | INFO     | deezer_helper                | [DEEZER] get_track id=65414413
2026-08-05 13:14:54,888 | INFO     | deezer_helper                | [DEEZER] get_track id=65414413 -> The Who - The Seeker (Edit) (genres=[])
2026-08-05 13:14:54,889 | INFO     | deezer_helper                | [DEEZER] get_track id=68414439
2026-08-05 13:14:55,667 | INFO     | deezer_helper                | [DEEZER] get_track id=68414439 -> Love - Everybody's Gotta Live (genres=[])
2026-08-05 13:15:26,892 | INFO     | __main__                     | [STEP 1] User 240082844: Received text: 🎯 For Me...
2026-08-05 13:15:26,893 | INFO     | user_prefs                   | [PLAYLIST_DB] get_user_taste_profile user=240082844
2026-08-05 13:15:26,917 | INFO     | user_prefs                   | [PLAYLIST_DB] taste_profile user=240082844 -> total=25 recognized=21 tracks=21 bpm=118.9 energy=0.16 valence=0.00 genres=['classic rock', 'Persian Traditional', 'pop'] langs=[('en', 16), ('fa', 3), ('ar', 2)]
2026-08-05 13:15:27,335 | INFO     | user_prefs                   | [PLAYLIST_DB] get_random_suggestions user=240082844 -> 5 ids
2026-08-05 13:15:27,335 | INFO     | deezer_helper                | [DEEZER] get_track id=78213531
2026-08-05 13:15:28,736 | INFO     | deezer_helper                | [DEEZER] get_track id=78213531 -> Michael Jackson - Chicago (genres=[])
2026-08-05 13:15:28,737 | INFO     | deezer_helper                | [DEEZER] get_track id=2121805
2026-08-05 13:15:29,379 | INFO     | deezer_helper                | [DEEZER] get_track id=2121805 -> The Who - Baba O'Riley (genres=[])
2026-08-05 13:15:29,379 | INFO     | deezer_helper                | [DEEZER] get_track id=141460367
2026-08-05 13:15:29,959 | INFO     | deezer_helper                | [DEEZER] get_track id=141460367 -> The Heavy - Short Change Hero (genres=[])
2026-08-05 13:15:29,960 | INFO     | deezer_helper                | [DEEZER] get_track id=531967
2026-08-05 13:15:30,575 | INFO     | deezer_helper                | [DEEZER] get_track id=531967 -> Alan Jackson - Chattahoochee (Extended Mix) (genres=[])
2026-08-05 13:15:30,576 | INFO     | deezer_helper                | [DEEZER] get_track id=664507
2026-08-05 13:15:31,204 | INFO     | deezer_helper                | [DEEZER] get_track id=664507 -> Madonna - Like a Prayer (genres=[])
2026-08-05 13:39:41,619 | INFO     | __main__                     | Loaded Persian genre database: 203 artists
2026-08-05 13:39:41,894 | INFO     | __main__                     | Music Suggest Bot v3 starting...
2026-08-05 13:39:42,317 | INFO     | user_prefs                   | [USER_DB] init_db: tables created; PATH=user_prefs.db
2026-08-05 13:39:42,326 | INFO     | feature_cache                | Feature cache initialized
2026-08-05 13:39:42,522 | INFO     | __main__                     | Bot initialized: Last.fm=OK
2026-08-05 13:39:42,694 | INFO     | telegram.ext.Application     | Application started
2026-08-05 13:41:05,096 | WARNING  | __main__                     | Unhandled error: name 'label' is not defined
2026-08-05 13:41:15,553 | INFO     | __main__                     | Callback received: chat_id=240082844, data=lang_fa
2026-08-05 13:41:15,775 | INFO     | user_prefs                   | [USER_DB] set_user_language user=240082844 lang=fa
2026-08-05 13:41:15,997 | WARNING  | __main__                     | Unhandled error: name 'label' is not defined
2026-08-05 13:41:22,615 | INFO     | __main__                     | [STEP 1] User 240082844: Received text: ➕ Add to Playlist...
2026-08-05 13:41:22,615 | WARNING  | __main__                     | Unhandled error: name 'label' is not defined
2026-08-05 13:41:31,177 | INFO     | __main__                     | [STEP 1] User 240082844: Received text: 📋 My Playlist...
2026-08-05 13:41:31,178 | WARNING  | __main__                     | Unhandled error: name 'label' is not defined
2026-08-05 13:41:39,252 | INFO     | __main__                     | Callback received: chat_id=240082844, data=lang_en
2026-08-05 13:41:39,475 | INFO     | user_prefs                   | [USER_DB] set_user_language user=240082844 lang=en
2026-08-05 13:41:39,770 | WARNING  | __main__                     | Unhandled error: name 'label' is not defined
2026-08-05 13:41:41,236 | INFO     | __main__                     | [STEP 1] User 240082844: Received text: 📋 My Playlist...
2026-08-05 13:41:41,236 | WARNING  | __main__                     | Unhandled error: name 'label' is not defined
2026-08-05 13:44:15,125 | WARNING  | __main__                     | Unhandled error: httpx.RemoteProtocolError: Server disconnected without sending a response.
2026-08-05 13:44:48,730 | INFO     | bot                          | Loaded Persian genre database: 203 artists
2026-08-05 13:47:54,736 | INFO     | __main__                     | Loaded Persian genre database: 203 artists
2026-08-05 13:47:55,028 | INFO     | __main__                     | Music Suggest Bot v3 starting...
2026-08-05 13:47:55,442 | INFO     | user_prefs                   | [USER_DB] init_db: tables created; PATH=user_prefs.db
2026-08-05 13:47:55,449 | INFO     | feature_cache                | Feature cache initialized
2026-08-05 13:47:55,660 | INFO     | __main__                     | Bot initialized: Last.fm=OK
2026-08-05 13:47:55,845 | INFO     | telegram.ext.Application     | Application started
2026-08-05 13:48:18,794 | INFO     | __main__                     | [STEP 1] User 240082844: Received text: 🔍 Search...
2026-08-05 13:48:27,867 | INFO     | __main__                     | [STEP 1] User 240082844: Received text: iron lung...
2026-08-05 13:48:28,856 | INFO     | deezer_helper                | [DEEZER] search query='iron lung' limit=5
2026-08-05 13:48:29,740 | INFO     | deezer_helper                | [DEEZER] search query='iron lung' -> 5 results
2026-08-05 13:48:29,741 | INFO     | __main__                     | [SEARCH] raw=5, clean-first reorder done -> 5 shown
2026-08-05 13:48:29,741 | INFO     | deezer_helper                | [DEEZER] search query='artist:King Gizzard & The Lizard Wizard' limit=3
2026-08-05 13:48:30,109 | INFO     | deezer_helper                | [DEEZER] search query='artist:King Gizzard & The Lizard Wizard' -> 0 results
2026-08-05 13:48:35,087 | INFO     | __main__                     | Callback received: chat_id=240082844, data=cancel
2026-08-05 13:48:46,215 | INFO     | __main__                     | [STEP 1] User 240082844: Received text: iron lung radiohead...
2026-08-05 13:48:46,937 | INFO     | deezer_helper                | [DEEZER] search query='iron lung radiohead' limit=5
2026-08-05 13:48:47,488 | INFO     | deezer_helper                | [DEEZER] search query='iron lung radiohead' -> 5 results
2026-08-05 13:48:47,489 | INFO     | __main__                     | [SEARCH] raw=5, clean-first reorder done -> 5 shown
2026-08-05 13:48:47,489 | INFO     | deezer_helper                | [DEEZER] search query='artist:Radiohead' limit=3
2026-08-05 13:48:47,803 | INFO     | deezer_helper                | [DEEZER] search query='artist:Radiohead' -> 0 results
2026-08-05 13:48:51,878 | INFO     | __main__                     | Callback received: chat_id=240082844, data=pick_original
2026-08-05 13:48:52,392 | INFO     | deezer_helper                | [DEEZER] search query='iron lung radiohead' limit=10
2026-08-05 13:48:52,678 | INFO     | deezer_helper                | [DEEZER] search query='iron lung radiohead' -> 10 results
2026-08-05 13:48:52,679 | INFO     | deezer_helper                | [DEEZER] get_track id=138544271
2026-08-05 13:48:53,172 | INFO     | deezer_helper                | [DEEZER] get_track id=138544271 -> Radiohead - My Iron Lung (genres=[])
2026-08-05 13:48:53,173 | INFO     | __main__                     | Fetched full track: Radiohead - My Iron Lung (genres: [], artist_id: 399)
2026-08-05 13:48:53,174 | INFO     | deezer_helper                | [DEEZER] search query='Radiohead' limit=10
2026-08-05 13:48:53,446 | INFO     | deezer_helper                | [DEEZER] search query='Radiohead' -> 10 results
2026-08-05 13:48:53,447 | INFO     | __main__                     | Search 'Radiohead': found 10 tracks, best ID=399 (count=10)
2026-08-05 13:48:53,664 | INFO     | feature_cache                | [CACHE] Looking up features for track ID: 138544271
2026-08-05 13:48:53,670 | INFO     | feature_cache                | [CACHE] Cache MISS for track ID: 138544271
2026-08-05 13:48:53,672 | INFO     | __main__                     | Analyzing track: Radiohead - My Iron Lung (fast=False)
2026-08-05 13:48:53,673 | INFO     | audio_analyzer               | Downloading preview: https://cdnt-preview.dzcdn.net/api/1/1/5/4/c/0/54c22de7a3a1a3a42a537161354f6e19.mp3?hdnea=exp=1785926032~acl=/api/1/1/5/4/c/0/54c22de7a3a1a3a42a537161354f6e19.mp3*~data=user_id=0,application_id=42~hmac=f54c4bc3acf06bddb57f1b173c36bb17bac35e842e61a980a2f6c0f5cca1e0a2
2026-08-05 13:48:54,524 | INFO     | musicbrainz_client           | Found MusicBrainz ID: 1969d6f0-0e4e-47e6-9d68-8072d9adce7f for Radiohead - My Iron Lung
2026-08-05 13:48:55,458 | INFO     | audio_analyzer               | Downloaded 479827 bytes
2026-08-05 13:48:55,460 | INFO     | audio_analyzer               | Running librosa analysis...
2026-08-05 13:48:55,474 | INFO     | audio_analyzer               | [LIBROSA] Starting feature extraction...
2026-08-05 13:48:55,478 | INFO     | audio_analyzer               | [LIBROSA] Temp file created: C:\Users\Saeid\AppData\Local\Temp\tmp3c7hx13a.mp3 (479827 bytes)
2026-08-05 13:48:55,479 | INFO     | audio_analyzer               | [LIBROSA] Loading audio file...
2026-08-05 13:48:59,499 | INFO     | audio_analyzer               | [LIBROSA] Audio loaded: 30.0 seconds, 22050 Hz sample rate
2026-08-05 13:48:59,500 | INFO     | audio_analyzer               | [LIBROSA] Extracting BPM...
2026-08-05 13:49:02,022 | INFO     | audio_analyzer               | [LIBROSA] BPM: 95.7
2026-08-05 13:49:02,023 | INFO     | audio_analyzer               | [LIBROSA] Extracting MFCCs (timbre)...
2026-08-05 13:49:02,076 | INFO     | audio_analyzer               | [LIBROSA] MFCCs extracted: 13 coefficients
2026-08-05 13:49:02,076 | INFO     | audio_analyzer               | [LIBROSA] Extracting chroma (harmonics)...
2026-08-05 13:49:02,204 | INFO     | audio_analyzer               | [LIBROSA] Chroma extracted: 12 pitch classes
2026-08-05 13:49:02,204 | INFO     | audio_analyzer               | [LIBROSA] Extracting spectral features...
2026-08-05 13:49:02,539 | INFO     | audio_analyzer               | [LIBROSA] Spectral: centroid=2171.9, rolloff=4730.5, bandwidth=2503.9
2026-08-05 13:49:02,540 | INFO     | audio_analyzer               | [LIBROSA] Extracting energy (RMS)...
2026-08-05 13:49:02,548 | INFO     | audio_analyzer               | [LIBROSA] Energy: mean=0.1438, var=0.0014
2026-08-05 13:49:02,550 | INFO     | audio_analyzer               | [LIBROSA] Extracting onset rate...
2026-08-05 13:49:02,601 | INFO     | audio_analyzer               | [LIBROSA] Onset rate: 1.4051
2026-08-05 13:49:02,631 | INFO     | audio_analyzer               | [LIBROSA] Inferring musical key...
2026-08-05 13:49:02,632 | INFO     | audio_analyzer               | [LIBROSA] Key: G
2026-08-05 13:49:02,632 | INFO     | audio_analyzer               | [LIBROSA] Inferring scale (major/minor)...
2026-08-05 13:49:02,633 | INFO     | audio_analyzer               | [LIBROSA] Scale: minor (major=0.02, minor=0.37)
2026-08-05 13:49:02,634 | INFO     | audio_analyzer               | Analyzed audio: BPM=95.7, RMS=0.144
2026-08-05 13:49:02,634 | INFO     | __main__                     | Analysis results for Radiohead - My Iron Lung:
2026-08-05 13:49:02,634 | INFO     | __main__                     |   Audio features: OK
2026-08-05 13:49:02,635 | INFO     | __main__                     |   MusicBrainz: OK
2026-08-05 13:49:02,635 | INFO     | __main__                     |   AcousticBrainz: NOT FOUND
2026-08-05 13:49:02,636 | INFO     | __main__                     |   Last.fm tags: 5
2026-08-05 13:49:02,636 | INFO     | feature_cache                | [CACHE] Saving features for: Radiohead - My Iron Lung (ID: 138544271)
2026-08-05 13:49:02,637 | INFO     | feature_cache                | [CACHE] Audio features: BPM=95.7, Energy=0.1438, MFCCs=13 coefficients
2026-08-05 13:49:02,637 | INFO     | feature_cache                | [CACHE] AcousticBrainz: NONE
2026-08-05 13:49:02,637 | INFO     | feature_cache                | [CACHE] MusicBrainz ID: 1969d6f0-0e4e-47e6-9d68-8072d9adce7f
2026-08-05 13:49:02,637 | INFO     | feature_cache                | [CACHE] Last.fm tags: alternative rock, alternative, rock, 90s, radiohead
2026-08-05 13:49:02,647 | INFO     | feature_cache                | [CACHE] ✓ Saved successfully for: Radiohead - My Iron Lung
2026-08-05 13:49:02,659 | INFO     | feature_cache                | Exported 106 tracks to cached_songs.json
2026-08-05 13:49:02,659 | INFO     | __main__                     | [FLOW] main track analyzed: audio=True acoustic=False
2026-08-05 13:49:03,082 | INFO     | lastfm_client                | Last.fm found 10 similar tracks for Radiohead - My Iron Lung
2026-08-05 13:49:03,084 | INFO     | __main__                     | [FLOW] Last.fm similar for My Iron Lung: 10 found
2026-08-05 13:49:03,084 | INFO     | deezer_helper                | [DEEZER] search query='Just Radiohead' limit=1
2026-08-05 13:49:03,388 | INFO     | deezer_helper                | [DEEZER] search query='Just Radiohead' -> 1 results
2026-08-05 13:49:03,389 | INFO     | deezer_helper                | [DEEZER] search query='The Bends Radiohead' limit=1
2026-08-05 13:49:03,652 | INFO     | deezer_helper                | [DEEZER] search query='The Bends Radiohead' -> 1 results
2026-08-05 13:49:03,653 | INFO     | deezer_helper                | [DEEZER] search query='All I Think About Now Pixies' limit=1
2026-08-05 13:49:03,988 | INFO     | deezer_helper                | [DEEZER] search query='All I Think About Now Pixies' -> 1 results
2026-08-05 13:49:03,989 | INFO     | deezer_helper                | [DEEZER] search query='Everlong Foo Fighters' limit=1
2026-08-05 13:49:04,223 | INFO     | deezer_helper                | [DEEZER] search query='Everlong Foo Fighters' -> 1 results
2026-08-05 13:49:04,224 | INFO     | deezer_helper                | [DEEZER] search query='Grace Jeff Buckley' limit=1
2026-08-05 13:49:04,551 | INFO     | deezer_helper                | [DEEZER] search query='Grace Jeff Buckley' -> 1 results
2026-08-05 13:49:04,552 | INFO     | deezer_helper                | [DEEZER] search query='Undone - The Sweater Song Weezer' limit=1
2026-08-05 13:49:04,862 | INFO     | deezer_helper                | [DEEZER] search query='Undone - The Sweater Song Weezer' -> 1 results
2026-08-05 13:49:04,863 | INFO     | deezer_helper                | [DEEZER] search query='Where Is My Mind? Pixies' limit=1
2026-08-05 13:49:05,165 | INFO     | deezer_helper                | [DEEZER] search query='Where Is My Mind? Pixies' -> 1 results
2026-08-05 13:49:05,165 | INFO     | deezer_helper                | [DEEZER] search query="Say It Ain't So Weezer" limit=1
2026-08-05 13:49:05,412 | INFO     | deezer_helper                | [DEEZER] search query="Say It Ain't So Weezer" -> 1 results
2026-08-05 13:49:05,412 | INFO     | deezer_helper                | [DEEZER] get_similar id=138544271 limit=20
2026-08-05 13:49:05,628 | INFO     | deezer_helper                | [DEEZER] get_track id=138544271
2026-08-05 13:49:06,269 | INFO     | deezer_helper                | [DEEZER] get_track id=138544271 -> Radiohead - My Iron Lung (genres=[])
2026-08-05 13:49:06,270 | INFO     | deezer_helper                | [DEEZER] get_artist_top id=399 limit=20
2026-08-05 13:49:06,612 | INFO     | deezer_helper                | [DEEZER] get_artist_top id=399 -> 20 results
2026-08-05 13:49:06,612 | INFO     | deezer_helper                | [DEEZER] get_similar id=138544271 -> 20 results (artist_top)
2026-08-05 13:49:06,614 | INFO     | __main__                     | [FLOW] Deezer radio for My Iron Lung: found 20 tracks
2026-08-05 13:49:06,614 | INFO     | deezer_helper                | [DEEZER] get_artist_top id=399 limit=10
2026-08-05 13:49:06,931 | INFO     | deezer_helper                | [DEEZER] get_artist_top id=399 -> 10 results
2026-08-05 13:49:06,933 | INFO     | __main__                     | Same artist tracks for Radiohead (ID: 399): 10 found
2026-08-05 13:49:06,933 | INFO     | __main__                     |   Added same artist: Radiohead - Creep
2026-08-05 13:49:06,934 | INFO     | __main__                     |   Added same artist: Radiohead - No Surprises
2026-08-05 13:49:06,935 | INFO     | __main__                     |   Added same artist: Radiohead - Let Down
2026-08-05 13:49:06,936 | INFO     | __main__                     |   Added same artist: Radiohead - Everything In Its Right Place
2026-08-05 13:49:06,937 | INFO     | __main__                     |   Added same artist: Radiohead - All I Need
2026-08-05 13:49:06,938 | INFO     | __main__                     |   Added same artist: Radiohead - Karma Police
2026-08-05 13:49:06,939 | INFO     | __main__                     |   Added same artist: Radiohead - Pyramid Song
2026-08-05 13:49:06,940 | INFO     | __main__                     |   Added same artist: Radiohead - Fake Plastic Trees
2026-08-05 13:49:06,941 | INFO     | __main__                     |   Added same artist: Radiohead - High and Dry
2026-08-05 13:49:06,943 | INFO     | __main__                     |   Added same artist: Radiohead - Spectre
2026-08-05 13:49:06,944 | INFO     | __main__                     | Same artist tracks found: 10
2026-08-05 13:49:06,945 | INFO     | __main__                     | Different artist tracks found: 6
2026-08-05 13:49:06,946 | INFO     | __main__                     | Total similar tracks: 6
2026-08-05 13:49:06,948 | INFO     | feature_cache                | [CACHE] Looking up features for track ID: 138547415
2026-08-05 13:49:06,951 | INFO     | feature_cache                | [CACHE] Looking up features for track ID: 138539157
2026-08-05 13:49:06,953 | INFO     | feature_cache                | [CACHE] Looking up features for track ID: 138539979
2026-08-05 13:49:06,962 | INFO     | feature_cache                | [CACHE] ✓ Cache HIT for track ID: 138539157
2026-08-05 13:49:06,966 | INFO     | feature_cache                | [CACHE]   MusicBrainz: 13bf8f0c-d871-4a41-96aa-2ebc74a9c95d
2026-08-05 13:49:06,967 | INFO     | feature_cache                | [CACHE]   Last.fm tags: alternative, alternative rock, radiohead
2026-08-05 13:49:06,969 | INFO     | feature_cache                | [CACHE] ✓ Cache HIT for track ID: 138547415
2026-08-05 13:49:06,970 | INFO     | feature_cache                | [CACHE]   MusicBrainz: f5fdaa7e-5986-4eba-a394-af37e3705677
2026-08-05 13:49:06,971 | INFO     | feature_cache                | [CACHE]   Last.fm tags: alternative, alternative rock, rock
2026-08-05 13:49:06,975 | INFO     | feature_cache                | [CACHE] ✓ Cache HIT for track ID: 138539979
2026-08-05 13:49:06,976 | INFO     | feature_cache                | [CACHE]   MusicBrainz: e0030e37-586f-40fb-babe-64a2a3279c49
2026-08-05 13:49:06,977 | INFO     | feature_cache                | [CACHE]   Last.fm tags: alternative, alternative rock, rock
2026-08-05 13:49:06,978 | INFO     | __main__                     | Cache entry without features for Radiohead - No Surprises, re-analyzing (track 138539157)
2026-08-05 13:49:06,981 | INFO     | __main__                     | Analyzing track: Radiohead - No Surprises (fast=True)
2026-08-05 13:49:06,983 | INFO     | __main__                     | Cache entry without features for Radiohead - Creep, re-analyzing (track 138547415)
2026-08-05 13:49:06,984 | INFO     | __main__                     | Analyzing track: Radiohead - Creep (fast=True)
2026-08-05 13:49:06,986 | INFO     | __main__                     | Cache entry without features for Radiohead - Let Down, re-analyzing (track 138539979)
2026-08-05 13:49:06,987 | INFO     | __main__                     | Analyzing track: Radiohead - Let Down (fast=True)
2026-08-05 13:49:08,213 | INFO     | musicbrainz_client           | Found MusicBrainz ID: a7cab58b-9976-4b1a-9645-d2ebbcf1478f for Radiohead - No Surprises
2026-08-05 13:49:08,394 | INFO     | musicbrainz_client           | Found MusicBrainz ID: 55258edc-bfcf-47dd-b63c-441bd8c7bf40 for Radiohead - Creep
2026-08-05 13:49:08,616 | INFO     | __main__                     | Analysis results for Radiohead - No Surprises:
2026-08-05 13:49:08,618 | INFO     | __main__                     |   Audio features: SKIPPED
2026-08-05 13:49:08,618 | INFO     | __main__                     |   MusicBrainz: OK
2026-08-05 13:49:08,619 | INFO     | __main__                     |   AcousticBrainz: NOT FOUND
2026-08-05 13:49:08,620 | WARNING  | __main__                     | [FLOW] candidate analysis failed for Radiohead - No Surprises: 'NoneType' object has no attribute 'get'
2026-08-05 13:49:08,621 | INFO     | feature_cache                | [CACHE] Looking up features for track ID: 1907457927
2026-08-05 13:49:08,628 | INFO     | feature_cache                | [CACHE] Cache MISS for track ID: 1907457927
2026-08-05 13:49:08,632 | INFO     | __main__                     | Analyzing track: Pixies - All I Think About Now (fast=True)
2026-08-05 13:49:08,763 | INFO     | musicbrainz_client           | Found MusicBrainz ID: e0030e37-586f-40fb-babe-64a2a3279c49 for Radiohead - Let Down
2026-08-05 13:49:09,162 | INFO     | __main__                     | Analysis results for Radiohead - Let Down:
2026-08-05 13:49:09,163 | INFO     | __main__                     |   Audio features: SKIPPED
2026-08-05 13:49:09,164 | INFO     | __main__                     |   MusicBrainz: OK
2026-08-05 13:49:09,165 | INFO     | __main__                     |   AcousticBrainz: NOT FOUND
2026-08-05 13:49:09,166 | WARNING  | __main__                     | [FLOW] candidate analysis failed for Radiohead - Let Down: 'NoneType' object has no attribute 'get'
2026-08-05 13:49:09,166 | INFO     | feature_cache                | [CACHE] Looking up features for track ID: 4762041
2026-08-05 13:49:09,173 | INFO     | feature_cache                | [CACHE] Cache MISS for track ID: 4762041
2026-08-05 13:49:09,177 | INFO     | __main__                     | Analyzing track: Foo Fighters - Everlong (fast=True)
2026-08-05 13:49:09,218 | INFO     | musicbrainz_client           | Found MusicBrainz ID: 874d598c-61ea-4068-9cd1-e304691eb94e for Pixies - All I Think About Now
2026-08-05 13:49:09,303 | INFO     | __main__                     | Analysis results for Radiohead - Creep:
2026-08-05 13:49:09,303 | INFO     | __main__                     |   Audio features: SKIPPED
2026-08-05 13:49:09,304 | INFO     | __main__                     |   MusicBrainz: OK
2026-08-05 13:49:09,304 | INFO     | __main__                     |   AcousticBrainz: NOT FOUND
2026-08-05 13:49:09,305 | WARNING  | __main__                     | [FLOW] candidate analysis failed for Radiohead - Creep: 'NoneType' object has no attribute 'get'
2026-08-05 13:49:09,305 | INFO     | feature_cache                | [CACHE] Looking up features for track ID: 108733456
2026-08-05 13:49:09,310 | INFO     | feature_cache                | [CACHE] Cache MISS for track ID: 108733456
2026-08-05 13:49:09,312 | INFO     | __main__                     | Analyzing track: Jeff Buckley - Grace (fast=True)
2026-08-05 13:49:09,600 | INFO     | __main__                     | Analysis results for Pixies - All I Think About Now:
2026-08-05 13:49:09,601 | INFO     | __main__                     |   Audio features: SKIPPED
2026-08-05 13:49:09,602 | INFO     | __main__                     |   MusicBrainz: OK
2026-08-05 13:49:09,603 | INFO     | __main__                     |   AcousticBrainz: NOT FOUND
2026-08-05 13:49:09,604 | WARNING  | __main__                     | [FLOW] candidate analysis failed for Pixies - All I Think About Now: 'NoneType' object has no attribute 'get'
2026-08-05 13:49:10,364 | INFO     | musicbrainz_client           | Found MusicBrainz ID: 71feb283-9a0d-491d-a40b-8ccae7fc728b for Jeff Buckley - Grace
2026-08-05 13:49:10,596 | INFO     | musicbrainz_client           | Found MusicBrainz ID: 7d6db365-566e-497e-b2fe-380f0aa64e0a for Foo Fighters - Everlong
2026-08-05 13:49:10,746 | INFO     | __main__                     | Analysis results for Jeff Buckley - Grace:
2026-08-05 13:49:10,746 | INFO     | __main__                     |   Audio features: SKIPPED
2026-08-05 13:49:10,746 | INFO     | __main__                     |   MusicBrainz: OK
2026-08-05 13:49:10,747 | INFO     | __main__                     |   AcousticBrainz: NOT FOUND
2026-08-05 13:49:10,747 | WARNING  | __main__                     | [FLOW] candidate analysis failed for Jeff Buckley - Grace: 'NoneType' object has no attribute 'get'
2026-08-05 13:49:10,971 | INFO     | __main__                     | Analysis results for Foo Fighters - Everlong:
2026-08-05 13:49:10,972 | INFO     | __main__                     |   Audio features: SKIPPED
2026-08-05 13:49:10,973 | INFO     | __main__                     |   MusicBrainz: OK
2026-08-05 13:49:10,974 | INFO     | __main__                     |   AcousticBrainz: NOT FOUND
2026-08-05 13:49:10,975 | WARNING  | __main__                     | [FLOW] candidate analysis failed for Foo Fighters - Everlong: 'NoneType' object has no attribute 'get'
2026-08-05 13:49:10,976 | INFO     | __main__                     | [FLOW] candidate features ready: 0/6
2026-08-05 13:49:10,977 | INFO     | __main__                     | Similarity calc: target_audio=YES, target_acoustic=NO, candidates=6
2026-08-05 13:49:10,979 | INFO     | __main__                     | Similarity scores: [('All I Think About Now', 0.21482100000000004), ('Everlong', 0.210986), ('Grace', 0.210577)]
2026-08-05 13:49:10,980 | INFO     | __main__                     | Building features - target_audio: YES, genres: []
2026-08-05 13:49:10,981 | INFO     | __main__                     | [GENRE] Deezer genres empty for Radiohead - My Iron Lung
2026-08-05 13:49:13,120 | INFO     | lastfm_client                | Last.fm artist tags for Radiohead: ['rock', 'alternative', 'alternative rock', 'indie', 'electronic']
2026-08-05 13:49:13,122 | INFO     | __main__                     | [GENRE] Last.fm genre for Radiohead: rock
2026-08-05 13:50:16,507 | INFO     | __main__                     | [STEP 1] User 240082844: Received text: ➕ Add to Playlist...
2026-08-05 13:50:16,507 | INFO     | __main__                     | [STEP 2] User 240082844: Entering playlist mode
2026-08-05 13:50:18,829 | INFO     | __main__                     | [STEP 1] User 240082844: Received text: ❌ Cancel...
2026-08-05 13:50:18,830 | INFO     | __main__                     | [STEP 3] User 240082844: Exiting playlist mode
2026-08-05 13:50:20,329 | INFO     | __main__                     | [STEP 1] User 240082844: Received text: 📋 My Playlist...
2026-08-05 13:50:20,348 | INFO     | user_prefs                   | [PLAYLIST_DB] get_user_playlist user=240082844 -> 25 rows
2026-08-05 13:50:20,348 | INFO     | user_prefs                   | [PLAYLIST_DB] get_user_taste_profile user=240082844
2026-08-05 13:50:20,360 | INFO     | user_prefs                   | [PLAYLIST_DB] taste_profile user=240082844 -> total=25 recognized=21 tracks=21 bpm=118.9 energy=0.16 valence=0.00 genres=['classic rock', 'Persian Traditional', 'pop'] langs=[('en', 16), ('fa', 3), ('ar', 2)]
2026-08-05 13:50:21,903 | INFO     | __main__                     | [STEP 1] User 240082844: Received text: 🎯 For Me...
2026-08-05 13:50:21,904 | INFO     | user_prefs                   | [PLAYLIST_DB] get_user_taste_profile user=240082844
2026-08-05 13:50:21,934 | INFO     | user_prefs                   | [PLAYLIST_DB] taste_profile user=240082844 -> total=25 recognized=21 tracks=21 bpm=118.9 energy=0.16 valence=0.00 genres=['classic rock', 'Persian Traditional', 'pop'] langs=[('en', 16), ('fa', 3), ('ar', 2)]
2026-08-05 13:50:22,166 | INFO     | user_prefs                   | [PLAYLIST_DB] get_random_suggestions user=240082844 -> 5 ids
2026-08-05 13:50:22,167 | INFO     | deezer_helper                | [DEEZER] get_track id=3457176
2026-08-05 13:50:23,641 | INFO     | deezer_helper                | [DEEZER] get_track id=3457176 -> Fairuz - Wahdon (genres=[])
2026-08-05 13:50:23,642 | INFO     | deezer_helper                | [DEEZER] get_track id=670997552
2026-08-05 13:50:24,222 | INFO     | deezer_helper                | [DEEZER] get_track id=670997552 -> The Who - Pinball Wizard (genres=[])
2026-08-05 13:50:24,222 | INFO     | deezer_helper                | [DEEZER] get_track id=107473746
2026-08-05 13:50:24,826 | INFO     | deezer_helper                | [DEEZER] get_track id=107473746 -> Love - Alone Again Or (2015 Remaster) (genres=[])
2026-08-05 13:50:24,827 | INFO     | deezer_helper                | [DEEZER] get_track id=4603400
2026-08-05 13:50:25,413 | INFO     | deezer_helper                | [DEEZER] get_track id=4603400 -> Michael Jackson - Smooth Criminal (Remastered Radio Edit) (genres=[])
2026-08-05 13:50:25,414 | INFO     | deezer_helper                | [DEEZER] get_track id=2724082852
2026-08-05 13:50:26,045 | INFO     | deezer_helper                | [DEEZER] get_track id=2724082852 -> Tiësto - Mockingbird (genres=[])
2026-08-05 13:50:26,046 | ERROR    | __main__                     | Recommendation error: cannot access local variable 'msg' where it is not associated with a value
Traceback (most recent call last):
  File "D:\music-suggest-bot\bot.py", line 2901, in cmd_meforyou
    msg = msg("for_me_header", lang,
          ^^^
UnboundLocalError: cannot access local variable 'msg' where it is not associated with a value
2026-08-05 13:50:29,869 | INFO     | __main__                     | [STEP 1] User 240082844: Received text: 🎯 For Me...
2026-08-05 13:50:29,870 | INFO     | user_prefs                   | [PLAYLIST_DB] get_user_taste_profile user=240082844
2026-08-05 13:50:29,895 | INFO     | user_prefs                   | [PLAYLIST_DB] taste_profile user=240082844 -> total=25 recognized=21 tracks=21 bpm=118.9 energy=0.16 valence=0.00 genres=['classic rock', 'Persian Traditional', 'pop'] langs=[('en', 16), ('fa', 3), ('ar', 2)]
2026-08-05 13:50:30,134 | INFO     | user_prefs                   | [PLAYLIST_DB] get_random_suggestions user=240082844 -> 5 ids
2026-08-05 13:50:30,135 | INFO     | deezer_helper                | [DEEZER] get_track id=723861
2026-08-05 13:50:30,717 | INFO     | deezer_helper                | [DEEZER] get_track id=723861 -> Madonna - Material Girl (genres=[])
2026-08-05 13:50:30,718 | INFO     | deezer_helper                | [DEEZER] get_track id=714870
2026-08-05 13:50:31,331 | INFO     | deezer_helper                | [DEEZER] get_track id=714870 -> Brandy - Full Moon (genres=[])
2026-08-05 13:50:31,332 | INFO     | deezer_helper                | [DEEZER] get_track id=3457176
2026-08-05 13:50:31,904 | INFO     | deezer_helper                | [DEEZER] get_track id=3457176 -> Fairuz - Wahdon (genres=[])
2026-08-05 13:50:31,905 | INFO     | deezer_helper                | [DEEZER] get_track id=3988410701
2026-08-05 13:50:32,546 | INFO     | deezer_helper                | [DEEZER] get_track id=3988410701 -> Madonna - Bring Your Love (genres=[])
2026-08-05 13:50:32,547 | INFO     | deezer_helper                | [DEEZER] get_track id=670997552
2026-08-05 13:50:33,135 | INFO     | deezer_helper                | [DEEZER] get_track id=670997552 -> The Who - Pinball Wizard (genres=[])
2026-08-05 13:50:33,136 | ERROR    | __main__                     | Recommendation error: cannot access local variable 'msg' where it is not associated with a value
Traceback (most recent call last):
  File "D:\music-suggest-bot\bot.py", line 2901, in cmd_meforyou
    msg = msg("for_me_header", lang,
          ^^^
UnboundLocalError: cannot access local variable 'msg' where it is not associated with a value
2026-08-05 13:57:49,173 | INFO     | bot                          | Loaded Persian genre database: 203 artists
2026-08-05 13:57:59,862 | INFO     | bot                          | Loaded Persian genre database: 203 artists
2026-08-05 14:01:44,578 | INFO     | __main__                     | Loaded Persian genre database: 203 artists
2026-08-05 14:01:44,925 | INFO     | __main__                     | Music Suggest Bot v3 starting...
2026-08-05 14:01:45,654 | INFO     | user_prefs                   | [USER_DB] init_db: tables created; PATH=user_prefs.db
2026-08-05 14:01:45,660 | INFO     | feature_cache                | Feature cache initialized
2026-08-05 14:01:45,843 | INFO     | __main__                     | Bot initialized: Last.fm=OK
2026-08-05 14:01:46,020 | INFO     | telegram.ext.Application     | Application started
2026-08-05 14:02:41,307 | INFO     | __main__                     | [STEP 1] User 240082844: Received text: 🔍 Search...
2026-08-05 14:02:51,729 | INFO     | __main__                     | [STEP 1] User 240082844: Received text: my ironl ung...
2026-08-05 14:02:52,144 | INFO     | deezer_helper                | [DEEZER] search query='my ironl ung' limit=5
2026-08-05 14:02:53,553 | INFO     | deezer_helper                | [DEEZER] search query='my ironl ung' -> 5 results
2026-08-05 14:02:53,553 | INFO     | __main__                     | [SEARCH] raw=5, clean-first reorder done -> 5 shown
2026-08-05 14:02:53,554 | INFO     | deezer_helper                | [DEEZER] search query='artist:Radiohead' limit=3
2026-08-05 14:02:53,868 | INFO     | deezer_helper                | [DEEZER] search query='artist:Radiohead' -> 0 results
2026-08-05 14:02:56,666 | INFO     | __main__                     | Callback received: chat_id=240082844, data=pick_0
2026-08-05 14:02:56,862 | INFO     | __main__                     | Pick handler: idx=0, results_count=5
2026-08-05 14:02:56,863 | INFO     | deezer_helper                | [DEEZER] get_track id=138544271
2026-08-05 14:02:57,450 | INFO     | deezer_helper                | [DEEZER] get_track id=138544271 -> Radiohead - My Iron Lung (genres=[])
2026-08-05 14:02:57,451 | INFO     | __main__                     | Fetched full track: Radiohead - My Iron Lung (genres: [], artist_id: 399)
2026-08-05 14:02:57,452 | INFO     | deezer_helper                | [DEEZER] search query='Radiohead' limit=10
2026-08-05 14:02:57,714 | INFO     | deezer_helper                | [DEEZER] search query='Radiohead' -> 10 results
2026-08-05 14:02:57,714 | INFO     | __main__                     | Search 'Radiohead': found 10 tracks, best ID=399 (count=10)
2026-08-05 14:02:57,945 | INFO     | feature_cache                | [CACHE] Looking up features for track ID: 138544271
2026-08-05 14:02:57,952 | INFO     | feature_cache                | [CACHE] ✓ Cache HIT for track ID: 138544271
2026-08-05 14:02:57,953 | INFO     | feature_cache                | [CACHE]   Audio: BPM=95.7, Energy=0.1438
2026-08-05 14:02:57,954 | INFO     | feature_cache                | [CACHE]   MusicBrainz: 1969d6f0-0e4e-47e6-9d68-8072d9adce7f
2026-08-05 14:02:57,955 | INFO     | feature_cache                | [CACHE]   Last.fm tags: alternative rock, alternative, rock
2026-08-05 14:02:57,961 | INFO     | __main__                     | Cache hit for: Radiohead - My Iron Lung
2026-08-05 14:02:57,961 | INFO     | __main__                     | [FLOW] main track analyzed: audio=True acoustic=False
2026-08-05 14:02:58,834 | INFO     | lastfm_client                | Last.fm found 10 similar tracks for Radiohead - My Iron Lung
2026-08-05 14:02:58,835 | INFO     | __main__                     | [FLOW] Last.fm similar for My Iron Lung: 10 found
2026-08-05 14:02:58,836 | INFO     | deezer_helper                | [DEEZER] search query='Just Radiohead' limit=1
2026-08-05 14:02:59,111 | INFO     | deezer_helper                | [DEEZER] search query='Just Radiohead' -> 1 results
2026-08-05 14:02:59,112 | INFO     | deezer_helper                | [DEEZER] search query='The Bends Radiohead' limit=1
2026-08-05 14:02:59,424 | INFO     | deezer_helper                | [DEEZER] search query='The Bends Radiohead' -> 1 results
2026-08-05 14:02:59,425 | INFO     | deezer_helper                | [DEEZER] search query='All I Think About Now Pixies' limit=1
2026-08-05 14:02:59,661 | INFO     | deezer_helper                | [DEEZER] search query='All I Think About Now Pixies' -> 1 results
2026-08-05 14:02:59,662 | INFO     | deezer_helper                | [DEEZER] search query='Everlong Foo Fighters' limit=1
2026-08-05 14:03:00,043 | INFO     | deezer_helper                | [DEEZER] search query='Everlong Foo Fighters' -> 1 results
2026-08-05 14:03:00,044 | INFO     | deezer_helper                | [DEEZER] search query='Grace Jeff Buckley' limit=1
2026-08-05 14:03:00,299 | INFO     | deezer_helper                | [DEEZER] search query='Grace Jeff Buckley' -> 1 results
2026-08-05 14:03:00,300 | INFO     | deezer_helper                | [DEEZER] search query='Undone - The Sweater Song Weezer' limit=1
2026-08-05 14:03:00,604 | INFO     | deezer_helper                | [DEEZER] search query='Undone - The Sweater Song Weezer' -> 1 results
2026-08-05 14:03:00,605 | INFO     | deezer_helper                | [DEEZER] search query='Where Is My Mind? Pixies' limit=1
2026-08-05 14:03:00,850 | INFO     | deezer_helper                | [DEEZER] search query='Where Is My Mind? Pixies' -> 1 results
2026-08-05 14:03:00,851 | INFO     | deezer_helper                | [DEEZER] search query="Say It Ain't So Weezer" limit=1
2026-08-05 14:03:01,197 | INFO     | deezer_helper                | [DEEZER] search query="Say It Ain't So Weezer" -> 1 results
2026-08-05 14:03:01,197 | INFO     | deezer_helper                | [DEEZER] get_similar id=138544271 limit=20
2026-08-05 14:03:01,472 | INFO     | deezer_helper                | [DEEZER] get_track id=138544271
2026-08-05 14:03:01,993 | INFO     | deezer_helper                | [DEEZER] get_track id=138544271 -> Radiohead - My Iron Lung (genres=[])
2026-08-05 14:03:01,994 | INFO     | deezer_helper                | [DEEZER] get_artist_top id=399 limit=20
2026-08-05 14:03:02,310 | INFO     | deezer_helper                | [DEEZER] get_artist_top id=399 -> 20 results
2026-08-05 14:03:02,312 | INFO     | deezer_helper                | [DEEZER] get_similar id=138544271 -> 20 results (artist_top)
2026-08-05 14:03:02,313 | INFO     | __main__                     | [FLOW] Deezer radio for My Iron Lung: found 20 tracks
2026-08-05 14:03:02,313 | INFO     | deezer_helper                | [DEEZER] get_artist_top id=399 limit=10
2026-08-05 14:03:02,676 | INFO     | deezer_helper                | [DEEZER] get_artist_top id=399 -> 10 results
2026-08-05 14:03:02,677 | INFO     | __main__                     | Same artist tracks for Radiohead (ID: 399): 10 found
2026-08-05 14:03:02,678 | INFO     | __main__                     |   Added same artist: Radiohead - Creep
2026-08-05 14:03:02,679 | INFO     | __main__                     |   Added same artist: Radiohead - No Surprises
2026-08-05 14:03:02,680 | INFO     | __main__                     |   Added same artist: Radiohead - Let Down
2026-08-05 14:03:02,681 | INFO     | __main__                     |   Added same artist: Radiohead - Karma Police
2026-08-05 14:03:02,681 | INFO     | __main__                     |   Added same artist: Radiohead - Exit Music (For A Film)
2026-08-05 14:03:02,682 | INFO     | __main__                     |   Added same artist: Radiohead - Everything In Its Right Place
2026-08-05 14:03:02,683 | INFO     | __main__                     |   Added same artist: Radiohead - Jigsaw Falling Into Place
2026-08-05 14:03:02,684 | INFO     | __main__                     |   Added same artist: Radiohead - Weird Fishes / Arpeggi
2026-08-05 14:03:02,684 | INFO     | __main__                     |   Added same artist: Radiohead - Fake Plastic Trees
2026-08-05 14:03:02,685 | INFO     | __main__                     |   Added same artist: Radiohead - All I Need
2026-08-05 14:03:02,686 | INFO     | __main__                     | Same artist tracks found: 10
2026-08-05 14:03:02,687 | INFO     | __main__                     | Different artist tracks found: 6
2026-08-05 14:03:02,688 | INFO     | __main__                     | Total similar tracks: 6
2026-08-05 14:03:02,689 | INFO     | feature_cache                | [CACHE] Looking up features for track ID: 138547415
2026-08-05 14:03:02,692 | INFO     | feature_cache                | [CACHE] Looking up features for track ID: 138539157
2026-08-05 14:03:02,694 | INFO     | feature_cache                | [CACHE] Looking up features for track ID: 138539979
2026-08-05 14:03:02,700 | INFO     | feature_cache                | [CACHE] ✓ Cache HIT for track ID: 138539157
2026-08-05 14:03:02,701 | INFO     | feature_cache                | [CACHE]   MusicBrainz: 13bf8f0c-d871-4a41-96aa-2ebc74a9c95d
2026-08-05 14:03:02,702 | INFO     | feature_cache                | [CACHE]   Last.fm tags: alternative, alternative rock, radiohead
2026-08-05 14:03:02,704 | INFO     | feature_cache                | [CACHE] ✓ Cache HIT for track ID: 138547415
2026-08-05 14:03:02,705 | INFO     | feature_cache                | [CACHE]   MusicBrainz: f5fdaa7e-5986-4eba-a394-af37e3705677
2026-08-05 14:03:02,706 | INFO     | feature_cache                | [CACHE]   Last.fm tags: alternative, alternative rock, rock
2026-08-05 14:03:02,708 | INFO     | feature_cache                | [CACHE] ✓ Cache HIT for track ID: 138539979
2026-08-05 14:03:02,709 | INFO     | feature_cache                | [CACHE]   MusicBrainz: e0030e37-586f-40fb-babe-64a2a3279c49
2026-08-05 14:03:02,710 | INFO     | feature_cache                | [CACHE]   Last.fm tags: alternative, alternative rock, rock
2026-08-05 14:03:02,712 | INFO     | __main__                     | Cache entry without features for Radiohead - No Surprises, re-analyzing (track 138539157)
2026-08-05 14:03:02,713 | INFO     | __main__                     | Analyzing track: Radiohead - No Surprises (fast=True)
2026-08-05 14:03:02,716 | INFO     | __main__                     | Cache entry without features for Radiohead - Creep, re-analyzing (track 138547415)
2026-08-05 14:03:02,717 | INFO     | __main__                     | Analyzing track: Radiohead - Creep (fast=True)
2026-08-05 14:03:02,720 | INFO     | __main__                     | Cache entry without features for Radiohead - Let Down, re-analyzing (track 138539979)
2026-08-05 14:03:02,721 | INFO     | __main__                     | Analyzing track: Radiohead - Let Down (fast=True)
2026-08-05 14:03:03,136 | INFO     | musicbrainz_client           | Found MusicBrainz ID: a7cab58b-9976-4b1a-9645-d2ebbcf1478f for Radiohead - No Surprises
2026-08-05 14:03:03,934 | INFO     | musicbrainz_client           | Found MusicBrainz ID: c5b644d0-c748-44c0-bebc-0f58140aaa83 for Radiohead - Creep
2026-08-05 14:03:04,173 | INFO     | __main__                     | Analysis results for Radiohead - No Surprises:
2026-08-05 14:03:04,174 | INFO     | __main__                     |   Audio features: SKIPPED
2026-08-05 14:03:04,175 | INFO     | __main__                     |   MusicBrainz: OK
2026-08-05 14:03:04,175 | INFO     | __main__                     |   AcousticBrainz: NOT FOUND
2026-08-05 14:03:04,176 | WARNING  | __main__                     | [FLOW] candidate analysis failed for Radiohead - No Surprises: 'NoneType' object has no attribute 'get'
2026-08-05 14:03:04,177 | INFO     | feature_cache                | [CACHE] Looking up features for track ID: 1907457927
2026-08-05 14:03:04,182 | INFO     | feature_cache                | [CACHE] Cache MISS for track ID: 1907457927
2026-08-05 14:03:04,184 | INFO     | __main__                     | Analyzing track: Pixies - All I Think About Now (fast=True)
2026-08-05 14:03:04,464 | INFO     | musicbrainz_client           | Found MusicBrainz ID: e0030e37-586f-40fb-babe-64a2a3279c49 for Radiohead - Let Down
2026-08-05 14:03:04,778 | INFO     | __main__                     | Analysis results for Radiohead - Let Down:
2026-08-05 14:03:04,779 | INFO     | __main__                     |   Audio features: SKIPPED
2026-08-05 14:03:04,779 | INFO     | __main__                     |   MusicBrainz: OK
2026-08-05 14:03:04,780 | INFO     | __main__                     |   AcousticBrainz: NOT FOUND
2026-08-05 14:03:04,780 | WARNING  | __main__                     | [FLOW] candidate analysis failed for Radiohead - Let Down: 'NoneType' object has no attribute 'get'
2026-08-05 14:03:04,781 | INFO     | feature_cache                | [CACHE] Looking up features for track ID: 4762041
2026-08-05 14:03:04,786 | INFO     | feature_cache                | [CACHE] Cache MISS for track ID: 4762041
2026-08-05 14:03:04,788 | INFO     | __main__                     | Analyzing track: Foo Fighters - Everlong (fast=True)
2026-08-05 14:03:04,811 | INFO     | __main__                     | Analysis results for Radiohead - Creep:
2026-08-05 14:03:04,811 | INFO     | __main__                     |   Audio features: SKIPPED
2026-08-05 14:03:04,812 | INFO     | __main__                     |   MusicBrainz: OK
2026-08-05 14:03:04,812 | INFO     | __main__                     |   AcousticBrainz: NOT FOUND
2026-08-05 14:03:04,813 | WARNING  | __main__                     | [FLOW] candidate analysis failed for Radiohead - Creep: 'NoneType' object has no attribute 'get'
2026-08-05 14:03:04,813 | INFO     | feature_cache                | [CACHE] Looking up features for track ID: 108733456
2026-08-05 14:03:04,817 | INFO     | feature_cache                | [CACHE] Cache MISS for track ID: 108733456
2026-08-05 14:03:04,819 | INFO     | __main__                     | Analyzing track: Jeff Buckley - Grace (fast=True)
2026-08-05 14:03:04,945 | INFO     | musicbrainz_client           | Found MusicBrainz ID: 874d598c-61ea-4068-9cd1-e304691eb94e for Pixies - All I Think About Now
2026-08-05 14:03:05,300 | INFO     | __main__                     | Analysis results for Pixies - All I Think About Now:
2026-08-05 14:03:05,301 | INFO     | __main__                     |   Audio features: SKIPPED
2026-08-05 14:03:05,301 | INFO     | __main__                     |   MusicBrainz: OK
2026-08-05 14:03:05,302 | INFO     | __main__                     |   AcousticBrainz: NOT FOUND
2026-08-05 14:03:05,303 | WARNING  | __main__                     | [FLOW] candidate analysis failed for Pixies - All I Think About Now: 'NoneType' object has no attribute 'get'
2026-08-05 14:03:05,937 | INFO     | musicbrainz_client           | Found MusicBrainz ID: faf3057d-6ee5-4859-8c5f-a016e2cafca4 for Foo Fighters - Everlong
2026-08-05 14:03:06,110 | INFO     | musicbrainz_client           | Found MusicBrainz ID: 71feb283-9a0d-491d-a40b-8ccae7fc728b for Jeff Buckley - Grace
2026-08-05 14:03:06,265 | INFO     | __main__                     | Analysis results for Foo Fighters - Everlong:
2026-08-05 14:03:06,266 | INFO     | __main__                     |   Audio features: SKIPPED
2026-08-05 14:03:06,266 | INFO     | __main__                     |   MusicBrainz: OK
2026-08-05 14:03:06,267 | INFO     | __main__                     |   AcousticBrainz: NOT FOUND
2026-08-05 14:03:06,267 | WARNING  | __main__                     | [FLOW] candidate analysis failed for Foo Fighters - Everlong: 'NoneType' object has no attribute 'get'
2026-08-05 14:03:06,476 | INFO     | __main__                     | Analysis results for Jeff Buckley - Grace:
2026-08-05 14:03:06,477 | INFO     | __main__                     |   Audio features: SKIPPED
2026-08-05 14:03:06,478 | INFO     | __main__                     |   MusicBrainz: OK
2026-08-05 14:03:06,479 | INFO     | __main__                     |   AcousticBrainz: NOT FOUND
2026-08-05 14:03:06,479 | WARNING  | __main__                     | [FLOW] candidate analysis failed for Jeff Buckley - Grace: 'NoneType' object has no attribute 'get'
2026-08-05 14:03:06,480 | INFO     | __main__                     | [FLOW] candidate features ready: 0/6
2026-08-05 14:03:06,481 | INFO     | __main__                     | Similarity calc: target_audio=YES, target_acoustic=NO, candidates=6
2026-08-05 14:03:06,483 | INFO     | __main__                     | Similarity scores: [('All I Think About Now', 0.21482100000000004), ('Everlong', 0.210986), ('Grace', 0.210577)]
2026-08-05 14:03:06,483 | INFO     | __main__                     | Building features - target_audio: YES, genres: []
2026-08-05 14:03:06,484 | INFO     | __main__                     | [GENRE] Deezer genres empty for Radiohead - My Iron Lung
2026-08-05 14:03:06,789 | INFO     | lastfm_client                | Last.fm artist tags for Radiohead: ['rock', 'alternative', 'alternative rock', 'indie', 'electronic']
2026-08-05 14:03:06,790 | INFO     | __main__                     | [GENRE] Last.fm genre for Radiohead: rock
2026-08-05 14:03:59,664 | INFO     | __main__                     | [STEP 1] User 240082844: Received text: 📋 My Playlist...
2026-08-05 14:03:59,675 | INFO     | user_prefs                   | [PLAYLIST_DB] get_user_playlist user=240082844 -> 25 rows
2026-08-05 14:03:59,675 | INFO     | user_prefs                   | [PLAYLIST_DB] get_user_taste_profile user=240082844
2026-08-05 14:03:59,686 | INFO     | user_prefs                   | [PLAYLIST_DB] taste_profile user=240082844 -> total=25 recognized=21 tracks=21 bpm=118.9 energy=0.16 valence=0.00 genres=['classic rock', 'Persian Traditional', 'pop'] langs=[('en', 16), ('fa', 3), ('ar', 2)]
2026-08-05 14:04:02,561 | INFO     | __main__                     | [STEP 1] User 240082844: Received text: 🎯 For Me...
2026-08-05 14:04:02,562 | INFO     | user_prefs                   | [PLAYLIST_DB] get_user_taste_profile user=240082844
2026-08-05 14:04:02,593 | INFO     | user_prefs                   | [PLAYLIST_DB] taste_profile user=240082844 -> total=25 recognized=21 tracks=21 bpm=118.9 energy=0.16 valence=0.00 genres=['classic rock', 'Persian Traditional', 'pop'] langs=[('en', 16), ('fa', 3), ('ar', 2)]
2026-08-05 14:04:02,805 | INFO     | user_prefs                   | [PLAYLIST_DB] get_random_suggestions user=240082844 -> 5 ids
2026-08-05 14:04:02,806 | INFO     | deezer_helper                | [DEEZER] get_track id=4125592
2026-08-05 14:04:03,535 | INFO     | deezer_helper                | [DEEZER] get_track id=4125592 -> The Rolling Stones - Start Me Up (Remastered 2009) (genres=[])
2026-08-05 14:04:03,536 | INFO     | deezer_helper                | [DEEZER] get_track id=13791930
2026-08-05 14:04:04,030 | INFO     | deezer_helper                | [DEEZER] get_track id=13791930 -> Nirvana - Smells Like Teen Spirit (genres=[])
2026-08-05 14:04:04,030 | INFO     | deezer_helper                | [DEEZER] get_track id=10236721
2026-08-05 14:04:04,516 | INFO     | deezer_helper                | [DEEZER] get_track id=10236721 -> The Heavy - Coleen feat. The Dap-Kings Horns (genres=[])
2026-08-05 14:04:04,517 | INFO     | deezer_helper                | [DEEZER] get_track id=2556748
2026-08-05 14:04:05,028 | INFO     | deezer_helper                | [DEEZER] get_track id=2556748 -> Alan Jackson - Good Time (genres=[])
2026-08-05 14:04:05,029 | INFO     | deezer_helper                | [DEEZER] get_track id=664507
2026-08-05 14:04:05,588 | INFO     | deezer_helper                | [DEEZER] get_track id=664507 -> Madonna - Like a Prayer (genres=[])
2026-08-05 14:04:15,331 | WARNING  | __main__                     | Unhandled error: httpx.RemoteProtocolError: Server disconnected without sending a response.
2026-08-05 14:04:24,901 | INFO     | __main__                     | [STEP 1] User 240082844: Received text: 🌐 Language / زبان...
2026-08-05 14:04:26,450 | INFO     | __main__                     | Callback received: chat_id=240082844, data=lang_fa
2026-08-05 14:04:26,665 | INFO     | user_prefs                   | [USER_DB] set_user_language user=240082844 lang=fa
2026-08-05 14:04:26,903 | WARNING  | __main__                     | Unhandled error: cannot access local variable 'msg' where it is not associated with a value
2026-08-05 14:04:29,624 | INFO     | __main__                     | [STEP 1] User 240082844: Received text: 📋 My Playlist...
2026-08-05 14:04:29,817 | INFO     | deezer_helper                | [DEEZER] search query='📋 My Playlist' limit=5
2026-08-05 14:04:30,652 | INFO     | deezer_helper                | [DEEZER] search query='📋 My Playlist' -> 0 results
2026-08-05 14:04:30,653 | INFO     | __main__                     | [SEARCH] raw=0, clean-first reorder done -> 0 shown
2026-08-05 14:04:36,795 | INFO     | __main__                     | [STEP 1] User 240082844: Received text: ➕ Add to Playlist...
2026-08-05 14:04:37,775 | INFO     | deezer_helper                | [DEEZER] search query='➕ Add to Playlist' limit=5
2026-08-05 14:04:38,044 | INFO     | deezer_helper                | [DEEZER] search query='➕ Add to Playlist' -> 0 results
2026-08-05 14:04:38,046 | INFO     | __main__                     | [SEARCH] raw=0, clean-first reorder done -> 0 shown
2026-08-05 14:09:06,310 | INFO     | bot                          | Loaded Persian genre database: 203 artists
2026-08-05 14:10:22,183 | INFO     | bot                          | Loaded Persian genre database: 203 artists
2026-08-05 14:10:48,401 | INFO     | bot                          | Loaded Persian genre database: 203 artists
2026-08-05 14:10:48,445 | INFO     | user_prefs                   | [USER_DB] init_db: tables created; PATH=C:\Users\Saeid\AppData\Local\Temp\tmpn333h5uo\t.db
2026-08-05 14:10:48,449 | INFO     | bot                          | [STEP 1] User 240082844: Received text: 🔍 Search...
2026-08-05 14:10:48,452 | INFO     | bot                          | [STEP 1] User 240082844: Received text: 📋 لیست من...
2026-08-05 14:10:48,452 | INFO     | bot                          | [STEP 1] User 240082844: Received text: ➕ Add to Playlist...
2026-08-05 14:10:48,452 | INFO     | bot                          | [STEP 2] User 240082844: Entering playlist mode
2026-08-05 14:11:07,005 | INFO     | bot                          | Loaded Persian genre database: 203 artists
2026-08-05 14:11:07,052 | INFO     | user_prefs                   | [USER_DB] init_db: tables created; PATH=C:\Users\Saeid\AppData\Local\Temp\tmppaymo2pc\t.db
2026-08-05 14:11:07,052 | INFO     | bot                          | Callback received: chat_id=999, data=lang_fa
2026-08-05 14:11:07,061 | INFO     | user_prefs                   | [USER_DB] set_user_language user=240082844 lang=fa
2026-08-05 14:11:07,061 | WARNING  | bot                          | keyboard refresh failed: cannot access local variable 'msg' where it is not associated with a value
2026-08-05 14:11:07,065 | INFO     | bot                          | [STEP 1] User 240082844: Received text: 🔍 Search...
2026-08-05 14:11:07,065 | INFO     | bot                          | [STEP 1] User 240082844: Received text: 📋 لیست من...
2026-08-05 14:11:07,068 | INFO     | user_prefs                   | [PLAYLIST_DB] get_user_playlist user=240082844 -> 0 rows
2026-08-05 14:11:07,068 | INFO     | user_prefs                   | [PLAYLIST_DB] get_user_taste_profile user=240082844
2026-08-05 14:11:07,073 | INFO     | user_prefs                   | [PLAYLIST_DB] taste_profile user=240082844 -> total=0 recognized=0 tracks=0 bpm=0.0 energy=0.00 valence=0.00 genres=[] langs=[]
2026-08-05 14:11:07,073 | INFO     | bot                          | [STEP 1] User 240082844: Received text: ➕ Add to Playlist...
2026-08-05 14:11:07,073 | INFO     | bot                          | [STEP 2] User 240082844: Entering playlist mode
2026-08-05 14:11:15,974 | INFO     | bot                          | Loaded Persian genre database: 203 artists
2026-08-05 14:11:16,022 | INFO     | user_prefs                   | [USER_DB] init_db: tables created; PATH=C:\Users\Saeid\AppData\Local\Temp\tmp331l7wwz\t.db
2026-08-05 14:11:16,022 | INFO     | bot                          | Callback received: chat_id=999, data=lang_fa
2026-08-05 14:11:16,030 | INFO     | user_prefs                   | [USER_DB] set_user_language user=240082844 lang=fa
2026-08-05 14:11:16,030 | WARNING  | bot                          | keyboard refresh failed: cannot access local variable 'msg' where it is not associated with a value
2026-08-05 14:11:16,034 | INFO     | bot                          | [STEP 1] User 240082844: Received text: 🔍 Search...
2026-08-05 14:11:16,034 | INFO     | bot                          | [STEP 1] User 240082844: Received text: 📋 لیست من...
2026-08-05 14:11:16,037 | INFO     | user_prefs                   | [PLAYLIST_DB] get_user_playlist user=240082844 -> 0 rows
2026-08-05 14:11:16,037 | INFO     | user_prefs                   | [PLAYLIST_DB] get_user_taste_profile user=240082844
2026-08-05 14:11:16,042 | INFO     | user_prefs                   | [PLAYLIST_DB] taste_profile user=240082844 -> total=0 recognized=0 tracks=0 bpm=0.0 energy=0.00 valence=0.00 genres=[] langs=[]
2026-08-05 14:11:16,042 | INFO     | bot                          | [STEP 1] User 240082844: Received text: ➕ Add to Playlist...
2026-08-05 14:11:16,043 | INFO     | bot                          | [STEP 2] User 240082844: Entering playlist mode
2026-08-05 14:11:25,172 | INFO     | bot                          | Loaded Persian genre database: 203 artists
2026-08-05 14:11:25,215 | INFO     | user_prefs                   | [USER_DB] init_db: tables created; PATH=C:\Users\Saeid\AppData\Local\Temp\tmpehgqzbq0\t.db
2026-08-05 14:11:25,215 | INFO     | bot                          | Callback received: chat_id=999, data=lang_fa
2026-08-05 14:11:25,225 | INFO     | user_prefs                   | [USER_DB] set_user_language user=240082844 lang=fa
2026-08-05 14:11:25,225 | WARNING  | bot                          | keyboard refresh failed: cannot access local variable 'msg' where it is not associated with a value
2026-08-05 14:11:25,229 | INFO     | bot                          | [STEP 1] User 240082844: Received text: 🔍 Search...
2026-08-05 14:11:25,229 | INFO     | bot                          | [STEP 1] User 240082844: Received text: 📋 لیست من...
2026-08-05 14:11:25,231 | INFO     | user_prefs                   | [PLAYLIST_DB] get_user_playlist user=240082844 -> 0 rows
2026-08-05 14:11:25,231 | INFO     | user_prefs                   | [PLAYLIST_DB] get_user_taste_profile user=240082844
2026-08-05 14:11:25,236 | INFO     | user_prefs                   | [PLAYLIST_DB] taste_profile user=240082844 -> total=0 recognized=0 tracks=0 bpm=0.0 energy=0.00 valence=0.00 genres=[] langs=[]
2026-08-05 14:11:25,237 | INFO     | bot                          | [STEP 1] User 240082844: Received text: ➕ Add to Playlist...
2026-08-05 14:11:25,237 | INFO     | bot                          | [STEP 2] User 240082844: Entering playlist mode
2026-08-05 14:13:24,527 | INFO     | __main__                     | Loaded Persian genre database: 203 artists
2026-08-05 14:13:24,817 | INFO     | __main__                     | Music Suggest Bot v3 starting...
2026-08-05 14:13:25,218 | INFO     | user_prefs                   | [USER_DB] init_db: tables created; PATH=user_prefs.db
2026-08-05 14:13:25,223 | INFO     | feature_cache                | Feature cache initialized
2026-08-05 14:13:25,417 | INFO     | __main__                     | Bot initialized: Last.fm=OK
2026-08-05 14:13:25,597 | INFO     | telegram.ext.Application     | Application started
2026-08-05 14:13:39,724 | INFO     | __main__                     | [STEP 1] User 240082844: Received text: 🌐 زبان...
2026-08-05 14:13:41,336 | INFO     | __main__                     | Callback received: chat_id=240082844, data=lang_en
2026-08-05 14:13:41,597 | INFO     | user_prefs                   | [USER_DB] set_user_language user=240082844 lang=en
2026-08-05 14:13:41,851 | WARNING  | __main__                     | keyboard refresh failed: cannot access local variable 'msg' where it is not associated with a value
2026-08-05 14:13:56,259 | INFO     | __main__                     | [STEP 1] User 240082844: Received text: 🎯 For Me...
2026-08-05 14:13:56,260 | INFO     | user_prefs                   | [PLAYLIST_DB] get_user_taste_profile user=240082844
2026-08-05 14:13:56,274 | INFO     | user_prefs                   | [PLAYLIST_DB] taste_profile user=240082844 -> total=25 recognized=21 tracks=21 bpm=118.9 energy=0.16 valence=0.00 genres=['classic rock', 'Persian Traditional', 'pop'] langs=[('en', 16), ('fa', 3), ('ar', 2)]
2026-08-05 14:13:57,023 | INFO     | user_prefs                   | [PLAYLIST_DB] get_random_suggestions user=240082844 -> 5 ids
2026-08-05 14:13:57,023 | INFO     | deezer_helper                | [DEEZER] get_track id=3103379
2026-08-05 14:13:58,512 | INFO     | deezer_helper                | [DEEZER] get_track id=3103379 -> Louis Armstrong - It Don't Mean a Thing (If It Ain't Got That Swing) (1990 Remaster) (genres=[])
2026-08-05 14:13:58,513 | INFO     | deezer_helper                | [DEEZER] get_track id=13791931
2026-08-05 14:13:59,030 | INFO     | deezer_helper                | [DEEZER] get_track id=13791931 -> Nirvana - In Bloom (genres=[])
2026-08-05 14:13:59,030 | INFO     | deezer_helper                | [DEEZER] get_track id=100914862
2026-08-05 14:13:59,947 | INFO     | deezer_helper                | [DEEZER] get_track id=100914862 -> The Rolling Stones - Wild Horses (2009 Mix) (genres=[])
2026-08-05 14:13:59,947 | INFO     | deezer_helper                | [DEEZER] get_track id=531967
2026-08-05 14:14:00,736 | INFO     | deezer_helper                | [DEEZER] get_track id=531967 -> Alan Jackson - Chattahoochee (Extended Mix) (genres=[])
2026-08-05 14:14:00,737 | INFO     | deezer_helper                | [DEEZER] get_track id=141460363
2026-08-05 14:14:01,314 | INFO     | deezer_helper                | [DEEZER] get_track id=141460363 -> The Heavy - How You Like Me Now (genres=[])
2026-08-05 14:14:38,457 | INFO     | __main__                     | [STEP 1] User 240082844: Received text: 🔍 Search...
2026-08-05 14:15:09,633 | INFO     | deezer_helper                | [DEEZER] search query='Nemiyad Googoosh' limit=5
2026-08-05 14:15:10,184 | INFO     | deezer_helper                | [DEEZER] search query='Nemiyad Googoosh' -> 2 results
2026-08-05 14:15:19,243 | INFO     | __main__                     | Callback received: chat_id=240082844, data=pick_original
2026-08-05 14:15:19,845 | INFO     | deezer_helper                | [DEEZER] search query='Nemiyad Googoosh' limit=10
2026-08-05 14:15:20,126 | INFO     | deezer_helper                | [DEEZER] search query='Nemiyad Googoosh' -> 2 results
2026-08-05 14:15:20,127 | INFO     | deezer_helper                | [DEEZER] get_track id=12589822
2026-08-05 14:15:20,639 | INFO     | deezer_helper                | [DEEZER] get_track id=12589822 -> Googoosh - Nemiyad (genres=[])
2026-08-05 14:15:20,640 | INFO     | __main__                     | Fetched full track: Googoosh - Nemiyad (genres: [], artist_id: 1116739)
2026-08-05 14:15:20,640 | INFO     | deezer_helper                | [DEEZER] search query='Googoosh' limit=10
2026-08-05 14:15:20,954 | INFO     | deezer_helper                | [DEEZER] search query='Googoosh' -> 10 results
2026-08-05 14:15:20,955 | INFO     | __main__                     | Search 'Googoosh': found 10 tracks, best ID=1116739 (count=9)
2026-08-05 14:15:21,219 | INFO     | feature_cache                | [CACHE] Looking up features for track ID: 12589822
2026-08-05 14:15:21,223 | INFO     | feature_cache                | [CACHE] Cache MISS for track ID: 12589822
2026-08-05 14:15:21,225 | INFO     | __main__                     | Analyzing track: Googoosh - Nemiyad (fast=False)
2026-08-05 14:15:21,226 | INFO     | audio_analyzer               | Downloading preview: https://cdnt-preview.dzcdn.net/api/1/1/f/f/7/0/ff7f3c267b57685655cd3a6c8e32423c.mp3?hdnea=exp=1785927620~acl=/api/1/1/f/f/7/0/ff7f3c267b57685655cd3a6c8e32423c.mp3*~data=user_id=0,application_id=42~hmac=95b3b24f0d0bb5025feb04c8f17a0473854e6237917801d67048679729187d9c
2026-08-05 14:15:22,011 | INFO     | musicbrainz_client           | Found MusicBrainz ID: 6bfc2e19-c408-4238-b51c-35582e0645b2 for Googoosh - Nemiyad
2026-08-05 14:15:23,441 | INFO     | audio_analyzer               | Downloaded 479827 bytes
2026-08-05 14:15:23,444 | INFO     | audio_analyzer               | Running librosa analysis...
2026-08-05 14:15:23,465 | INFO     | audio_analyzer               | [LIBROSA] Starting feature extraction...
2026-08-05 14:15:23,471 | INFO     | audio_analyzer               | [LIBROSA] Temp file created: C:\Users\Saeid\AppData\Local\Temp\tmp5rkt8wpn.mp3 (479827 bytes)
2026-08-05 14:15:23,471 | INFO     | audio_analyzer               | [LIBROSA] Loading audio file...
2026-08-05 14:15:27,362 | INFO     | audio_analyzer               | [LIBROSA] Audio loaded: 30.0 seconds, 22050 Hz sample rate
2026-08-05 14:15:27,363 | INFO     | audio_analyzer               | [LIBROSA] Extracting BPM...
2026-08-05 14:15:29,894 | INFO     | audio_analyzer               | [LIBROSA] BPM: 172.3
2026-08-05 14:15:29,895 | INFO     | audio_analyzer               | [LIBROSA] Extracting MFCCs (timbre)...
2026-08-05 14:15:29,949 | INFO     | audio_analyzer               | [LIBROSA] MFCCs extracted: 13 coefficients
2026-08-05 14:15:29,949 | INFO     | audio_analyzer               | [LIBROSA] Extracting chroma (harmonics)...
2026-08-05 14:15:30,063 | INFO     | audio_analyzer               | [LIBROSA] Chroma extracted: 12 pitch classes
2026-08-05 14:15:30,063 | INFO     | audio_analyzer               | [LIBROSA] Extracting spectral features...
2026-08-05 14:15:30,390 | INFO     | audio_analyzer               | [LIBROSA] Spectral: centroid=2272.8, rolloff=4620.3, bandwidth=2466.8
2026-08-05 14:15:30,390 | INFO     | audio_analyzer               | [LIBROSA] Extracting energy (RMS)...
2026-08-05 14:15:30,401 | INFO     | audio_analyzer               | [LIBROSA] Energy: mean=0.1422, var=0.0048
2026-08-05 14:15:30,401 | INFO     | audio_analyzer               | [LIBROSA] Extracting onset rate...
2026-08-05 14:15:30,452 | INFO     | audio_analyzer               | [LIBROSA] Onset rate: 1.8183
2026-08-05 14:15:30,482 | INFO     | audio_analyzer               | [LIBROSA] Inferring musical key...
2026-08-05 14:15:30,483 | INFO     | audio_analyzer               | [LIBROSA] Key: A
2026-08-05 14:15:30,483 | INFO     | audio_analyzer               | [LIBROSA] Inferring scale (major/minor)...
2026-08-05 14:15:30,483 | INFO     | audio_analyzer               | [LIBROSA] Scale: minor (major=-0.02, minor=0.14)
2026-08-05 14:15:30,484 | INFO     | audio_analyzer               | Analyzed audio: BPM=172.3, RMS=0.142
2026-08-05 14:15:30,485 | INFO     | __main__                     | Analysis results for Googoosh - Nemiyad:
2026-08-05 14:15:30,485 | INFO     | __main__                     |   Audio features: OK
2026-08-05 14:15:30,485 | INFO     | __main__                     |   MusicBrainz: OK
2026-08-05 14:15:30,485 | INFO     | __main__                     |   AcousticBrainz: NOT FOUND
2026-08-05 14:15:30,485 | INFO     | __main__                     |   Last.fm tags: 0
2026-08-05 14:15:30,485 | INFO     | feature_cache                | [CACHE] Saving features for: Googoosh - Nemiyad (ID: 12589822)
2026-08-05 14:15:30,486 | INFO     | feature_cache                | [CACHE] Audio features: BPM=172.3, Energy=0.1422, MFCCs=13 coefficients
2026-08-05 14:15:30,486 | INFO     | feature_cache                | [CACHE] AcousticBrainz: NONE
2026-08-05 14:15:30,486 | INFO     | feature_cache                | [CACHE] MusicBrainz ID: 6bfc2e19-c408-4238-b51c-35582e0645b2
2026-08-05 14:15:30,486 | INFO     | feature_cache                | [CACHE] Last.fm tags: NONE
2026-08-05 14:15:30,494 | INFO     | feature_cache                | [CACHE] ✓ Saved successfully for: Googoosh - Nemiyad
2026-08-05 14:15:30,504 | INFO     | feature_cache                | Exported 107 tracks to cached_songs.json
2026-08-05 14:15:30,504 | INFO     | __main__                     | [FLOW] main track analyzed: audio=True acoustic=False
2026-08-05 14:15:31,147 | INFO     | lastfm_client                | Last.fm found 10 similar tracks for Googoosh - Nemiyad
2026-08-05 14:15:31,148 | INFO     | __main__                     | [FLOW] Last.fm similar for Nemiyad: 10 found
2026-08-05 14:15:31,149 | INFO     | deezer_helper                | [DEEZER] search query='Hamsafar Googoosh' limit=1
2026-08-05 14:15:31,451 | INFO     | deezer_helper                | [DEEZER] search query='Hamsafar Googoosh' -> 1 results
2026-08-05 14:15:31,452 | INFO     | deezer_helper                | [DEEZER] search query='Kavir Googoosh' limit=1
2026-08-05 14:15:31,759 | INFO     | deezer_helper                | [DEEZER] search query='Kavir Googoosh' -> 1 results
2026-08-05 14:15:31,759 | INFO     | deezer_helper                | [DEEZER] search query='Bia benevisim Mahasti' limit=1
2026-08-05 14:15:32,052 | INFO     | deezer_helper                | [DEEZER] search query='Bia benevisim Mahasti' -> 1 results
2026-08-05 14:15:32,053 | INFO     | deezer_helper                | [DEEZER] search query='shaneh Vigen' limit=1
2026-08-05 14:15:32,378 | INFO     | deezer_helper                | [DEEZER] search query='shaneh Vigen' -> 1 results
2026-08-05 14:15:32,379 | INFO     | deezer_helper                | [DEEZER] search query='Saghi Hayedeh' limit=1
2026-08-05 14:15:32,617 | INFO     | deezer_helper                | [DEEZER] search query='Saghi Hayedeh' -> 1 results
2026-08-05 14:15:32,617 | INFO     | deezer_helper                | [DEEZER] search query='Zemestoon Afshin Moghadam' limit=1
2026-08-05 14:15:32,927 | INFO     | deezer_helper                | [DEEZER] search query='Zemestoon Afshin Moghadam' -> 1 results
2026-08-05 14:15:32,928 | INFO     | deezer_helper                | [DEEZER] search query='Bezan tar Hayedeh' limit=1
2026-08-05 14:15:33,531 | INFO     | deezer_helper                | [DEEZER] search query='Bezan tar Hayedeh' -> 1 results
2026-08-05 14:15:33,532 | INFO     | deezer_helper                | [DEEZER] search query='Pichak Ebi' limit=1
2026-08-05 14:15:33,787 | INFO     | deezer_helper                | [DEEZER] search query='Pichak Ebi' -> 1 results
2026-08-05 14:15:33,788 | INFO     | deezer_helper                | [DEEZER] get_similar id=12589822 limit=20
2026-08-05 14:15:34,018 | INFO     | deezer_helper                | [DEEZER] get_track id=12589822
2026-08-05 14:15:34,530 | INFO     | deezer_helper                | [DEEZER] get_track id=12589822 -> Googoosh - Nemiyad (genres=[])
2026-08-05 14:15:34,531 | INFO     | deezer_helper                | [DEEZER] get_artist_top id=1116739 limit=20
2026-08-05 14:15:34,838 | INFO     | deezer_helper                | [DEEZER] get_artist_top id=1116739 -> 2 results
2026-08-05 14:15:34,839 | INFO     | deezer_helper                | [DEEZER] get_similar id=12589822 -> 2 results (artist_top)
2026-08-05 14:15:34,840 | INFO     | __main__                     | [FLOW] Deezer radio for Nemiyad: found 2 tracks
2026-08-05 14:15:34,840 | INFO     | deezer_helper                | [DEEZER] get_artist_top id=1116739 limit=10
2026-08-05 14:15:35,103 | INFO     | deezer_helper                | [DEEZER] get_artist_top id=1116739 -> 2 results
2026-08-05 14:15:35,104 | INFO     | __main__                     | Same artist tracks for Googoosh (ID: 1116739): 2 found
2026-08-05 14:15:35,105 | INFO     | __main__                     |   Added same artist: Googoosh - Bavar Kon
2026-08-05 14:15:35,106 | INFO     | __main__                     |   Added same artist: Googoosh - Jomeh
2026-08-05 14:15:35,107 | INFO     | __main__                     | Same artist tracks found: 2
2026-08-05 14:15:35,108 | INFO     | __main__                     | Different artist tracks found: 6
2026-08-05 14:15:35,109 | INFO     | __main__                     | Total similar tracks: 6
2026-08-05 14:15:35,110 | INFO     | feature_cache                | [CACHE] Looking up features for track ID: 10866949
2026-08-05 14:15:35,112 | INFO     | feature_cache                | [CACHE] Looking up features for track ID: 12589831
2026-08-05 14:15:35,115 | INFO     | feature_cache                | [CACHE] Looking up features for track ID: 11003551
2026-08-05 14:15:35,122 | INFO     | feature_cache                | [CACHE] Cache MISS for track ID: 10866949
2026-08-05 14:15:35,125 | INFO     | feature_cache                | [CACHE] Cache MISS for track ID: 11003551
2026-08-05 14:15:35,127 | INFO     | feature_cache                | [CACHE] Cache MISS for track ID: 12589831
2026-08-05 14:15:35,129 | INFO     | __main__                     | Analyzing track: Googoosh - Bavar Kon (fast=True)
2026-08-05 14:15:35,134 | INFO     | __main__                     | Analyzing track: Googoosh - Jomeh (fast=True)
2026-08-05 14:15:35,135 | INFO     | __main__                     | Analyzing track: Mahasti - Bia Benevisim (fast=True)
2026-08-05 14:15:35,333 | INFO     | musicbrainz_client           | Found MusicBrainz ID: b4170c53-c4cb-4585-9382-c32b3734ae70 for Googoosh - Bavar Kon
2026-08-05 14:15:35,643 | INFO     | __main__                     | Analysis results for Googoosh - Bavar Kon:
2026-08-05 14:15:35,644 | INFO     | __main__                     |   Audio features: SKIPPED
2026-08-05 14:15:35,645 | INFO     | __main__                     |   MusicBrainz: OK
2026-08-05 14:15:35,645 | INFO     | __main__                     |   AcousticBrainz: NOT FOUND
2026-08-05 14:15:35,646 | WARNING  | __main__                     | [FLOW] candidate analysis failed for Googoosh - Bavar Kon: 'NoneType' object has no attribute 'get'
2026-08-05 14:15:35,647 | INFO     | feature_cache                | [CACHE] Looking up features for track ID: 12591758
2026-08-05 14:15:35,654 | INFO     | feature_cache                | [CACHE] Cache MISS for track ID: 12591758
2026-08-05 14:15:35,657 | INFO     | __main__                     | Analyzing track: Viguen - Shaneh (fast=True)
2026-08-05 14:15:36,338 | INFO     | musicbrainz_client           | Found MusicBrainz ID: a1266f01-9f5d-4c15-9948-2580ae1bd16b for Googoosh - Jomeh
2026-08-05 14:15:36,652 | INFO     | __main__                     | Analysis results for Googoosh - Jomeh:
2026-08-05 14:15:36,653 | INFO     | __main__                     |   Audio features: SKIPPED
2026-08-05 14:15:36,654 | INFO     | __main__                     |   MusicBrainz: OK
2026-08-05 14:15:36,655 | INFO     | __main__                     |   AcousticBrainz: NOT FOUND
2026-08-05 14:15:36,656 | WARNING  | __main__                     | [FLOW] candidate analysis failed for Googoosh - Jomeh: 'NoneType' object has no attribute 'get'
2026-08-05 14:15:36,657 | INFO     | feature_cache                | [CACHE] Looking up features for track ID: 11001754
2026-08-05 14:15:36,664 | INFO     | feature_cache                | [CACHE] Cache MISS for track ID: 11001754
2026-08-05 14:15:36,667 | INFO     | __main__                     | Analyzing track: Hayedeh - Saghi (fast=True)
2026-08-05 14:15:36,891 | INFO     | musicbrainz_client           | No MusicBrainz recording found for Viguen - Shaneh
2026-08-05 14:15:36,892 | INFO     | __main__                     | Analysis results for Viguen - Shaneh:
2026-08-05 14:15:36,892 | INFO     | __main__                     |   Audio features: SKIPPED
2026-08-05 14:15:36,892 | INFO     | __main__                     |   MusicBrainz: NOT FOUND
2026-08-05 14:15:36,893 | INFO     | __main__                     |   AcousticBrainz: NOT FOUND
2026-08-05 14:15:36,894 | WARNING  | __main__                     | [FLOW] candidate analysis failed for Viguen - Shaneh: 'NoneType' object has no attribute 'get'
2026-08-05 14:15:36,894 | INFO     | feature_cache                | [CACHE] Looking up features for track ID: 12590270
2026-08-05 14:15:36,898 | INFO     | feature_cache                | [CACHE] Cache MISS for track ID: 12590270
2026-08-05 14:15:36,900 | INFO     | __main__                     | Analyzing track: Afshin Moghadam - Zemestoon (fast=True)
2026-08-05 14:15:36,982 | INFO     | musicbrainz_client           | Found MusicBrainz ID: d2862a4d-b9de-4033-a572-65962835a0ef for Mahasti - Bia Benevisim
2026-08-05 14:15:37,293 | INFO     | __main__                     | Analysis results for Mahasti - Bia Benevisim:
2026-08-05 14:15:37,293 | INFO     | __main__                     |   Audio features: SKIPPED
2026-08-05 14:15:37,294 | INFO     | __main__                     |   MusicBrainz: OK
2026-08-05 14:15:37,295 | INFO     | __main__                     |   AcousticBrainz: NOT FOUND
2026-08-05 14:15:37,296 | WARNING  | __main__                     | [FLOW] candidate analysis failed for Mahasti - Bia Benevisim: 'NoneType' object has no attribute 'get'
2026-08-05 14:15:37,335 | INFO     | musicbrainz_client           | Found MusicBrainz ID: 33837e64-ae5d-4cce-95f8-7368ec5c94d9 for Hayedeh - Saghi
2026-08-05 14:15:37,345 | INFO     | musicbrainz_client           | Found MusicBrainz ID: ee5295ef-9b19-4e8e-afec-0d3d9319a0cc for Afshin Moghadam - Zemestoon
2026-08-05 14:15:37,657 | INFO     | __main__                     | Analysis results for Hayedeh - Saghi:
2026-08-05 14:15:37,658 | INFO     | __main__                     |   Audio features: SKIPPED
2026-08-05 14:15:37,659 | INFO     | __main__                     |   MusicBrainz: OK
2026-08-05 14:15:37,660 | INFO     | __main__                     |   AcousticBrainz: NOT FOUND
2026-08-05 14:15:37,661 | WARNING  | __main__                     | [FLOW] candidate analysis failed for Hayedeh - Saghi: 'NoneType' object has no attribute 'get'
2026-08-05 14:15:38,023 | INFO     | __main__                     | Analysis results for Afshin Moghadam - Zemestoon:
2026-08-05 14:15:38,024 | INFO     | __main__                     |   Audio features: SKIPPED
2026-08-05 14:15:38,025 | INFO     | __main__                     |   MusicBrainz: OK
2026-08-05 14:15:38,026 | INFO     | __main__                     |   AcousticBrainz: NOT FOUND
2026-08-05 14:15:38,027 | WARNING  | __main__                     | [FLOW] candidate analysis failed for Afshin Moghadam - Zemestoon: 'NoneType' object has no attribute 'get'
2026-08-05 14:15:38,028 | INFO     | __main__                     | [FLOW] candidate features ready: 0/6
2026-08-05 14:15:38,029 | INFO     | __main__                     | Similarity calc: target_audio=YES, target_acoustic=NO, candidates=6
2026-08-05 14:15:38,030 | INFO     | __main__                     | Similarity scores: [('Bia Benevisim', 0.0277084), ('Shaneh', 0.0239725), ('Saghi', 0.023112999999999998)]
2026-08-05 14:15:38,032 | INFO     | __main__                     | Building features - target_audio: YES, genres: []
2026-08-05 14:16:26,054 | INFO     | deezer_helper                | [DEEZER] search query='Yek Nafas Arezouye To Homayoun Shajarian' limit=5
2026-08-05 14:16:27,028 | INFO     | deezer_helper                | [DEEZER] search query='Yek Nafas Arezouye To Homayoun Shajarian' -> 2 results
2026-08-05 14:16:29,380 | INFO     | __main__                     | Callback received: chat_id=240082844, data=pick_original
2026-08-05 14:16:29,789 | INFO     | deezer_helper                | [DEEZER] search query='Yek Nafas Arezouye To Homayoun Shajarian' limit=10
2026-08-05 14:16:30,060 | INFO     | deezer_helper                | [DEEZER] search query='Yek Nafas Arezouye To Homayoun Shajarian' -> 2 results
2026-08-05 14:16:30,061 | INFO     | deezer_helper                | [DEEZER] get_track id=2474776021
2026-08-05 14:16:30,556 | INFO     | deezer_helper                | [DEEZER] get_track id=2474776021 -> Homayoun Shajarian - Yek Nafas Arezouye To (genres=[])
2026-08-05 14:16:30,556 | INFO     | __main__                     | Fetched full track: Homayoun Shajarian - Yek Nafas Arezouye To (genres: [], artist_id: 3481961)
2026-08-05 14:16:30,557 | INFO     | deezer_helper                | [DEEZER] search query='Homayoun Shajarian' limit=10
2026-08-05 14:16:30,843 | INFO     | deezer_helper                | [DEEZER] search query='Homayoun Shajarian' -> 10 results
2026-08-05 14:16:30,843 | INFO     | __main__                     | Search 'Homayoun Shajarian': found 10 tracks, best ID=3481961 (count=7)
2026-08-05 14:16:31,064 | INFO     | feature_cache                | [CACHE] Looking up features for track ID: 2474776021
2026-08-05 14:16:31,070 | INFO     | feature_cache                | [CACHE] Cache MISS for track ID: 2474776021
2026-08-05 14:16:31,075 | INFO     | __main__                     | Analyzing track: Homayoun Shajarian - Yek Nafas Arezouye To (fast=False)
2026-08-05 14:16:31,076 | INFO     | audio_analyzer               | Downloading preview: https://cdnt-preview.dzcdn.net/api/1/1/9/4/a/0/94afa580b78f1fc55027f24715ff7a6f.mp3?hdnea=exp=1785927690~acl=/api/1/1/9/4/a/0/94afa580b78f1fc55027f24715ff7a6f.mp3*~data=user_id=0,application_id=42~hmac=9bfe2e66f802b87994920355d4a536db772cbf8202ff0f3412c0d27d3cced7d8
2026-08-05 14:16:31,571 | INFO     | musicbrainz_client           | No MusicBrainz recording found for Homayoun Shajarian - Yek Nafas Arezouye To
2026-08-05 14:16:32,720 | INFO     | audio_analyzer               | Downloaded 480245 bytes
2026-08-05 14:16:32,722 | INFO     | audio_analyzer               | Running librosa analysis...
2026-08-05 14:16:32,723 | INFO     | audio_analyzer               | [LIBROSA] Starting feature extraction...
2026-08-05 14:16:32,726 | INFO     | audio_analyzer               | [LIBROSA] Temp file created: C:\Users\Saeid\AppData\Local\Temp\tmp61lejlx4.mp3 (480245 bytes)
2026-08-05 14:16:32,727 | INFO     | audio_analyzer               | [LIBROSA] Loading audio file...
2026-08-05 14:16:32,840 | INFO     | audio_analyzer               | [LIBROSA] Audio loaded: 30.0 seconds, 22050 Hz sample rate
2026-08-05 14:16:32,841 | INFO     | audio_analyzer               | [LIBROSA] Extracting BPM...
2026-08-05 14:16:32,938 | INFO     | audio_analyzer               | [LIBROSA] BPM: 103.4
2026-08-05 14:16:32,938 | INFO     | audio_analyzer               | [LIBROSA] Extracting MFCCs (timbre)...
2026-08-05 14:16:32,988 | INFO     | audio_analyzer               | [LIBROSA] MFCCs extracted: 13 coefficients
2026-08-05 14:16:32,988 | INFO     | audio_analyzer               | [LIBROSA] Extracting chroma (harmonics)...
2026-08-05 14:16:33,091 | INFO     | audio_analyzer               | [LIBROSA] Chroma extracted: 12 pitch classes
2026-08-05 14:16:33,091 | INFO     | audio_analyzer               | [LIBROSA] Extracting spectral features...
2026-08-05 14:16:33,398 | INFO     | audio_analyzer               | [LIBROSA] Spectral: centroid=1760.3, rolloff=3421.5, bandwidth=2125.3
2026-08-05 14:16:33,399 | INFO     | audio_analyzer               | [LIBROSA] Extracting energy (RMS)...
2026-08-05 14:16:33,408 | INFO     | audio_analyzer               | [LIBROSA] Energy: mean=0.2895, var=0.0071
2026-08-05 14:16:33,408 | INFO     | audio_analyzer               | [LIBROSA] Extracting onset rate...
2026-08-05 14:16:33,456 | INFO     | audio_analyzer               | [LIBROSA] Onset rate: 1.5043
2026-08-05 14:16:33,488 | INFO     | audio_analyzer               | [LIBROSA] Inferring musical key...
2026-08-05 14:16:33,489 | INFO     | audio_analyzer               | [LIBROSA] Key: E
2026-08-05 14:16:33,489 | INFO     | audio_analyzer               | [LIBROSA] Inferring scale (major/minor)...
2026-08-05 14:16:33,489 | INFO     | audio_analyzer               | [LIBROSA] Scale: major (major=0.14, minor=-0.28)
2026-08-05 14:16:33,490 | INFO     | audio_analyzer               | Analyzed audio: BPM=103.4, RMS=0.289
2026-08-05 14:16:33,490 | INFO     | __main__                     | Analysis results for Homayoun Shajarian - Yek Nafas Arezouye To:
2026-08-05 14:16:33,491 | INFO     | __main__                     |   Audio features: OK
2026-08-05 14:16:33,491 | INFO     | __main__                     |   MusicBrainz: NOT FOUND
2026-08-05 14:16:33,492 | INFO     | __main__                     |   AcousticBrainz: NOT FOUND
2026-08-05 14:16:33,492 | INFO     | __main__                     |   Last.fm tags: 0
2026-08-05 14:16:33,492 | INFO     | feature_cache                | [CACHE] Saving features for: Homayoun Shajarian - Yek Nafas Arezouye To (ID: 2474776021)
2026-08-05 14:16:33,493 | INFO     | feature_cache                | [CACHE] Audio features: BPM=103.4, Energy=0.2895, MFCCs=13 coefficients
2026-08-05 14:16:33,493 | INFO     | feature_cache                | [CACHE] AcousticBrainz: NONE
2026-08-05 14:16:33,493 | INFO     | feature_cache                | [CACHE] MusicBrainz ID: NONE
2026-08-05 14:16:33,493 | INFO     | feature_cache                | [CACHE] Last.fm tags: NONE
2026-08-05 14:16:33,501 | INFO     | feature_cache                | [CACHE] ✓ Saved successfully for: Homayoun Shajarian - Yek Nafas Arezouye To
2026-08-05 14:16:33,513 | INFO     | feature_cache                | Exported 108 tracks to cached_songs.json
2026-08-05 14:16:33,513 | INFO     | __main__                     | [FLOW] main track analyzed: audio=True acoustic=False
2026-08-05 14:16:33,839 | INFO     | lastfm_client                | Last.fm found 0 similar tracks for Homayoun Shajarian - Yek Nafas Arezouye To
2026-08-05 14:16:33,841 | INFO     | __main__                     | [FLOW] Last.fm similar for Yek Nafas Arezouye To: 0 found
2026-08-05 14:16:33,841 | INFO     | deezer_helper                | [DEEZER] get_similar id=2474776021 limit=20
2026-08-05 14:16:34,102 | INFO     | deezer_helper                | [DEEZER] get_track id=2474776021
2026-08-05 14:16:34,573 | INFO     | deezer_helper                | [DEEZER] get_track id=2474776021 -> Homayoun Shajarian - Yek Nafas Arezouye To (genres=[])
2026-08-05 14:16:34,573 | INFO     | deezer_helper                | [DEEZER] get_artist_top id=3481961 limit=20
2026-08-05 14:16:34,872 | INFO     | deezer_helper                | [DEEZER] get_artist_top id=3481961 -> 1 results
2026-08-05 14:16:34,873 | INFO     | deezer_helper                | [DEEZER] get_similar id=2474776021 -> 1 results (artist_top)
2026-08-05 14:16:34,873 | INFO     | __main__                     | [FLOW] Deezer radio for Yek Nafas Arezouye To: found 1 tracks
2026-08-05 14:16:34,874 | INFO     | deezer_helper                | [DEEZER] get_artist_top id=3481961 limit=10
2026-08-05 14:16:35,167 | INFO     | deezer_helper                | [DEEZER] get_artist_top id=3481961 -> 1 results
2026-08-05 14:16:35,168 | INFO     | __main__                     | Same artist tracks for Homayoun Shajarian (ID: 3481961): 1 found
2026-08-05 14:16:35,169 | INFO     | __main__                     |   Added same artist: Homayoun Shajarian - Musighi Filme Arayeshe Ghaliz Dow (Che Danestam)
2026-08-05 14:16:35,170 | INFO     | __main__                     | Same artist tracks found: 1
2026-08-05 14:16:35,171 | INFO     | __main__                     | Different artist tracks found: 0
2026-08-05 14:16:35,172 | INFO     | __main__                     | Total similar tracks: 1
2026-08-05 14:16:35,173 | INFO     | feature_cache                | [CACHE] Looking up features for track ID: 3153329111
2026-08-05 14:16:35,178 | INFO     | feature_cache                | [CACHE] Cache MISS for track ID: 3153329111
2026-08-05 14:16:35,182 | INFO     | __main__                     | Analyzing track: Homayoun Shajarian - Musighi Filme Arayeshe Ghaliz Dow (Che Danestam) (fast=True)
2026-08-05 14:16:35,410 | INFO     | musicbrainz_client           | No MusicBrainz recording found for Homayoun Shajarian - Musighi Filme Arayeshe Ghaliz Dow (Che Danestam)
2026-08-05 14:16:35,412 | INFO     | __main__                     | Analysis results for Homayoun Shajarian - Musighi Filme Arayeshe Ghaliz Dow (Che Danestam):
2026-08-05 14:16:35,412 | INFO     | __main__                     |   Audio features: SKIPPED
2026-08-05 14:16:35,413 | INFO     | __main__                     |   MusicBrainz: NOT FOUND
2026-08-05 14:16:35,414 | INFO     | __main__                     |   AcousticBrainz: NOT FOUND
2026-08-05 14:16:35,415 | WARNING  | __main__                     | [FLOW] candidate analysis failed for Homayoun Shajarian - Musighi Filme Arayeshe Ghaliz Dow (Che Danestam): 'NoneType' object has no attribute 'get'
2026-08-05 14:16:35,416 | INFO     | __main__                     | [FLOW] candidate features ready: 0/1
2026-08-05 14:16:35,417 | INFO     | __main__                     | Similarity calc: target_audio=YES, target_acoustic=NO, candidates=1
2026-08-05 14:16:35,418 | INFO     | __main__                     | Similarity scores: [('Musighi Filme Arayeshe Ghaliz Dow (Che Danestam)', 0.0)]
2026-08-05 14:16:35,418 | INFO     | __main__                     | Building features - target_audio: YES, genres: []
2026-08-05 14:17:37,259 | INFO     | deezer_helper                | [DEEZER] search query='Akharin Avaz Ali Zandevakili' limit=5
2026-08-05 14:17:37,834 | INFO     | deezer_helper                | [DEEZER] search query='Akharin Avaz Ali Zandevakili' -> 1 results
2026-08-05 14:17:40,833 | INFO     | __main__                     | Callback received: chat_id=240082844, data=pick_original
2026-08-05 14:17:41,603 | INFO     | deezer_helper                | [DEEZER] search query='Akharin Avaz Ali Zandevakili' limit=10
2026-08-05 14:17:41,886 | INFO     | deezer_helper                | [DEEZER] search query='Akharin Avaz Ali Zandevakili' -> 1 results
2026-08-05 14:17:41,887 | INFO     | deezer_helper                | [DEEZER] get_track id=1004409502
2026-08-05 14:17:42,400 | INFO     | deezer_helper                | [DEEZER] get_track id=1004409502 -> Ali Zandevakili - Akharin Avaz (genres=[])
2026-08-05 14:17:42,401 | INFO     | __main__                     | Fetched full track: Ali Zandevakili - Akharin Avaz (genres: [], artist_id: 12304508)
2026-08-05 14:17:42,402 | INFO     | deezer_helper                | [DEEZER] search query='Ali Zandevakili' limit=10
2026-08-05 14:17:42,757 | INFO     | deezer_helper                | [DEEZER] search query='Ali Zandevakili' -> 10 results
2026-08-05 14:17:42,758 | INFO     | __main__                     | Search 'Ali Zandevakili': found 10 tracks, best ID=12304508 (count=10)
2026-08-05 14:17:42,762 | INFO     | __main__                     | Added new Persian artist: Ali Zandevakili (from song: Akharin Avaz)
2026-08-05 14:17:43,036 | INFO     | feature_cache                | [CACHE] Looking up features for track ID: 1004409502
2026-08-05 14:17:43,042 | INFO     | feature_cache                | [CACHE] Cache MISS for track ID: 1004409502
2026-08-05 14:17:43,044 | INFO     | __main__                     | Analyzing track: Ali Zandevakili - Akharin Avaz (fast=False)
2026-08-05 14:17:43,044 | INFO     | audio_analyzer               | Downloading preview: https://cdnt-preview.dzcdn.net/api/1/1/f/1/f/0/f1f670d11641afb4e21072b9382c4a49.mp3?hdnea=exp=1785927762~acl=/api/1/1/f/1/f/0/f1f670d11641afb4e21072b9382c4a49.mp3*~data=user_id=0,application_id=42~hmac=0158c684e121f5dd70f7b225477bd746c3a01665e437b4b4fd438681a5d16af8
2026-08-05 14:17:43,770 | INFO     | musicbrainz_client           | No MusicBrainz recording found for Ali Zandevakili - Akharin Avaz
2026-08-05 14:17:44,671 | INFO     | audio_analyzer               | Downloaded 480245 bytes
2026-08-05 14:17:44,673 | INFO     | audio_analyzer               | Running librosa analysis...
2026-08-05 14:17:44,673 | INFO     | audio_analyzer               | [LIBROSA] Starting feature extraction...
2026-08-05 14:17:44,674 | INFO     | audio_analyzer               | [LIBROSA] Temp file created: C:\Users\Saeid\AppData\Local\Temp\tmp5glcgp7i.mp3 (480245 bytes)
2026-08-05 14:17:44,675 | INFO     | audio_analyzer               | [LIBROSA] Loading audio file...
2026-08-05 14:17:44,782 | INFO     | audio_analyzer               | [LIBROSA] Audio loaded: 30.0 seconds, 22050 Hz sample rate
2026-08-05 14:17:44,783 | INFO     | audio_analyzer               | [LIBROSA] Extracting BPM...
2026-08-05 14:17:44,887 | INFO     | audio_analyzer               | [LIBROSA] BPM: 89.1
2026-08-05 14:17:44,887 | INFO     | audio_analyzer               | [LIBROSA] Extracting MFCCs (timbre)...
2026-08-05 14:17:44,939 | INFO     | audio_analyzer               | [LIBROSA] MFCCs extracted: 13 coefficients
2026-08-05 14:17:44,939 | INFO     | audio_analyzer               | [LIBROSA] Extracting chroma (harmonics)...
2026-08-05 14:17:45,049 | INFO     | audio_analyzer               | [LIBROSA] Chroma extracted: 12 pitch classes
2026-08-05 14:17:45,049 | INFO     | audio_analyzer               | [LIBROSA] Extracting spectral features...
2026-08-05 14:17:45,393 | INFO     | audio_analyzer               | [LIBROSA] Spectral: centroid=2367.8, rolloff=4843.5, bandwidth=2418.0
2026-08-05 14:17:45,393 | INFO     | audio_analyzer               | [LIBROSA] Extracting energy (RMS)...
2026-08-05 14:17:45,401 | INFO     | audio_analyzer               | [LIBROSA] Energy: mean=0.2304, var=0.0059
2026-08-05 14:17:45,401 | INFO     | audio_analyzer               | [LIBROSA] Extracting onset rate...
2026-08-05 14:17:45,452 | INFO     | audio_analyzer               | [LIBROSA] Onset rate: 1.5537
2026-08-05 14:17:45,482 | INFO     | audio_analyzer               | [LIBROSA] Inferring musical key...
2026-08-05 14:17:45,482 | INFO     | audio_analyzer               | [LIBROSA] Key: F#
2026-08-05 14:17:45,483 | INFO     | audio_analyzer               | [LIBROSA] Inferring scale (major/minor)...
2026-08-05 14:17:45,483 | INFO     | audio_analyzer               | [LIBROSA] Scale: major (major=0.02, minor=-0.24)
2026-08-05 14:17:45,484 | INFO     | audio_analyzer               | Analyzed audio: BPM=89.1, RMS=0.230
2026-08-05 14:17:45,484 | INFO     | __main__                     | Analysis results for Ali Zandevakili - Akharin Avaz:
2026-08-05 14:17:45,484 | INFO     | __main__                     |   Audio features: OK
2026-08-05 14:17:45,485 | INFO     | __main__                     |   MusicBrainz: NOT FOUND
2026-08-05 14:17:45,485 | INFO     | __main__                     |   AcousticBrainz: NOT FOUND
2026-08-05 14:17:45,485 | INFO     | __main__                     |   Last.fm tags: 0
2026-08-05 14:17:45,486 | INFO     | feature_cache                | [CACHE] Saving features for: Ali Zandevakili - Akharin Avaz (ID: 1004409502)
2026-08-05 14:17:45,486 | INFO     | feature_cache                | [CACHE] Audio features: BPM=89.1, Energy=0.2304, MFCCs=13 coefficients
2026-08-05 14:17:45,486 | INFO     | feature_cache                | [CACHE] AcousticBrainz: NONE
2026-08-05 14:17:45,486 | INFO     | feature_cache                | [CACHE] MusicBrainz ID: NONE
2026-08-05 14:17:45,486 | INFO     | feature_cache                | [CACHE] Last.fm tags: NONE
2026-08-05 14:17:45,495 | INFO     | feature_cache                | [CACHE] ✓ Saved successfully for: Ali Zandevakili - Akharin Avaz
2026-08-05 14:17:45,506 | INFO     | feature_cache                | Exported 109 tracks to cached_songs.json
2026-08-05 14:17:45,507 | INFO     | __main__                     | [FLOW] main track analyzed: audio=True acoustic=False
2026-08-05 14:17:45,898 | INFO     | lastfm_client                | Last.fm found 0 similar tracks for Ali Zandevakili - Akharin Avaz
2026-08-05 14:17:45,899 | INFO     | __main__                     | [FLOW] Last.fm similar for Akharin Avaz: 0 found
2026-08-05 14:17:45,900 | INFO     | deezer_helper                | [DEEZER] get_similar id=1004409502 limit=20
2026-08-05 14:17:46,143 | INFO     | deezer_helper                | [DEEZER] get_track id=1004409502
2026-08-05 14:17:46,619 | INFO     | deezer_helper                | [DEEZER] get_track id=1004409502 -> Ali Zandevakili - Akharin Avaz (genres=[])
2026-08-05 14:17:46,619 | INFO     | deezer_helper                | [DEEZER] get_artist_top id=12304508 limit=20
2026-08-05 14:17:46,880 | INFO     | deezer_helper                | [DEEZER] get_artist_top id=12304508 -> 1 results
2026-08-05 14:17:46,881 | INFO     | deezer_helper                | [DEEZER] get_similar id=1004409502 -> 1 results (artist_top)
2026-08-05 14:17:46,882 | INFO     | __main__                     | [FLOW] Deezer radio for Akharin Avaz: found 1 tracks
2026-08-05 14:17:46,883 | INFO     | deezer_helper                | [DEEZER] get_artist_top id=12304508 limit=10
2026-08-05 14:17:47,143 | INFO     | deezer_helper                | [DEEZER] get_artist_top id=12304508 -> 1 results
2026-08-05 14:17:47,144 | INFO     | __main__                     | Same artist tracks for Ali Zandevakili (ID: 12304508): 1 found
2026-08-05 14:17:47,145 | INFO     | __main__                     |   Added same artist: Ali Zandevakili - Lalaei
2026-08-05 14:17:47,146 | INFO     | __main__                     | Same artist tracks found: 1
2026-08-05 14:17:47,147 | INFO     | __main__                     | Different artist tracks found: 0
2026-08-05 14:17:47,148 | INFO     | __main__                     | Total similar tracks: 1
2026-08-05 14:17:47,149 | INFO     | feature_cache                | [CACHE] Looking up features for track ID: 392574162
2026-08-05 14:17:47,157 | INFO     | feature_cache                | [CACHE] Cache MISS for track ID: 392574162
2026-08-05 14:17:47,160 | INFO     | __main__                     | Analyzing track: Ali Zandevakili - Lalaei (fast=True)
2026-08-05 14:17:47,349 | INFO     | musicbrainz_client           | No MusicBrainz recording found for Ali Zandevakili - Lalaei
2026-08-05 14:17:47,350 | INFO     | __main__                     | Analysis results for Ali Zandevakili - Lalaei:
2026-08-05 14:17:47,351 | INFO     | __main__                     |   Audio features: SKIPPED
2026-08-05 14:17:47,352 | INFO     | __main__                     |   MusicBrainz: NOT FOUND
2026-08-05 14:17:47,353 | INFO     | __main__                     |   AcousticBrainz: NOT FOUND
2026-08-05 14:17:47,354 | WARNING  | __main__                     | [FLOW] candidate analysis failed for Ali Zandevakili - Lalaei: 'NoneType' object has no attribute 'get'
2026-08-05 14:17:47,355 | INFO     | __main__                     | [FLOW] candidate features ready: 0/1
2026-08-05 14:17:47,356 | INFO     | __main__                     | Similarity calc: target_audio=YES, target_acoustic=NO, candidates=1
2026-08-05 14:17:47,356 | INFO     | __main__                     | Similarity scores: [('Lalaei', 0.0)]
2026-08-05 14:17:47,357 | INFO     | __main__                     | Building features - target_audio: YES, genres: []
2026-08-05 14:17:47,358 | INFO     | __main__                     | [GENRE] Deezer genres empty for Ali Zandevakili - Akharin Avaz
2026-08-05 14:17:47,704 | INFO     | lastfm_client                | Last.fm artist tags for Ali Zandevakili: ['Persian', 'iran', 'Iranian']
2026-08-05 14:17:56,227 | INFO     | deezer_helper                | [DEEZER] search query='Akharin Avaz Ali Zandevakili' limit=5
2026-08-05 14:17:56,653 | INFO     | deezer_helper                | [DEEZER] search query='Akharin Avaz Ali Zandevakili' -> 1 results
2026-08-05 14:17:58,360 | INFO     | __main__                     | Callback received: chat_id=240082844, data=pick_0
2026-08-05 14:17:58,581 | INFO     | __main__                     | Pick handler: idx=0, results_count=1
2026-08-05 14:17:58,582 | INFO     | deezer_helper                | [DEEZER] get_track id=1004409502
2026-08-05 14:17:59,088 | INFO     | deezer_helper                | [DEEZER] get_track id=1004409502 -> Ali Zandevakili - Akharin Avaz (genres=[])
2026-08-05 14:17:59,089 | INFO     | __main__                     | Fetched full track: Ali Zandevakili - Akharin Avaz (genres: [], artist_id: 12304508)
2026-08-05 14:17:59,090 | INFO     | deezer_helper                | [DEEZER] search query='Ali Zandevakili' limit=10
2026-08-05 14:17:59,373 | INFO     | deezer_helper                | [DEEZER] search query='Ali Zandevakili' -> 10 results
2026-08-05 14:17:59,374 | INFO     | __main__                     | Search 'Ali Zandevakili': found 10 tracks, best ID=12304508 (count=10)
2026-08-05 14:17:59,618 | INFO     | feature_cache                | [CACHE] Looking up features for track ID: 1004409502
2026-08-05 14:17:59,625 | INFO     | feature_cache                | [CACHE] ✓ Cache HIT for track ID: 1004409502
2026-08-05 14:17:59,626 | INFO     | feature_cache                | [CACHE]   Audio: BPM=89.1, Energy=0.2304
2026-08-05 14:17:59,633 | INFO     | __main__                     | Cache hit for: Ali Zandevakili - Akharin Avaz
2026-08-05 14:17:59,634 | INFO     | __main__                     | [FLOW] main track analyzed: audio=True acoustic=False
2026-08-05 14:17:59,965 | INFO     | lastfm_client                | Last.fm found 0 similar tracks for Ali Zandevakili - Akharin Avaz
2026-08-05 14:17:59,967 | INFO     | __main__                     | [FLOW] Last.fm similar for Akharin Avaz: 0 found
2026-08-05 14:17:59,968 | INFO     | deezer_helper                | [DEEZER] get_similar id=1004409502 limit=20
2026-08-05 14:18:00,206 | INFO     | deezer_helper                | [DEEZER] get_track id=1004409502
2026-08-05 14:18:00,705 | INFO     | deezer_helper                | [DEEZER] get_track id=1004409502 -> Ali Zandevakili - Akharin Avaz (genres=[])
2026-08-05 14:18:00,706 | INFO     | deezer_helper                | [DEEZER] get_artist_top id=12304508 limit=20
2026-08-05 14:18:00,950 | INFO     | deezer_helper                | [DEEZER] get_artist_top id=12304508 -> 1 results
2026-08-05 14:18:00,951 | INFO     | deezer_helper                | [DEEZER] get_similar id=1004409502 -> 1 results (artist_top)
2026-08-05 14:18:00,952 | INFO     | __main__                     | [FLOW] Deezer radio for Akharin Avaz: found 1 tracks
2026-08-05 14:18:00,953 | INFO     | deezer_helper                | [DEEZER] get_artist_top id=12304508 limit=10
2026-08-05 14:18:01,200 | INFO     | deezer_helper                | [DEEZER] get_artist_top id=12304508 -> 1 results
2026-08-05 14:18:01,201 | INFO     | __main__                     | Same artist tracks for Ali Zandevakili (ID: 12304508): 1 found
2026-08-05 14:18:01,202 | INFO     | __main__                     |   Added same artist: Ali Zandevakili - Lalaei
2026-08-05 14:18:01,203 | INFO     | __main__                     | Same artist tracks found: 1
2026-08-05 14:18:01,203 | INFO     | __main__                     | Different artist tracks found: 0
2026-08-05 14:18:01,204 | INFO     | __main__                     | Total similar tracks: 1
2026-08-05 14:18:01,205 | INFO     | feature_cache                | [CACHE] Looking up features for track ID: 392574162
2026-08-05 14:18:01,210 | INFO     | feature_cache                | [CACHE] Cache MISS for track ID: 392574162
2026-08-05 14:18:01,213 | INFO     | __main__                     | Analyzing track: Ali Zandevakili - Lalaei (fast=True)
2026-08-05 14:18:01,478 | INFO     | musicbrainz_client           | No MusicBrainz recording found for Ali Zandevakili - Lalaei
2026-08-05 14:18:01,479 | INFO     | __main__                     | Analysis results for Ali Zandevakili - Lalaei:
2026-08-05 14:18:01,479 | INFO     | __main__                     |   Audio features: SKIPPED
2026-08-05 14:18:01,480 | INFO     | __main__                     |   MusicBrainz: NOT FOUND
2026-08-05 14:18:01,481 | INFO     | __main__                     |   AcousticBrainz: NOT FOUND
2026-08-05 14:18:01,482 | WARNING  | __main__                     | [FLOW] candidate analysis failed for Ali Zandevakili - Lalaei: 'NoneType' object has no attribute 'get'
2026-08-05 14:18:01,483 | INFO     | __main__                     | [FLOW] candidate features ready: 0/1
2026-08-05 14:18:01,483 | INFO     | __main__                     | Similarity calc: target_audio=YES, target_acoustic=NO, candidates=1
2026-08-05 14:18:01,484 | INFO     | __main__                     | Similarity scores: [('Lalaei', 0.0)]
2026-08-05 14:18:01,485 | INFO     | __main__                     | Building features - target_audio: YES, genres: []
2026-08-05 14:18:01,486 | INFO     | __main__                     | [GENRE] Deezer genres empty for Ali Zandevakili - Akharin Avaz
2026-08-05 14:18:01,824 | INFO     | lastfm_client                | Last.fm artist tags for Ali Zandevakili: ['Persian', 'iran', 'Iranian']
2026-08-05 14:18:24,396 | INFO     | deezer_helper                | [DEEZER] search query='Lalaei Ali Zandevakili' limit=5
2026-08-05 14:18:25,294 | INFO     | deezer_helper                | [DEEZER] search query='Lalaei Ali Zandevakili' -> 1 results
2026-08-05 14:18:27,347 | INFO     | __main__                     | Callback received: chat_id=240082844, data=pick_original
2026-08-05 14:18:27,744 | INFO     | deezer_helper                | [DEEZER] search query='Lalaei Ali Zandevakili' limit=10
2026-08-05 14:18:27,960 | INFO     | deezer_helper                | [DEEZER] search query='Lalaei Ali Zandevakili' -> 1 results
2026-08-05 14:18:27,961 | INFO     | deezer_helper                | [DEEZER] get_track id=392574162
2026-08-05 14:18:28,425 | INFO     | deezer_helper                | [DEEZER] get_track id=392574162 -> Ali Zandevakili - Lalaei (genres=[])
2026-08-05 14:18:28,426 | INFO     | __main__                     | Fetched full track: Ali Zandevakili - Lalaei (genres: [], artist_id: 12304508)
2026-08-05 14:18:28,426 | INFO     | deezer_helper                | [DEEZER] search query='Ali Zandevakili' limit=10
2026-08-05 14:18:28,694 | INFO     | deezer_helper                | [DEEZER] search query='Ali Zandevakili' -> 10 results
2026-08-05 14:18:28,695 | INFO     | __main__                     | Search 'Ali Zandevakili': found 10 tracks, best ID=12304508 (count=10)
2026-08-05 14:18:28,927 | INFO     | feature_cache                | [CACHE] Looking up features for track ID: 392574162
2026-08-05 14:18:28,936 | INFO     | feature_cache                | [CACHE] Cache MISS for track ID: 392574162
2026-08-05 14:18:28,941 | INFO     | __main__                     | Analyzing track: Ali Zandevakili - Lalaei (fast=False)
2026-08-05 14:18:28,942 | INFO     | audio_analyzer               | Downloading preview: https://cdnt-preview.dzcdn.net/api/1/1/d/e/0/0/de0cb330b8d7545810ec39f6f66dce02.mp3?hdnea=exp=1785927808~acl=/api/1/1/d/e/0/0/de0cb330b8d7545810ec39f6f66dce02.mp3*~data=user_id=0,application_id=42~hmac=c96fc6f2f3683262196420216927806b93e0f142b019d4bf647724dadc4cd0ba
2026-08-05 14:18:29,467 | INFO     | musicbrainz_client           | No MusicBrainz recording found for Ali Zandevakili - Lalaei
2026-08-05 14:18:30,556 | INFO     | audio_analyzer               | Downloaded 480245 bytes
2026-08-05 14:18:30,559 | INFO     | audio_analyzer               | Running librosa analysis...
2026-08-05 14:18:30,561 | INFO     | audio_analyzer               | [LIBROSA] Starting feature extraction...
2026-08-05 14:18:30,566 | INFO     | audio_analyzer               | [LIBROSA] Temp file created: C:\Users\Saeid\AppData\Local\Temp\tmpgpndanb0.mp3 (480245 bytes)
2026-08-05 14:18:30,568 | INFO     | audio_analyzer               | [LIBROSA] Loading audio file...
2026-08-05 14:18:30,684 | INFO     | audio_analyzer               | [LIBROSA] Audio loaded: 30.0 seconds, 22050 Hz sample rate
2026-08-05 14:18:30,685 | INFO     | audio_analyzer               | [LIBROSA] Extracting BPM...
2026-08-05 14:18:30,785 | INFO     | audio_analyzer               | [LIBROSA] BPM: 161.5
2026-08-05 14:18:30,785 | INFO     | audio_analyzer               | [LIBROSA] Extracting MFCCs (timbre)...
2026-08-05 14:18:30,838 | INFO     | audio_analyzer               | [LIBROSA] MFCCs extracted: 13 coefficients
2026-08-05 14:18:30,838 | INFO     | audio_analyzer               | [LIBROSA] Extracting chroma (harmonics)...
2026-08-05 14:18:30,946 | INFO     | audio_analyzer               | [LIBROSA] Chroma extracted: 12 pitch classes
2026-08-05 14:18:30,947 | INFO     | audio_analyzer               | [LIBROSA] Extracting spectral features...
2026-08-05 14:18:31,248 | INFO     | audio_analyzer               | [LIBROSA] Spectral: centroid=1839.4, rolloff=3566.2, bandwidth=2026.8
2026-08-05 14:18:31,248 | INFO     | audio_analyzer               | [LIBROSA] Extracting energy (RMS)...
2026-08-05 14:18:31,257 | INFO     | audio_analyzer               | [LIBROSA] Energy: mean=0.2138, var=0.0104
2026-08-05 14:18:31,257 | INFO     | audio_analyzer               | [LIBROSA] Extracting onset rate...
2026-08-05 14:18:31,310 | INFO     | audio_analyzer               | [LIBROSA] Onset rate: 1.4544
2026-08-05 14:18:31,340 | INFO     | audio_analyzer               | [LIBROSA] Inferring musical key...
2026-08-05 14:18:31,341 | INFO     | audio_analyzer               | [LIBROSA] Key: G#
2026-08-05 14:18:31,341 | INFO     | audio_analyzer               | [LIBROSA] Inferring scale (major/minor)...
2026-08-05 14:18:31,341 | INFO     | audio_analyzer               | [LIBROSA] Scale: minor (major=-0.41, minor=-0.32)
2026-08-05 14:18:31,342 | INFO     | audio_analyzer               | Analyzed audio: BPM=161.5, RMS=0.214
2026-08-05 14:18:31,343 | INFO     | __main__                     | Analysis results for Ali Zandevakili - Lalaei:
2026-08-05 14:18:31,343 | INFO     | __main__                     |   Audio features: OK
2026-08-05 14:18:31,344 | INFO     | __main__                     |   MusicBrainz: NOT FOUND
2026-08-05 14:18:31,344 | INFO     | __main__                     |   AcousticBrainz: NOT FOUND
2026-08-05 14:18:31,344 | INFO     | __main__                     |   Last.fm tags: 0
2026-08-05 14:18:31,344 | INFO     | feature_cache                | [CACHE] Saving features for: Ali Zandevakili - Lalaei (ID: 392574162)
2026-08-05 14:18:31,345 | INFO     | feature_cache                | [CACHE] Audio features: BPM=161.5, Energy=0.2138, MFCCs=13 coefficients
2026-08-05 14:18:31,345 | INFO     | feature_cache                | [CACHE] AcousticBrainz: NONE
2026-08-05 14:18:31,346 | INFO     | feature_cache                | [CACHE] MusicBrainz ID: NONE
2026-08-05 14:18:31,346 | INFO     | feature_cache                | [CACHE] Last.fm tags: NONE
2026-08-05 14:18:31,354 | INFO     | feature_cache                | [CACHE] ✓ Saved successfully for: Ali Zandevakili - Lalaei
2026-08-05 14:18:31,364 | INFO     | feature_cache                | Exported 110 tracks to cached_songs.json
2026-08-05 14:18:31,365 | INFO     | __main__                     | [FLOW] main track analyzed: audio=True acoustic=False
2026-08-05 14:18:31,764 | INFO     | lastfm_client                | Last.fm found 0 similar tracks for Ali Zandevakili - Lalaei
2026-08-05 14:18:31,765 | INFO     | __main__                     | [FLOW] Last.fm similar for Lalaei: 0 found
2026-08-05 14:18:31,766 | INFO     | deezer_helper                | [DEEZER] get_similar id=392574162 limit=20
2026-08-05 14:18:31,990 | INFO     | deezer_helper                | [DEEZER] get_track id=392574162
2026-08-05 14:18:32,432 | INFO     | deezer_helper                | [DEEZER] get_track id=392574162 -> Ali Zandevakili - Lalaei (genres=[])
2026-08-05 14:18:32,434 | INFO     | deezer_helper                | [DEEZER] get_artist_top id=12304508 limit=20
2026-08-05 14:18:32,653 | INFO     | deezer_helper                | [DEEZER] get_artist_top id=12304508 -> 0 results
2026-08-05 14:18:32,653 | INFO     | deezer_helper                | [DEEZER] search query='Ali Zandevakili' limit=25
2026-08-05 14:18:32,966 | INFO     | deezer_helper                | [DEEZER] search query='Ali Zandevakili' -> 25 results
2026-08-05 14:18:32,967 | INFO     | deezer_helper                | [DEEZER] get_similar id=392574162 -> 20 results (artist_search)
2026-08-05 14:18:32,968 | INFO     | __main__                     | [FLOW] Deezer radio for Lalaei: found 20 tracks
2026-08-05 14:18:32,969 | INFO     | deezer_helper                | [DEEZER] get_artist_top id=12304508 limit=10
2026-08-05 14:18:33,206 | INFO     | deezer_helper                | [DEEZER] get_artist_top id=12304508 -> 0 results
2026-08-05 14:18:33,207 | INFO     | __main__                     | Same artist tracks for Ali Zandevakili (ID: 12304508): 0 found
2026-08-05 14:18:33,208 | INFO     | __main__                     | Same artist tracks found: 0
2026-08-05 14:18:33,209 | INFO     | __main__                     | Different artist tracks found: 1
2026-08-05 14:18:33,210 | INFO     | __main__                     | Total similar tracks: 1
2026-08-05 14:18:33,211 | INFO     | feature_cache                | [CACHE] Looking up features for track ID: 770547192
2026-08-05 14:18:33,219 | INFO     | feature_cache                | [CACHE] Cache MISS for track ID: 770547192
2026-08-05 14:18:33,222 | INFO     | __main__                     | Analyzing track: Ali Zand Vakili - Jadeh Shab (fast=True)
2026-08-05 14:18:33,751 | INFO     | musicbrainz_client           | No MusicBrainz recording found for Ali Zand Vakili - Jadeh Shab
2026-08-05 14:18:33,753 | INFO     | __main__                     | Analysis results for Ali Zand Vakili - Jadeh Shab:
2026-08-05 14:18:33,753 | INFO     | __main__                     |   Audio features: SKIPPED
2026-08-05 14:18:33,754 | INFO     | __main__                     |   MusicBrainz: NOT FOUND
2026-08-05 14:18:33,755 | INFO     | __main__                     |   AcousticBrainz: NOT FOUND
2026-08-05 14:18:33,756 | WARNING  | __main__                     | [FLOW] candidate analysis failed for Ali Zand Vakili - Jadeh Shab: 'NoneType' object has no attribute 'get'
2026-08-05 14:18:33,757 | INFO     | __main__                     | [FLOW] candidate features ready: 0/1
2026-08-05 14:18:33,758 | INFO     | __main__                     | Similarity calc: target_audio=YES, target_acoustic=NO, candidates=1
2026-08-05 14:18:33,759 | INFO     | __main__                     | Similarity scores: [('Jadeh Shab', 0.0)]
2026-08-05 14:18:33,760 | INFO     | __main__                     | Building features - target_audio: YES, genres: []
2026-08-05 14:18:33,761 | INFO     | __main__                     | [GENRE] Deezer genres empty for Ali Zandevakili - Lalaei
2026-08-05 14:18:34,044 | INFO     | lastfm_client                | Last.fm artist tags for Ali Zandevakili: ['Persian', 'iran', 'Iranian']
2026-08-05 14:18:50,538 | INFO     | deezer_helper                | [DEEZER] search query='Passionfruit Drake' limit=5
2026-08-05 14:18:51,346 | INFO     | deezer_helper                | [DEEZER] search query='Passionfruit Drake' -> 5 results
2026-08-05 14:18:53,245 | INFO     | __main__                     | Callback received: chat_id=240082844, data=pick_original
2026-08-05 14:18:53,679 | INFO     | deezer_helper                | [DEEZER] search query='Passionfruit Drake' limit=10
2026-08-05 14:18:54,021 | INFO     | deezer_helper                | [DEEZER] search query='Passionfruit Drake' -> 10 results
2026-08-05 14:18:54,022 | INFO     | deezer_helper                | [DEEZER] get_track id=144572210
2026-08-05 14:18:54,597 | INFO     | deezer_helper                | [DEEZER] get_track id=144572210 -> Drake - Passionfruit (genres=[])
2026-08-05 14:18:54,598 | INFO     | __main__                     | Fetched full track: Drake - Passionfruit (genres: [], artist_id: 246791)
2026-08-05 14:18:54,599 | INFO     | deezer_helper                | [DEEZER] search query='Drake' limit=10
2026-08-05 14:18:54,931 | INFO     | deezer_helper                | [DEEZER] search query='Drake' -> 10 results
2026-08-05 14:18:54,932 | INFO     | __main__                     | Search 'Drake': found 10 tracks, best ID=246791 (count=7)
2026-08-05 14:18:55,166 | INFO     | feature_cache                | [CACHE] Looking up features for track ID: 144572210
2026-08-05 14:18:55,173 | INFO     | feature_cache                | [CACHE] Cache MISS for track ID: 144572210
2026-08-05 14:18:55,176 | INFO     | __main__                     | Analyzing track: Drake - Passionfruit (fast=False)
2026-08-05 14:18:55,177 | INFO     | audio_analyzer               | Downloading preview: https://cdnt-preview.dzcdn.net/api/1/1/e/b/d/0/ebd770a4b7ecbfbc98bc19a96e39f048.mp3?hdnea=exp=1785927834~acl=/api/1/1/e/b/d/0/ebd770a4b7ecbfbc98bc19a96e39f048.mp3*~data=user_id=0,application_id=42~hmac=8922d98376ebb37486b9687c50fd54d50b7cb14afafd489afedf8464b2e9d9bc
2026-08-05 14:18:56,537 | INFO     | audio_analyzer               | Downloaded 479827 bytes
2026-08-05 14:18:56,539 | INFO     | audio_analyzer               | Running librosa analysis...
2026-08-05 14:18:56,541 | INFO     | audio_analyzer               | [LIBROSA] Starting feature extraction...
2026-08-05 14:18:56,546 | INFO     | audio_analyzer               | [LIBROSA] Temp file created: C:\Users\Saeid\AppData\Local\Temp\tmpb2mlpb99.mp3 (479827 bytes)
2026-08-05 14:18:56,547 | INFO     | audio_analyzer               | [LIBROSA] Loading audio file...
2026-08-05 14:18:56,672 | INFO     | audio_analyzer               | [LIBROSA] Audio loaded: 30.0 seconds, 22050 Hz sample rate
2026-08-05 14:18:56,672 | INFO     | audio_analyzer               | [LIBROSA] Extracting BPM...
2026-08-05 14:18:56,770 | INFO     | audio_analyzer               | [LIBROSA] BPM: 112.3
2026-08-05 14:18:56,770 | INFO     | audio_analyzer               | [LIBROSA] Extracting MFCCs (timbre)...
2026-08-05 14:18:56,823 | INFO     | audio_analyzer               | [LIBROSA] MFCCs extracted: 13 coefficients
2026-08-05 14:18:56,823 | INFO     | audio_analyzer               | [LIBROSA] Extracting chroma (harmonics)...
2026-08-05 14:18:56,928 | INFO     | audio_analyzer               | [LIBROSA] Chroma extracted: 12 pitch classes
2026-08-05 14:18:56,928 | INFO     | audio_analyzer               | [LIBROSA] Extracting spectral features...
2026-08-05 14:18:57,011 | INFO     | musicbrainz_client           | Found MusicBrainz ID: 8eccc484-bba1-4ca0-8600-41c8be9976a9 for Drake - Passionfruit
2026-08-05 14:18:57,248 | INFO     | audio_analyzer               | [LIBROSA] Spectral: centroid=884.2, rolloff=1665.3, bandwidth=1455.6
2026-08-05 14:18:57,249 | INFO     | audio_analyzer               | [LIBROSA] Extracting energy (RMS)...
2026-08-05 14:18:57,257 | INFO     | audio_analyzer               | [LIBROSA] Energy: mean=0.1745, var=0.0103
2026-08-05 14:18:57,258 | INFO     | audio_analyzer               | [LIBROSA] Extracting onset rate...
2026-08-05 14:18:57,310 | INFO     | audio_analyzer               | [LIBROSA] Onset rate: 1.5722
2026-08-05 14:18:57,341 | INFO     | audio_analyzer               | [LIBROSA] Inferring musical key...
2026-08-05 14:18:57,341 | INFO     | audio_analyzer               | [LIBROSA] Key: B
2026-08-05 14:18:57,341 | INFO     | audio_analyzer               | [LIBROSA] Inferring scale (major/minor)...
2026-08-05 14:18:57,342 | INFO     | audio_analyzer               | [LIBROSA] Scale: major (major=-0.11, minor=-0.41)
2026-08-05 14:18:57,342 | INFO     | audio_analyzer               | Analyzed audio: BPM=112.3, RMS=0.174
2026-08-05 14:18:57,535 | INFO     | __main__                     | Analysis results for Drake - Passionfruit:
2026-08-05 14:18:57,535 | INFO     | __main__                     |   Audio features: OK
2026-08-05 14:18:57,536 | INFO     | __main__                     |   MusicBrainz: OK
2026-08-05 14:18:57,536 | INFO     | __main__                     |   AcousticBrainz: NOT FOUND
2026-08-05 14:18:57,537 | INFO     | __main__                     |   Last.fm tags: 5
2026-08-05 14:18:57,537 | INFO     | feature_cache                | [CACHE] Saving features for: Drake - Passionfruit (ID: 144572210)
2026-08-05 14:18:57,538 | INFO     | feature_cache                | [CACHE] Audio features: BPM=112.3, Energy=0.1745, MFCCs=13 coefficients
2026-08-05 14:18:57,538 | INFO     | feature_cache                | [CACHE] AcousticBrainz: NONE
2026-08-05 14:18:57,539 | INFO     | feature_cache                | [CACHE] MusicBrainz ID: 8eccc484-bba1-4ca0-8600-41c8be9976a9
2026-08-05 14:18:57,539 | INFO     | feature_cache                | [CACHE] Last.fm tags: rnb, tropical house, 2017, House, dance
2026-08-05 14:18:57,552 | INFO     | feature_cache                | [CACHE] ✓ Saved successfully for: Drake - Passionfruit
2026-08-05 14:18:57,575 | INFO     | feature_cache                | Exported 111 tracks to cached_songs.json
2026-08-05 14:18:57,576 | INFO     | __main__                     | [FLOW] main track analyzed: audio=True acoustic=False
2026-08-05 14:18:57,947 | INFO     | lastfm_client                | Last.fm found 10 similar tracks for Drake - Passionfruit
2026-08-05 14:18:57,948 | INFO     | __main__                     | [FLOW] Last.fm similar for Passionfruit: 10 found
2026-08-05 14:18:57,949 | INFO     | deezer_helper                | [DEEZER] search query='Blem Drake' limit=1
2026-08-05 14:18:58,216 | INFO     | deezer_helper                | [DEEZER] search query='Blem Drake' -> 1 results
2026-08-05 14:18:58,217 | INFO     | deezer_helper                | [DEEZER] search query='Sky Walker (feat. Travis Scott) Miguel' limit=1
2026-08-05 14:18:58,544 | INFO     | deezer_helper                | [DEEZER] search query='Sky Walker (feat. Travis Scott) Miguel' -> 1 results
2026-08-05 14:18:58,545 | INFO     | deezer_helper                | [DEEZER] search query='Teenage Fever Drake' limit=1
2026-08-05 14:18:58,778 | INFO     | deezer_helper                | [DEEZER] search query='Teenage Fever Drake' -> 1 results
2026-08-05 14:18:58,779 | INFO     | deezer_helper                | [DEEZER] search query='Pink + White Frank Ocean' limit=1
2026-08-05 14:18:59,022 | INFO     | deezer_helper                | [DEEZER] search query='Pink + White Frank Ocean' -> 1 results
2026-08-05 14:18:59,023 | INFO     | deezer_helper                | [DEEZER] search query='Break from Toronto PARTYNEXTDOOR' limit=1
2026-08-05 14:18:59,286 | INFO     | deezer_helper                | [DEEZER] search query='Break from Toronto PARTYNEXTDOOR' -> 1 results
2026-08-05 14:18:59,287 | INFO     | deezer_helper                | [DEEZER] search query='Thinkin Bout You Frank Ocean' limit=1
2026-08-05 14:18:59,519 | INFO     | deezer_helper                | [DEEZER] search query='Thinkin Bout You Frank Ocean' -> 1 results
2026-08-05 14:18:59,520 | INFO     | deezer_helper                | [DEEZER] search query="Don't Bryson Tiller" limit=1
2026-08-05 14:18:59,767 | INFO     | deezer_helper                | [DEEZER] search query="Don't Bryson Tiller" -> 1 results
2026-08-05 14:18:59,767 | INFO     | deezer_helper                | [DEEZER] search query='No Role Modelz J. Cole' limit=1
2026-08-05 14:19:00,124 | INFO     | deezer_helper                | [DEEZER] search query='No Role Modelz J. Cole' -> 1 results
2026-08-05 14:19:00,124 | INFO     | deezer_helper                | [DEEZER] get_similar id=144572210 limit=20
2026-08-05 14:19:00,352 | INFO     | deezer_helper                | [DEEZER] get_track id=144572210
2026-08-05 14:19:00,825 | INFO     | deezer_helper                | [DEEZER] get_track id=144572210 -> Drake - Passionfruit (genres=[])
2026-08-05 14:19:00,826 | INFO     | deezer_helper                | [DEEZER] get_artist_top id=246791 limit=20
2026-08-05 14:19:01,151 | INFO     | deezer_helper                | [DEEZER] get_artist_top id=246791 -> 20 results
2026-08-05 14:19:01,152 | INFO     | deezer_helper                | [DEEZER] get_similar id=144572210 -> 20 results (artist_top)
2026-08-05 14:19:01,153 | INFO     | __main__                     | [FLOW] Deezer radio for Passionfruit: found 20 tracks
2026-08-05 14:19:01,154 | INFO     | deezer_helper                | [DEEZER] get_artist_top id=246791 limit=10
2026-08-05 14:19:01,491 | INFO     | deezer_helper                | [DEEZER] get_artist_top id=246791 -> 10 results
2026-08-05 14:19:01,492 | INFO     | __main__                     | Same artist tracks for Drake (ID: 246791): 10 found
2026-08-05 14:19:01,493 | INFO     | __main__                     |   Added same artist: Drake - Janice STFU
2026-08-05 14:19:01,494 | INFO     | __main__                     |   Added same artist: Drake - One Dance
2026-08-05 14:19:01,495 | INFO     | __main__                     |   Added same artist: Drake - Plot Twist
2026-08-05 14:19:01,496 | INFO     | __main__                     |   Added same artist: Drake - National Treasures
2026-08-05 14:19:01,497 | INFO     | __main__                     |   Added same artist: Drake - Fair Trade
2026-08-05 14:19:01,498 | INFO     | __main__                     |   Added same artist: Drake - God's Plan
2026-08-05 14:19:01,498 | INFO     | __main__                     |   Added same artist: Drake - Headlines (Explicit Version)
2026-08-05 14:19:01,499 | INFO     | __main__                     |   Added same artist: Drake - Hotline Bling
2026-08-05 14:19:01,500 | INFO     | __main__                     |   Added same artist: Drake - Which One
2026-08-05 14:19:01,501 | INFO     | __main__                     | Same artist tracks found: 9
2026-08-05 14:19:01,502 | INFO     | __main__                     | Different artist tracks found: 8
2026-08-05 14:19:01,503 | INFO     | __main__                     | Total similar tracks: 6
2026-08-05 14:19:01,504 | INFO     | feature_cache                | [CACHE] Looking up features for track ID: 4022917771
2026-08-05 14:19:01,507 | INFO     | feature_cache                | [CACHE] Looking up features for track ID: 124603270
2026-08-05 14:19:01,509 | INFO     | feature_cache                | [CACHE] Looking up features for track ID: 4022917851
2026-08-05 14:19:01,516 | INFO     | feature_cache                | [CACHE] Cache MISS for track ID: 4022917771
2026-08-05 14:19:01,520 | INFO     | feature_cache                | [CACHE] Cache MISS for track ID: 124603270
2026-08-05 14:19:01,522 | INFO     | feature_cache                | [CACHE] Cache MISS for track ID: 4022917851
2026-08-05 14:19:01,523 | INFO     | __main__                     | Analyzing track: Drake - Janice STFU (fast=True)
2026-08-05 14:19:01,525 | INFO     | __main__                     | Analyzing track: Drake - One Dance (fast=True)
2026-08-05 14:19:01,527 | INFO     | __main__                     | Analyzing track: Drake - Plot Twist (fast=True)
2026-08-05 14:19:01,750 | INFO     | musicbrainz_client           | Found MusicBrainz ID: e9114896-a5bb-464d-8231-245ccf66ba03 for Drake - Janice STFU
2026-08-05 14:19:02,104 | INFO     | __main__                     | Analysis results for Drake - Janice STFU:
2026-08-05 14:19:02,105 | INFO     | __main__                     |   Audio features: SKIPPED
2026-08-05 14:19:02,105 | INFO     | __main__                     |   MusicBrainz: OK
2026-08-05 14:19:02,106 | INFO     | __main__                     |   AcousticBrainz: NOT FOUND
2026-08-05 14:19:02,107 | WARNING  | __main__                     | [FLOW] candidate analysis failed for Drake - Janice STFU: 'NoneType' object has no attribute 'get'
2026-08-05 14:19:02,108 | INFO     | feature_cache                | [CACHE] Looking up features for track ID: 434211382
2026-08-05 14:19:02,115 | INFO     | feature_cache                | [CACHE] Cache MISS for track ID: 434211382
2026-08-05 14:19:02,119 | INFO     | __main__                     | Analyzing track: Miguel - Sky Walker (feat. Travis Scott) (fast=True)
2026-08-05 14:19:02,923 | INFO     | musicbrainz_client           | Found MusicBrainz ID: 9180a484-08fe-4e37-b756-defa8e4132d6 for Drake - One Dance
2026-08-05 14:19:03,232 | INFO     | __main__                     | Analysis results for Drake - One Dance:
2026-08-05 14:19:03,232 | INFO     | __main__                     |   Audio features: SKIPPED
2026-08-05 14:19:03,233 | INFO     | __main__                     |   MusicBrainz: OK
2026-08-05 14:19:03,233 | INFO     | __main__                     |   AcousticBrainz: NOT FOUND
2026-08-05 14:19:03,234 | WARNING  | __main__                     | [FLOW] candidate analysis failed for Drake - One Dance: 'NoneType' object has no attribute 'get'
2026-08-05 14:19:03,234 | INFO     | feature_cache                | [CACHE] Looking up features for track ID: 717273862
2026-08-05 14:19:03,238 | INFO     | feature_cache                | [CACHE] Cache MISS for track ID: 717273862
2026-08-05 14:19:03,241 | INFO     | __main__                     | Analyzing track: Frank Ocean - Pink + White (fast=True)
2026-08-05 14:19:03,479 | INFO     | musicbrainz_client           | No MusicBrainz recording found for Miguel - Sky Walker (feat. Travis Scott)
2026-08-05 14:19:03,480 | INFO     | __main__                     | Analysis results for Miguel - Sky Walker (feat. Travis Scott):
2026-08-05 14:19:03,480 | INFO     | __main__                     |   Audio features: SKIPPED
2026-08-05 14:19:03,480 | INFO     | __main__                     |   MusicBrainz: NOT FOUND
2026-08-05 14:19:03,481 | INFO     | __main__                     |   AcousticBrainz: NOT FOUND
2026-08-05 14:19:03,481 | WARNING  | __main__                     | [FLOW] candidate analysis failed for Miguel - Sky Walker (feat. Travis Scott): 'NoneType' object has no attribute 'get'
2026-08-05 14:19:03,482 | INFO     | feature_cache                | [CACHE] Looking up features for track ID: 2349426035
2026-08-05 14:19:03,486 | INFO     | feature_cache                | [CACHE] Cache MISS for track ID: 2349426035
2026-08-05 14:19:03,488 | INFO     | __main__                     | Analyzing track: PARTYNEXTDOOR - Break from Toronto (fast=True)
2026-08-05 14:19:03,763 | INFO     | musicbrainz_client           | Found MusicBrainz ID: 6caa8fde-9af0-4a15-b477-01ee92a0a7a4 for PARTYNEXTDOOR - Break from Toronto
2026-08-05 14:19:03,772 | INFO     | musicbrainz_client           | Found MusicBrainz ID: d90934be-302a-4e0d-a1dd-b94df3421f33 for Frank Ocean - Pink + White
2026-08-05 14:19:03,783 | INFO     | musicbrainz_client           | Found MusicBrainz ID: a128c274-5ccd-4a49-b83f-e0b580136f82 for Drake - Plot Twist
2026-08-05 14:19:04,103 | INFO     | __main__                     | Analysis results for PARTYNEXTDOOR - Break from Toronto:
2026-08-05 14:19:04,103 | INFO     | __main__                     |   Audio features: SKIPPED
2026-08-05 14:19:04,104 | INFO     | __main__                     |   MusicBrainz: OK
2026-08-05 14:19:04,104 | INFO     | __main__                     |   AcousticBrainz: NOT FOUND
2026-08-05 14:19:04,105 | WARNING  | __main__                     | [FLOW] candidate analysis failed for PARTYNEXTDOOR - Break from Toronto: 'NoneType' object has no attribute 'get'
2026-08-05 14:19:04,292 | INFO     | __main__                     | Analysis results for Drake - Plot Twist:
2026-08-05 14:19:04,293 | INFO     | __main__                     |   Audio features: SKIPPED
2026-08-05 14:19:04,294 | INFO     | __main__                     |   MusicBrainz: OK
2026-08-05 14:19:04,295 | INFO     | __main__                     |   AcousticBrainz: NOT FOUND
2026-08-05 14:19:04,296 | WARNING  | __main__                     | [FLOW] candidate analysis failed for Drake - Plot Twist: 'NoneType' object has no attribute 'get'
2026-08-05 14:19:04,573 | INFO     | __main__                     | Analysis results for Frank Ocean - Pink + White:
2026-08-05 14:19:04,574 | INFO     | __main__                     |   Audio features: SKIPPED
2026-08-05 14:19:04,576 | INFO     | __main__                     |   MusicBrainz: OK
2026-08-05 14:19:04,577 | INFO     | __main__                     |   AcousticBrainz: NOT FOUND
2026-08-05 14:19:04,577 | WARNING  | __main__                     | [FLOW] candidate analysis failed for Frank Ocean - Pink + White: 'NoneType' object has no attribute 'get'
2026-08-05 14:19:04,578 | INFO     | __main__                     | [FLOW] candidate features ready: 0/6
2026-08-05 14:19:04,580 | INFO     | __main__                     | Similarity calc: target_audio=YES, target_acoustic=NO, candidates=6
2026-08-05 14:19:04,581 | INFO     | __main__                     | Similarity scores: [('Sky Walker (feat. Travis Scott)', 0.338104), ('Pink + White', 0.0553956), ('Break from Toronto', 0.052418)]
2026-08-05 14:19:04,582 | INFO     | __main__                     | Building features - target_audio: YES, genres: []
2026-08-05 14:19:04,582 | INFO     | __main__                     | [GENRE] Deezer genres empty for Drake - Passionfruit
2026-08-05 14:19:04,867 | INFO     | lastfm_client                | Last.fm artist tags for Drake: ['Hip-Hop', 'rap', 'rnb', 'hip hop', 'Canadian']
2026-08-05 14:19:04,868 | INFO     | __main__                     | [GENRE] Last.fm genre for Drake: rap
2026-08-05 14:20:15,281 | INFO     | deezer_helper                | [DEEZER] search query='Dashi Shahin Najafi & Erfan' limit=5
2026-08-05 14:20:16,081 | INFO     | deezer_helper                | [DEEZER] search query='Dashi Shahin Najafi & Erfan' -> 1 results
2026-08-05 14:20:23,066 | INFO     | __main__                     | Callback received: chat_id=240082844, data=pick_original
2026-08-05 14:20:23,703 | INFO     | deezer_helper                | [DEEZER] search query='Dashi Shahin Najafi & Erfan' limit=10
2026-08-05 14:20:23,967 | INFO     | deezer_helper                | [DEEZER] search query='Dashi Shahin Najafi & Erfan' -> 1 results
2026-08-05 14:20:23,968 | INFO     | deezer_helper                | [DEEZER] get_track id=4180641782
2026-08-05 14:20:24,620 | INFO     | deezer_helper                | [DEEZER] get_track id=4180641782 -> Shahin Najafi - Dashi (genres=[])
2026-08-05 14:20:24,621 | INFO     | __main__                     | Fetched full track: Shahin Najafi - Dashi (genres: [], artist_id: 504417)
2026-08-05 14:20:24,622 | INFO     | deezer_helper                | [DEEZER] search query='Shahin Najafi' limit=10
2026-08-05 14:20:24,952 | INFO     | deezer_helper                | [DEEZER] search query='Shahin Najafi' -> 10 results
2026-08-05 14:20:24,953 | INFO     | __main__                     | Search 'Shahin Najafi': found 10 tracks, best ID=504417 (count=9)
2026-08-05 14:20:25,156 | INFO     | feature_cache                | [CACHE] Looking up features for track ID: 4180641782
2026-08-05 14:20:25,163 | INFO     | feature_cache                | [CACHE] Cache MISS for track ID: 4180641782
2026-08-05 14:20:25,166 | INFO     | __main__                     | Analyzing track: Shahin Najafi - Dashi (fast=False)
2026-08-05 14:20:25,167 | INFO     | audio_analyzer               | Downloading preview: https://cdnt-preview.dzcdn.net/api/1/1/b/c/3/0/bc3e6fa32ddcd130394d3783a9e51ea9.mp3?hdnea=exp=1785927924~acl=/api/1/1/b/c/3/0/bc3e6fa32ddcd130394d3783a9e51ea9.mp3*~data=user_id=0,application_id=42~hmac=f50a0af450b95db7a46a99247b4032854c6b1cff1d0a05428b0e36c0c2c60c76
2026-08-05 14:20:26,365 | INFO     | musicbrainz_client           | No MusicBrainz recording found for Shahin Najafi - Dashi
2026-08-05 14:20:26,708 | INFO     | audio_analyzer               | Downloaded 479827 bytes
2026-08-05 14:20:26,710 | INFO     | audio_analyzer               | Running librosa analysis...
2026-08-05 14:20:26,711 | INFO     | audio_analyzer               | [LIBROSA] Starting feature extraction...
2026-08-05 14:20:26,714 | INFO     | audio_analyzer               | [LIBROSA] Temp file created: C:\Users\Saeid\AppData\Local\Temp\tmpq2evorfx.mp3 (479827 bytes)
2026-08-05 14:20:26,714 | INFO     | audio_analyzer               | [LIBROSA] Loading audio file...
2026-08-05 14:20:26,825 | INFO     | audio_analyzer               | [LIBROSA] Audio loaded: 30.0 seconds, 22050 Hz sample rate
2026-08-05 14:20:26,826 | INFO     | audio_analyzer               | [LIBROSA] Extracting BPM...
2026-08-05 14:20:26,924 | INFO     | audio_analyzer               | [LIBROSA] BPM: 95.7
2026-08-05 14:20:26,924 | INFO     | audio_analyzer               | [LIBROSA] Extracting MFCCs (timbre)...
2026-08-05 14:20:26,974 | INFO     | audio_analyzer               | [LIBROSA] MFCCs extracted: 13 coefficients
2026-08-05 14:20:26,975 | INFO     | audio_analyzer               | [LIBROSA] Extracting chroma (harmonics)...
2026-08-05 14:20:27,074 | INFO     | audio_analyzer               | [LIBROSA] Chroma extracted: 12 pitch classes
2026-08-05 14:20:27,074 | INFO     | audio_analyzer               | [LIBROSA] Extracting spectral features...
2026-08-05 14:20:27,375 | INFO     | audio_analyzer               | [LIBROSA] Spectral: centroid=2180.5, rolloff=4627.7, bandwidth=2398.6
2026-08-05 14:20:27,376 | INFO     | audio_analyzer               | [LIBROSA] Extracting energy (RMS)...
2026-08-05 14:20:27,385 | INFO     | audio_analyzer               | [LIBROSA] Energy: mean=0.2496, var=0.0135
2026-08-05 14:20:27,385 | INFO     | audio_analyzer               | [LIBROSA] Extracting onset rate...
2026-08-05 14:20:27,435 | INFO     | audio_analyzer               | [LIBROSA] Onset rate: 2.1292
2026-08-05 14:20:27,465 | INFO     | audio_analyzer               | [LIBROSA] Inferring musical key...
2026-08-05 14:20:27,466 | INFO     | audio_analyzer               | [LIBROSA] Key: G#
2026-08-05 14:20:27,466 | INFO     | audio_analyzer               | [LIBROSA] Inferring scale (major/minor)...
2026-08-05 14:20:27,466 | INFO     | audio_analyzer               | [LIBROSA] Scale: minor (major=-0.12, minor=0.44)
2026-08-05 14:20:27,467 | INFO     | audio_analyzer               | Analyzed audio: BPM=95.7, RMS=0.250
2026-08-05 14:20:27,467 | INFO     | __main__                     | Analysis results for Shahin Najafi - Dashi:
2026-08-05 14:20:27,468 | INFO     | __main__                     |   Audio features: OK
2026-08-05 14:20:27,468 | INFO     | __main__                     |   MusicBrainz: NOT FOUND
2026-08-05 14:20:27,468 | INFO     | __main__                     |   AcousticBrainz: NOT FOUND
2026-08-05 14:20:27,469 | INFO     | __main__                     |   Last.fm tags: 0
2026-08-05 14:20:27,469 | INFO     | feature_cache                | [CACHE] Saving features for: Shahin Najafi - Dashi (ID: 4180641782)
2026-08-05 14:20:27,470 | INFO     | feature_cache                | [CACHE] Audio features: BPM=95.7, Energy=0.2496, MFCCs=13 coefficients
2026-08-05 14:20:27,470 | INFO     | feature_cache                | [CACHE] AcousticBrainz: NONE
2026-08-05 14:20:27,470 | INFO     | feature_cache                | [CACHE] MusicBrainz ID: NONE
2026-08-05 14:20:27,470 | INFO     | feature_cache                | [CACHE] Last.fm tags: NONE
2026-08-05 14:20:27,478 | INFO     | feature_cache                | [CACHE] ✓ Saved successfully for: Shahin Najafi - Dashi
2026-08-05 14:20:27,489 | INFO     | feature_cache                | Exported 112 tracks to cached_songs.json
2026-08-05 14:20:27,490 | INFO     | __main__                     | [FLOW] main track analyzed: audio=True acoustic=False
2026-08-05 14:20:27,932 | INFO     | lastfm_client                | Last.fm found 0 similar tracks for Shahin Najafi - Dashi
2026-08-05 14:20:27,933 | INFO     | __main__                     | [FLOW] Last.fm similar for Dashi: 0 found
2026-08-05 14:20:27,934 | INFO     | deezer_helper                | [DEEZER] get_similar id=4180641782 limit=20
2026-08-05 14:20:28,206 | INFO     | deezer_helper                | [DEEZER] get_track id=4180641782
2026-08-05 14:20:28,781 | INFO     | deezer_helper                | [DEEZER] get_track id=4180641782 -> Shahin Najafi - Dashi (genres=[])
2026-08-05 14:20:28,782 | INFO     | deezer_helper                | [DEEZER] get_artist_top id=504417 limit=20
2026-08-05 14:20:29,045 | INFO     | deezer_helper                | [DEEZER] get_artist_top id=504417 -> 0 results
2026-08-05 14:20:29,046 | INFO     | deezer_helper                | [DEEZER] search query='Shahin Najafi' limit=25
2026-08-05 14:20:29,470 | INFO     | deezer_helper                | [DEEZER] search query='Shahin Najafi' -> 25 results
2026-08-05 14:20:29,471 | INFO     | deezer_helper                | [DEEZER] get_similar id=4180641782 -> 20 results (artist_search)
2026-08-05 14:20:29,472 | INFO     | __main__                     | [FLOW] Deezer radio for Dashi: found 20 tracks
2026-08-05 14:20:29,473 | INFO     | deezer_helper                | [DEEZER] get_artist_top id=504417 limit=10
2026-08-05 14:20:29,849 | INFO     | deezer_helper                | [DEEZER] get_artist_top id=504417 -> 0 results
2026-08-05 14:20:29,850 | INFO     | __main__                     | Same artist tracks for Shahin Najafi (ID: 504417): 0 found
2026-08-05 14:20:29,851 | INFO     | __main__                     | Same artist tracks found: 0
2026-08-05 14:20:29,851 | INFO     | __main__                     | Different artist tracks found: 2
2026-08-05 14:20:29,852 | INFO     | __main__                     | Total similar tracks: 2
2026-08-05 14:20:29,853 | INFO     | feature_cache                | [CACHE] Looking up features for track ID: 3454225331
2026-08-05 14:20:29,856 | INFO     | feature_cache                | [CACHE] Looking up features for track ID: 3768522782
2026-08-05 14:20:29,860 | INFO     | feature_cache                | [CACHE] Cache MISS for track ID: 3454225331
2026-08-05 14:20:29,863 | INFO     | feature_cache                | [CACHE] Cache MISS for track ID: 3768522782
2026-08-05 14:20:29,865 | INFO     | __main__                     | Analyzing track: Erfan - Mastam Baat (fast=True)
2026-08-05 14:20:29,869 | INFO     | __main__                     | Analyzing track: The Shah - Janga (fast=True)
2026-08-05 14:20:30,076 | INFO     | musicbrainz_client           | No MusicBrainz recording found for Erfan - Mastam Baat
2026-08-05 14:20:30,077 | INFO     | __main__                     | Analysis results for Erfan - Mastam Baat:
2026-08-05 14:20:30,077 | INFO     | __main__                     |   Audio features: SKIPPED
2026-08-05 14:20:30,078 | INFO     | __main__                     |   MusicBrainz: NOT FOUND
2026-08-05 14:20:30,078 | INFO     | __main__                     |   AcousticBrainz: NOT FOUND
2026-08-05 14:20:30,079 | WARNING  | __main__                     | [FLOW] candidate analysis failed for Erfan - Mastam Baat: 'NoneType' object has no attribute 'get'
2026-08-05 14:20:31,240 | INFO     | musicbrainz_client           | No MusicBrainz recording found for The Shah - Janga
2026-08-05 14:20:31,241 | INFO     | __main__                     | Analysis results for The Shah - Janga:
2026-08-05 14:20:31,242 | INFO     | __main__                     |   Audio features: SKIPPED
2026-08-05 14:20:31,242 | INFO     | __main__                     |   MusicBrainz: NOT FOUND
2026-08-05 14:20:31,243 | INFO     | __main__                     |   AcousticBrainz: NOT FOUND
2026-08-05 14:20:31,244 | WARNING  | __main__                     | [FLOW] candidate analysis failed for The Shah - Janga: 'NoneType' object has no attribute 'get'
2026-08-05 14:20:31,245 | INFO     | __main__                     | [FLOW] candidate features ready: 0/2
2026-08-05 14:20:31,246 | INFO     | __main__                     | Similarity calc: target_audio=YES, target_acoustic=NO, candidates=2
2026-08-05 14:20:31,247 | INFO     | __main__                     | Similarity scores: [('Mastam Baat', 0.0), ('Janga', 0.0)]
2026-08-05 14:20:31,247 | INFO     | __main__                     | Building features - target_audio: YES, genres: []
2026-08-05 14:32:21,630 | INFO     | bot                          | Loaded Persian genre database: 203 artists
2026-08-05 14:32:21,673 | INFO     | user_prefs                   | [USER_DB] init_db: tables created; PATH=C:\Users\Saeid\AppData\Local\Temp\tmp5dbgj88p\t.db
2026-08-05 14:32:21,673 | INFO     | bot                          | Callback received: chat_id=999, data=lang_fa
2026-08-05 14:32:21,679 | INFO     | user_prefs                   | [USER_DB] set_user_language user=240082844 lang=fa
2026-08-05 14:32:21,680 | WARNING  | bot                          | keyboard refresh failed: cannot access local variable 'msg' where it is not associated with a value
2026-08-05 14:32:21,683 | INFO     | bot                          | [STEP 1] User 240082844: Received text: 🔍 Search...
2026-08-05 14:32:21,683 | INFO     | bot                          | [STEP 1] User 240082844: Received text: 📋 لیست من...
2026-08-05 14:32:21,686 | INFO     | user_prefs                   | [PLAYLIST_DB] get_user_playlist user=240082844 -> 0 rows
2026-08-05 14:32:21,687 | INFO     | user_prefs                   | [PLAYLIST_DB] get_user_taste_profile user=240082844
2026-08-05 14:32:21,691 | INFO     | user_prefs                   | [PLAYLIST_DB] taste_profile user=240082844 -> total=0 recognized=0 tracks=0 bpm=0.0 energy=0.00 valence=0.00 genres=[] langs=[]
2026-08-05 14:32:21,692 | INFO     | bot                          | [STEP 1] User 240082844: Received text: ➕ Add to Playlist...
2026-08-05 14:32:21,692 | INFO     | bot                          | [STEP 2] User 240082844: Entering playlist mode
2026-08-05 14:36:09,531 | INFO     | __main__                     | Loaded Persian genre database: 203 artists
2026-08-05 14:36:09,818 | INFO     | __main__                     | Music Suggest Bot v3 starting...
2026-08-05 14:36:11,808 | INFO     | user_prefs                   | [USER_DB] init_db: tables created; PATH=user_prefs.db
2026-08-05 14:36:11,814 | INFO     | feature_cache                | Feature cache initialized
2026-08-05 14:36:12,405 | INFO     | __main__                     | Bot initialized: Last.fm=OK
2026-08-05 14:36:12,897 | INFO     | telegram.ext.Application     | Application started
2026-08-05 14:36:40,256 | INFO     | __main__                     | [STEP 1] User 240082844: Received text: 🔍 Search...
2026-08-05 14:36:53,259 | INFO     | deezer_helper                | [DEEZER] search query='Dashi Shahin Najafi & Erfan' limit=5
2026-08-05 14:36:53,767 | INFO     | deezer_helper                | [DEEZER] search query='Dashi Shahin Najafi & Erfan' -> 1 results
2026-08-05 14:36:59,100 | INFO     | __main__                     | Callback received: chat_id=240082844, data=pick_original
2026-08-05 14:36:59,653 | INFO     | deezer_helper                | [DEEZER] search query='Dashi Shahin Najafi & Erfan' limit=10
2026-08-05 14:36:59,905 | INFO     | deezer_helper                | [DEEZER] search query='Dashi Shahin Najafi & Erfan' -> 1 results
2026-08-05 14:36:59,906 | INFO     | deezer_helper                | [DEEZER] get_track id=4180641782
2026-08-05 14:37:00,399 | INFO     | deezer_helper                | [DEEZER] get_track id=4180641782 -> Shahin Najafi - Dashi (genres=[])
2026-08-05 14:37:00,400 | INFO     | __main__                     | Fetched full track: Shahin Najafi - Dashi (genres: [], artist_id: 504417)
2026-08-05 14:37:00,400 | INFO     | deezer_helper                | [DEEZER] search query='Shahin Najafi' limit=10
2026-08-05 14:37:00,735 | INFO     | deezer_helper                | [DEEZER] search query='Shahin Najafi' -> 10 results
2026-08-05 14:37:00,736 | INFO     | __main__                     | Search 'Shahin Najafi': found 10 tracks, best ID=504417 (count=9)
2026-08-05 14:37:01,000 | INFO     | feature_cache                | [CACHE] Looking up features for track ID: 4180641782
2026-08-05 14:37:01,003 | INFO     | feature_cache                | [CACHE] ✓ Cache HIT for track ID: 4180641782
2026-08-05 14:37:01,003 | INFO     | feature_cache                | [CACHE]   Audio: BPM=95.7, Energy=0.2496
2026-08-05 14:37:01,006 | INFO     | __main__                     | Cache hit for: Shahin Najafi - Dashi
2026-08-05 14:37:01,006 | INFO     | __main__                     | [FLOW] main track analyzed: audio=True acoustic=False
2026-08-05 14:37:01,893 | INFO     | lastfm_client                | Last.fm found 0 similar tracks for Shahin Najafi - Dashi
2026-08-05 14:37:01,894 | INFO     | __main__                     | [FLOW] Last.fm similar for Dashi: 0 found
2026-08-05 14:37:01,894 | INFO     | deezer_helper                | [DEEZER] get_similar id=4180641782 limit=20
2026-08-05 14:37:02,183 | INFO     | deezer_helper                | [DEEZER] get_track id=4180641782
2026-08-05 14:37:02,654 | INFO     | deezer_helper                | [DEEZER] get_track id=4180641782 -> Shahin Najafi - Dashi (genres=[])
2026-08-05 14:37:02,654 | INFO     | deezer_helper                | [DEEZER] get_artist_top id=504417 limit=20
2026-08-05 14:37:02,979 | INFO     | deezer_helper                | [DEEZER] get_artist_top id=504417 -> 6 results
2026-08-05 14:37:02,980 | INFO     | deezer_helper                | [DEEZER] get_similar id=4180641782 -> 6 results (artist_top)
2026-08-05 14:37:02,981 | INFO     | __main__                     | [FLOW] Deezer radio for Dashi: found 6 tracks
2026-08-05 14:37:02,982 | INFO     | deezer_helper                | [DEEZER] get_artist_top id=504417 limit=10
2026-08-05 14:37:03,233 | INFO     | deezer_helper                | [DEEZER] get_artist_top id=504417 -> 6 results
2026-08-05 14:37:03,234 | INFO     | __main__                     | Same artist tracks for Shahin Najafi (ID: 504417): 6 found
2026-08-05 14:37:03,236 | INFO     | __main__                     |   Added same artist: Shahin Najafi - Zahraab
2026-08-05 14:37:03,236 | INFO     | __main__                     |   Added same artist: Shahin Najafi - Aram
2026-08-05 14:37:03,237 | INFO     | __main__                     |   Added same artist: Shahin Najafi - Hameh Ja Keshid
2026-08-05 14:37:03,238 | INFO     | __main__                     |   Added same artist: Shahin Najafi - Radikal
2026-08-05 14:37:03,239 | INFO     | __main__                     |   Added same artist: Shahin Najafi - Mosaddegh
2026-08-05 14:37:03,240 | INFO     | __main__                     |   Added same artist: Shahin Najafi - Aleh
2026-08-05 14:37:03,241 | INFO     | __main__                     | Same artist tracks found: 6
2026-08-05 14:37:03,242 | INFO     | __main__                     | Different artist tracks found: 0
2026-08-05 14:37:03,243 | INFO     | __main__                     | Total similar tracks: 6
2026-08-05 14:37:03,244 | INFO     | feature_cache                | [CACHE] Looking up features for track ID: 142388205
2026-08-05 14:37:03,247 | INFO     | feature_cache                | [CACHE] Looking up features for track ID: 142388213
2026-08-05 14:37:03,249 | INFO     | feature_cache                | [CACHE] Looking up features for track ID: 142388203
2026-08-05 14:37:03,255 | INFO     | feature_cache                | [CACHE] Cache MISS for track ID: 142388213
2026-08-05 14:37:03,257 | INFO     | feature_cache                | [CACHE] Cache MISS for track ID: 142388205
2026-08-05 14:37:03,260 | INFO     | feature_cache                | [CACHE] Cache MISS for track ID: 142388203
2026-08-05 14:37:03,262 | INFO     | __main__                     | Analyzing track: Shahin Najafi - Aram (fast=True)
2026-08-05 14:37:03,263 | INFO     | __main__                     | Analyzing track: Shahin Najafi - Zahraab (fast=True)
2026-08-05 14:37:03,266 | INFO     | __main__                     | Analyzing track: Shahin Najafi - Hameh Ja Keshid (fast=True)
2026-08-05 14:37:04,696 | INFO     | musicbrainz_client           | Found MusicBrainz ID: 08480073-ec8e-4afc-9130-024506ff1a3a for Shahin Najafi - Zahraab
2026-08-05 14:37:05,166 | INFO     | musicbrainz_client           | Found MusicBrainz ID: 061f4d21-ad97-4da1-bab5-aa1ba5ba7a3f for Shahin Najafi - Hameh Ja Keshid
2026-08-05 14:37:05,573 | INFO     | __main__                     | Analysis results for Shahin Najafi - Zahraab:
2026-08-05 14:37:05,575 | INFO     | __main__                     |   Audio features: SKIPPED
2026-08-05 14:37:05,576 | INFO     | __main__                     |   MusicBrainz: OK
2026-08-05 14:37:05,577 | INFO     | __main__                     |   AcousticBrainz: NOT FOUND
2026-08-05 14:37:05,578 | WARNING  | __main__                     | [FLOW] candidate analysis failed for Shahin Najafi - Zahraab: 'NoneType' object has no attribute 'get'
2026-08-05 14:37:05,579 | INFO     | feature_cache                | [CACHE] Looking up features for track ID: 142388201
2026-08-05 14:37:05,585 | INFO     | feature_cache                | [CACHE] Cache MISS for track ID: 142388201
2026-08-05 14:37:05,589 | INFO     | __main__                     | Analyzing track: Shahin Najafi - Radikal (fast=True)
2026-08-05 14:37:05,847 | INFO     | __main__                     | Analysis results for Shahin Najafi - Hameh Ja Keshid:
2026-08-05 14:37:05,848 | INFO     | __main__                     |   Audio features: SKIPPED
2026-08-05 14:37:05,849 | INFO     | __main__                     |   MusicBrainz: OK
2026-08-05 14:37:05,850 | INFO     | __main__                     |   AcousticBrainz: NOT FOUND
2026-08-05 14:37:05,850 | WARNING  | __main__                     | [FLOW] candidate analysis failed for Shahin Najafi - Hameh Ja Keshid: 'NoneType' object has no attribute 'get'
2026-08-05 14:37:05,851 | INFO     | feature_cache                | [CACHE] Looking up features for track ID: 142388211
2026-08-05 14:37:05,857 | INFO     | feature_cache                | [CACHE] Cache MISS for track ID: 142388211
2026-08-05 14:37:05,860 | INFO     | __main__                     | Analyzing track: Shahin Najafi - Mosaddegh (fast=True)
2026-08-05 14:37:13,288 | ERROR    | musicbrainz_client           | MusicBrainz search error: 
2026-08-05 14:37:13,289 | INFO     | __main__                     | Analysis results for Shahin Najafi - Aram:
2026-08-05 14:37:13,289 | INFO     | __main__                     |   Audio features: SKIPPED
2026-08-05 14:37:13,289 | INFO     | __main__                     |   MusicBrainz: NOT FOUND
2026-08-05 14:37:13,289 | INFO     | __main__                     |   AcousticBrainz: NOT FOUND
2026-08-05 14:37:13,290 | WARNING  | __main__                     | [FLOW] candidate analysis failed for Shahin Najafi - Aram: 'NoneType' object has no attribute 'get'
2026-08-05 14:37:13,290 | INFO     | feature_cache                | [CACHE] Looking up features for track ID: 142388209
2026-08-05 14:37:13,293 | INFO     | feature_cache                | [CACHE] Cache MISS for track ID: 142388209
2026-08-05 14:37:13,294 | INFO     | __main__                     | Analyzing track: Shahin Najafi - Aleh (fast=True)
2026-08-05 14:37:15,763 | INFO     | musicbrainz_client           | Found MusicBrainz ID: 0a48d9f8-446e-45e9-8204-920846ad4014 for Shahin Najafi - Aleh
2026-08-05 14:37:15,914 | INFO     | musicbrainz_client           | Found MusicBrainz ID: c5daa1ff-5990-49bd-80d9-9088b669b23d for Shahin Najafi - Mosaddegh
2026-08-05 14:37:16,173 | INFO     | musicbrainz_client           | Found MusicBrainz ID: eb6ce45d-c729-481b-af3b-bfcd0a2393ef for Shahin Najafi - Radikal
2026-08-05 14:37:16,212 | INFO     | __main__                     | Analysis results for Shahin Najafi - Mosaddegh:
2026-08-05 14:37:16,213 | INFO     | __main__                     |   Audio features: SKIPPED
2026-08-05 14:37:16,213 | INFO     | __main__                     |   MusicBrainz: OK
2026-08-05 14:37:16,213 | INFO     | __main__                     |   AcousticBrainz: NOT FOUND
2026-08-05 14:37:16,213 | WARNING  | __main__                     | [FLOW] candidate analysis failed for Shahin Najafi - Mosaddegh: 'NoneType' object has no attribute 'get'
2026-08-05 14:37:16,682 | INFO     | __main__                     | Analysis results for Shahin Najafi - Aleh:
2026-08-05 14:37:16,683 | INFO     | __main__                     |   Audio features: SKIPPED
2026-08-05 14:37:16,683 | INFO     | __main__                     |   MusicBrainz: OK
2026-08-05 14:37:16,683 | INFO     | __main__                     |   AcousticBrainz: NOT FOUND
2026-08-05 14:37:16,683 | WARNING  | __main__                     | [FLOW] candidate analysis failed for Shahin Najafi - Aleh: 'NoneType' object has no attribute 'get'
2026-08-05 14:37:17,716 | INFO     | __main__                     | Analysis results for Shahin Najafi - Radikal:
2026-08-05 14:37:17,717 | INFO     | __main__                     |   Audio features: SKIPPED
2026-08-05 14:37:17,717 | INFO     | __main__                     |   MusicBrainz: OK
2026-08-05 14:37:17,717 | INFO     | __main__                     |   AcousticBrainz: NOT FOUND
2026-08-05 14:37:17,717 | WARNING  | __main__                     | [FLOW] candidate analysis failed for Shahin Najafi - Radikal: 'NoneType' object has no attribute 'get'
2026-08-05 14:37:17,718 | INFO     | __main__                     | [FLOW] candidate features ready: 0/6
2026-08-05 14:37:17,718 | INFO     | __main__                     | Similarity calc: target_audio=YES, target_acoustic=NO, candidates=6
2026-08-05 14:37:17,718 | INFO     | __main__                     | Similarity scores: [('Zahraab', 0.0), ('Aram', 0.0), ('Hameh Ja Keshid', 0.0)]
2026-08-05 14:37:17,719 | INFO     | __main__                     | Building features - target_audio: YES, genres: []
2026-08-05 14:37:39,987 | INFO     | deezer_helper                | [DEEZER] search query='Akharin Avaz Ali Zandevakili' limit=5
2026-08-05 14:37:42,122 | INFO     | deezer_helper                | [DEEZER] search query='Akharin Avaz Ali Zandevakili' -> 1 results
2026-08-05 14:37:43,910 | INFO     | __main__                     | Callback received: chat_id=240082844, data=pick_original
2026-08-05 14:37:46,201 | INFO     | deezer_helper                | [DEEZER] search query='Akharin Avaz Ali Zandevakili' limit=10
2026-08-05 14:37:48,054 | INFO     | deezer_helper                | [DEEZER] search query='Akharin Avaz Ali Zandevakili' -> 1 results
2026-08-05 14:37:48,055 | INFO     | deezer_helper                | [DEEZER] get_track id=1004409502
2026-08-05 14:37:49,592 | INFO     | deezer_helper                | [DEEZER] get_track id=1004409502 -> Ali Zandevakili - Akharin Avaz (genres=[])
2026-08-05 14:37:49,593 | INFO     | __main__                     | Fetched full track: Ali Zandevakili - Akharin Avaz (genres: [], artist_id: 12304508)
2026-08-05 14:37:49,594 | INFO     | deezer_helper                | [DEEZER] search query='Ali Zandevakili' limit=10
2026-08-05 14:37:50,131 | INFO     | deezer_helper                | [DEEZER] search query='Ali Zandevakili' -> 10 results
2026-08-05 14:37:50,132 | INFO     | __main__                     | Search 'Ali Zandevakili': found 10 tracks, best ID=12304508 (count=10)
2026-08-05 14:37:50,397 | INFO     | feature_cache                | [CACHE] Looking up features for track ID: 1004409502
2026-08-05 14:37:50,403 | INFO     | feature_cache                | [CACHE] ✓ Cache HIT for track ID: 1004409502
2026-08-05 14:37:50,404 | INFO     | feature_cache                | [CACHE]   Audio: BPM=89.1, Energy=0.2304
2026-08-05 14:37:50,408 | INFO     | __main__                     | Cache hit for: Ali Zandevakili - Akharin Avaz
2026-08-05 14:37:50,408 | INFO     | __main__                     | [FLOW] main track analyzed: audio=True acoustic=False
2026-08-05 14:37:50,985 | INFO     | lastfm_client                | Last.fm found 0 similar tracks for Ali Zandevakili - Akharin Avaz
2026-08-05 14:37:50,986 | INFO     | __main__                     | [FLOW] Last.fm similar for Akharin Avaz: 0 found
2026-08-05 14:37:50,987 | INFO     | deezer_helper                | [DEEZER] get_similar id=1004409502 limit=20
2026-08-05 14:37:51,658 | INFO     | deezer_helper                | [DEEZER] get_track id=1004409502
2026-08-05 14:37:52,820 | INFO     | deezer_helper                | [DEEZER] get_track id=1004409502 -> Ali Zandevakili - Akharin Avaz (genres=[])
2026-08-05 14:37:52,820 | INFO     | deezer_helper                | [DEEZER] get_artist_top id=12304508 limit=20
2026-08-05 14:37:53,624 | INFO     | deezer_helper                | [DEEZER] get_artist_top id=12304508 -> 0 results
2026-08-05 14:37:53,625 | INFO     | deezer_helper                | [DEEZER] search query='Ali Zandevakili' limit=25
2026-08-05 14:37:54,761 | INFO     | deezer_helper                | [DEEZER] search query='Ali Zandevakili' -> 25 results
2026-08-05 14:37:54,762 | INFO     | deezer_helper                | [DEEZER] get_similar id=1004409502 -> 20 results (artist_search)
2026-08-05 14:37:54,762 | INFO     | __main__                     | [FLOW] Deezer radio for Akharin Avaz: found 20 tracks
2026-08-05 14:37:54,763 | INFO     | deezer_helper                | [DEEZER] get_artist_top id=12304508 limit=10
2026-08-05 14:37:55,477 | INFO     | deezer_helper                | [DEEZER] get_artist_top id=12304508 -> 0 results
2026-08-05 14:37:55,479 | INFO     | __main__                     | Same artist tracks for Ali Zandevakili (ID: 12304508): 0 found
2026-08-05 14:37:55,480 | INFO     | __main__                     | Same artist tracks found: 0
2026-08-05 14:37:55,481 | INFO     | __main__                     | Different artist tracks found: 1
2026-08-05 14:37:55,482 | INFO     | __main__                     | Total similar tracks: 1
2026-08-05 14:37:55,483 | INFO     | feature_cache                | [CACHE] Looking up features for track ID: 770547192
2026-08-05 14:37:55,490 | INFO     | feature_cache                | [CACHE] Cache MISS for track ID: 770547192
2026-08-05 14:37:55,493 | INFO     | __main__                     | Analyzing track: Ali Zand Vakili - Jadeh Shab (fast=True)
2026-08-05 14:38:06,286 | ERROR    | musicbrainz_client           | MusicBrainz search error: 
2026-08-05 14:38:06,287 | INFO     | __main__                     | Analysis results for Ali Zand Vakili - Jadeh Shab:
2026-08-05 14:38:06,288 | INFO     | __main__                     |   Audio features: SKIPPED
2026-08-05 14:38:06,289 | INFO     | __main__                     |   MusicBrainz: NOT FOUND
2026-08-05 14:38:06,290 | INFO     | __main__                     |   AcousticBrainz: NOT FOUND
2026-08-05 14:38:06,290 | WARNING  | __main__                     | [FLOW] candidate analysis failed for Ali Zand Vakili - Jadeh Shab: 'NoneType' object has no attribute 'get'
2026-08-05 14:38:06,292 | INFO     | __main__                     | [FLOW] candidate features ready: 0/1
2026-08-05 14:38:06,292 | INFO     | __main__                     | Similarity calc: target_audio=YES, target_acoustic=NO, candidates=1
2026-08-05 14:38:06,294 | INFO     | __main__                     | Similarity scores: [('Jadeh Shab', 0.0)]
2026-08-05 14:38:06,295 | INFO     | __main__                     | Building features - target_audio: YES, genres: []
2026-08-05 14:38:06,296 | INFO     | __main__                     | [GENRE] Deezer genres empty for Ali Zandevakili - Akharin Avaz
2026-08-05 14:38:07,194 | INFO     | lastfm_client                | Last.fm artist tags for Ali Zandevakili: ['Persian', 'iran', 'Iranian']
2026-08-05 14:38:34,788 | INFO     | deezer_helper                | [DEEZER] search query='Yek Nafas Arezouye To Homayoun Shajarian' limit=5
2026-08-05 14:38:50,289 | WARNING  | deezer_helper                | [DEEZER] https://api.deezer.com/search/track error= retrying
2026-08-05 14:38:52,206 | INFO     | deezer_helper                | [DEEZER] search query='Yek Nafas Arezouye To Homayoun Shajarian' -> 2 results
2026-08-05 14:38:57,978 | INFO     | __main__                     | Callback received: chat_id=240082844, data=pick_original
2026-08-05 14:39:13,004 | WARNING  | __main__                     | Unhandled error: Timed out
2026-08-05 14:39:27,589 | INFO     | __main__                     | Callback received: chat_id=240082844, data=pick_original
2026-08-05 14:39:28,164 | INFO     | deezer_helper                | [DEEZER] search query='Yek Nafas Arezouye To Homayoun Shajarian' limit=10
2026-08-05 14:39:29,463 | INFO     | deezer_helper                | [DEEZER] search query='Yek Nafas Arezouye To Homayoun Shajarian' -> 2 results
2026-08-05 14:39:29,464 | INFO     | deezer_helper                | [DEEZER] get_track id=2474776021
2026-08-05 14:39:30,021 | INFO     | deezer_helper                | [DEEZER] get_track id=2474776021 -> Homayoun Shajarian - Yek Nafas Arezouye To (genres=[])
2026-08-05 14:39:30,022 | INFO     | __main__                     | Fetched full track: Homayoun Shajarian - Yek Nafas Arezouye To (genres: [], artist_id: 3481961)
2026-08-05 14:39:30,022 | INFO     | deezer_helper                | [DEEZER] search query='Homayoun Shajarian' limit=10
2026-08-05 14:39:30,360 | INFO     | deezer_helper                | [DEEZER] search query='Homayoun Shajarian' -> 10 results
2026-08-05 14:39:30,361 | INFO     | __main__                     | Search 'Homayoun Shajarian': found 10 tracks, best ID=3481961 (count=7)
2026-08-05 14:39:30,570 | INFO     | feature_cache                | [CACHE] Looking up features for track ID: 2474776021
2026-08-05 14:39:30,577 | INFO     | feature_cache                | [CACHE] ✓ Cache HIT for track ID: 2474776021
2026-08-05 14:39:30,578 | INFO     | feature_cache                | [CACHE]   Audio: BPM=103.4, Energy=0.2895
2026-08-05 14:39:30,583 | INFO     | __main__                     | Cache hit for: Homayoun Shajarian - Yek Nafas Arezouye To
2026-08-05 14:39:30,584 | INFO     | __main__                     | [FLOW] main track analyzed: audio=True acoustic=False
2026-08-05 14:39:31,500 | INFO     | lastfm_client                | Last.fm found 0 similar tracks for Homayoun Shajarian - Yek Nafas Arezouye To
2026-08-05 14:39:31,500 | INFO     | __main__                     | [FLOW] Last.fm similar for Yek Nafas Arezouye To: 0 found
2026-08-05 14:39:31,501 | INFO     | deezer_helper                | [DEEZER] get_similar id=2474776021 limit=20
2026-08-05 14:39:31,792 | INFO     | deezer_helper                | [DEEZER] get_track id=2474776021
2026-08-05 14:39:32,833 | INFO     | deezer_helper                | [DEEZER] get_track id=2474776021 -> Homayoun Shajarian - Yek Nafas Arezouye To (genres=[])
2026-08-05 14:39:32,834 | INFO     | deezer_helper                | [DEEZER] get_artist_top id=3481961 limit=20
2026-08-05 14:39:33,112 | INFO     | deezer_helper                | [DEEZER] get_artist_top id=3481961 -> 1 results
2026-08-05 14:39:33,113 | INFO     | deezer_helper                | [DEEZER] get_similar id=2474776021 -> 1 results (artist_top)
2026-08-05 14:39:33,114 | INFO     | __main__                     | [FLOW] Deezer radio for Yek Nafas Arezouye To: found 1 tracks
2026-08-05 14:39:33,114 | INFO     | deezer_helper                | [DEEZER] get_artist_top id=3481961 limit=10
2026-08-05 14:39:33,422 | INFO     | deezer_helper                | [DEEZER] get_artist_top id=3481961 -> 1 results
2026-08-05 14:39:33,423 | INFO     | __main__                     | Same artist tracks for Homayoun Shajarian (ID: 3481961): 1 found
2026-08-05 14:39:33,424 | INFO     | __main__                     |   Added same artist: Homayoun Shajarian - Musighi Filme Arayeshe Ghaliz Dow (Che Danestam)
2026-08-05 14:39:33,425 | INFO     | __main__                     | Same artist tracks found: 1
2026-08-05 14:39:33,426 | INFO     | __main__                     | Different artist tracks found: 0
2026-08-05 14:39:33,427 | INFO     | __main__                     | Total similar tracks: 1
2026-08-05 14:39:33,428 | INFO     | feature_cache                | [CACHE] Looking up features for track ID: 3153329111
2026-08-05 14:39:33,433 | INFO     | feature_cache                | [CACHE] Cache MISS for track ID: 3153329111
2026-08-05 14:39:33,436 | INFO     | __main__                     | Analyzing track: Homayoun Shajarian - Musighi Filme Arayeshe Ghaliz Dow (Che Danestam) (fast=True)
2026-08-05 14:39:35,341 | INFO     | musicbrainz_client           | No MusicBrainz recording found for Homayoun Shajarian - Musighi Filme Arayeshe Ghaliz Dow (Che Danestam)
2026-08-05 14:39:35,342 | INFO     | __main__                     | Analysis results for Homayoun Shajarian - Musighi Filme Arayeshe Ghaliz Dow (Che Danestam):
2026-08-05 14:39:35,343 | INFO     | __main__                     |   Audio features: SKIPPED
2026-08-05 14:39:35,344 | INFO     | __main__                     |   MusicBrainz: NOT FOUND
2026-08-05 14:39:35,345 | INFO     | __main__                     |   AcousticBrainz: NOT FOUND
2026-08-05 14:39:35,346 | WARNING  | __main__                     | [FLOW] candidate analysis failed for Homayoun Shajarian - Musighi Filme Arayeshe Ghaliz Dow (Che Danestam): 'NoneType' object has no attribute 'get'
2026-08-05 14:39:35,347 | INFO     | __main__                     | [FLOW] candidate features ready: 0/1
2026-08-05 14:39:35,348 | INFO     | __main__                     | Similarity calc: target_audio=YES, target_acoustic=NO, candidates=1
2026-08-05 14:39:35,349 | INFO     | __main__                     | Similarity scores: [('Musighi Filme Arayeshe Ghaliz Dow (Che Danestam)', 0.0)]
2026-08-05 14:39:35,350 | INFO     | __main__                     | Building features - target_audio: YES, genres: []
2026-08-05 14:53:44,159 | INFO     | bot                          | Loaded Persian genre database: 203 artists
2026-08-05 14:53:44,199 | INFO     | user_prefs                   | [USER_DB] init_db: tables created; PATH=C:\Users\Saeid\AppData\Local\Temp\tmpciblzes3\t.db
2026-08-05 14:53:44,199 | INFO     | bot                          | Callback received: chat_id=999, data=lang_fa
2026-08-05 14:53:44,207 | INFO     | user_prefs                   | [USER_DB] set_user_language user=240082844 lang=fa
2026-08-05 14:53:44,207 | WARNING  | bot                          | keyboard refresh failed: cannot access local variable 'msg' where it is not associated with a value
2026-08-05 14:53:44,210 | INFO     | bot                          | [STEP 1] User 240082844: Received text: 🔍 Search...
2026-08-05 14:53:44,211 | INFO     | bot                          | [STEP 1] User 240082844: Received text: 📋 لیست من...
2026-08-05 14:53:44,213 | INFO     | user_prefs                   | [PLAYLIST_DB] get_user_playlist user=240082844 -> 0 rows
2026-08-05 14:53:44,213 | INFO     | user_prefs                   | [PLAYLIST_DB] get_user_taste_profile user=240082844
2026-08-05 14:53:44,217 | INFO     | user_prefs                   | [PLAYLIST_DB] taste_profile user=240082844 -> total=0 recognized=0 tracks=0 bpm=0.0 energy=0.00 valence=0.00 genres=[] langs=[]
2026-08-05 14:53:44,218 | INFO     | bot                          | [STEP 1] User 240082844: Received text: ➕ Add to Playlist...
2026-08-05 14:53:44,218 | INFO     | bot                          | [STEP 2] User 240082844: Entering playlist mode
2026-08-05 14:55:53,972 | INFO     | bot                          | Loaded Persian genre database: 203 artists
2026-08-05 14:55:54,019 | INFO     | user_prefs                   | [USER_DB] init_db: tables created; PATH=C:\Users\Saeid\AppData\Local\Temp\tmp4jeb3czr\t.db
2026-08-05 14:55:54,028 | INFO     | user_prefs                   | [USER_DB] set_user_language user=240082844 lang=en
2026-08-05 14:55:54,028 | INFO     | bot                          | [STEP 1] User 888000: Received text: 🔍 Search...
2026-08-05 14:55:54,031 | INFO     | bot                          | Callback received: chat_id=999, data=lang_fa
2026-08-05 14:55:54,038 | INFO     | user_prefs                   | [USER_DB] set_user_language user=240082844 lang=fa
2026-08-05 14:55:54,038 | WARNING  | bot                          | keyboard refresh failed: cannot access local variable 'msg' where it is not associated with a value
2026-08-05 14:55:54,042 | INFO     | bot                          | [STEP 1] User 240082844: Received text: 🔍 Search...
2026-08-05 14:55:54,042 | INFO     | bot                          | [STEP 1] User 240082844: Received text: 📋 لیست من...
2026-08-05 14:55:54,045 | INFO     | user_prefs                   | [PLAYLIST_DB] get_user_playlist user=240082844 -> 0 rows
2026-08-05 14:55:54,045 | INFO     | user_prefs                   | [PLAYLIST_DB] get_user_taste_profile user=240082844
2026-08-05 14:55:54,050 | INFO     | user_prefs                   | [PLAYLIST_DB] taste_profile user=240082844 -> total=0 recognized=0 tracks=0 bpm=0.0 energy=0.00 valence=0.00 genres=[] langs=[]
2026-08-05 14:55:54,051 | INFO     | bot                          | [STEP 1] User 240082844: Received text: ➕ Add to Playlist...
2026-08-05 14:55:54,051 | INFO     | bot                          | [STEP 2] User 240082844: Entering playlist mode
